ISO-10303-21;
HEADER;
/* Generated by software containing ST-Developer
 * from STEP Tools, Inc. (www.steptools.com) 
 */

FILE_DESCRIPTION(
/* description */ (''),
/* implementation_level */ '2;1');

FILE_NAME(
/* name */ 'FlyMetal_AL_M_S.step',
/* time_stamp */ '2025-12-09T11:55:49-05:00',
/* author */ (''),
/* organization */ (''),
/* preprocessor_version */ 'ST-DEVELOPER v20.1',
/* originating_system */ 'Autodesk Translation Framework v14.21.0.0',
/* authorisation */ '');

FILE_SCHEMA (('AUTOMOTIVE_DESIGN { 1 0 10303 214 3 1 1 }'));
ENDSEC;

DATA;
#10=MECHANICAL_DESIGN_GEOMETRIC_PRESENTATION_REPRESENTATION('',(#13),#3815);
#11=SHAPE_REPRESENTATION_RELATIONSHIP('SRR','None',#3825,#12);
#12=ADVANCED_BREP_SHAPE_REPRESENTATION('',(#14),#3814);
#13=STYLED_ITEM('',(#3834),#14);
#14=MANIFOLD_SOLID_BREP('Body1',#2185);
#15=FACE_BOUND('',#280,.T.);
#16=FACE_BOUND('',#281,.T.);
#17=FACE_BOUND('',#282,.T.);
#18=FACE_BOUND('',#283,.T.);
#19=FACE_BOUND('',#284,.T.);
#20=FACE_BOUND('',#285,.T.);
#21=FACE_BOUND('',#286,.T.);
#22=FACE_BOUND('',#287,.T.);
#23=FACE_BOUND('',#288,.T.);
#24=FACE_BOUND('',#289,.T.);
#25=FACE_BOUND('',#290,.T.);
#26=FACE_BOUND('',#292,.T.);
#27=FACE_BOUND('',#293,.T.);
#28=FACE_BOUND('',#294,.T.);
#29=FACE_BOUND('',#295,.T.);
#30=FACE_BOUND('',#296,.T.);
#31=FACE_BOUND('',#297,.T.);
#32=FACE_BOUND('',#298,.T.);
#33=FACE_BOUND('',#299,.T.);
#34=FACE_BOUND('',#300,.T.);
#35=FACE_BOUND('',#301,.T.);
#36=FACE_BOUND('',#302,.T.);
#37=CIRCLE('',#2242,0.0216535433070865);
#38=CIRCLE('',#2243,0.0216535433070865);
#39=CIRCLE('',#2245,0.0216535433070865);
#40=CIRCLE('',#2246,0.0216535433070865);
#41=CIRCLE('',#2260,0.0216535433070865);
#42=CIRCLE('',#2261,0.0216535433070865);
#43=CIRCLE('',#2263,0.0216535433070865);
#44=CIRCLE('',#2264,0.0216535433070865);
#45=CIRCLE('',#2266,0.0216535433070865);
#46=CIRCLE('',#2267,0.0216535433070865);
#47=CIRCLE('',#2269,0.0216535433070865);
#48=CIRCLE('',#2270,0.0216535433070865);
#49=CYLINDRICAL_SURFACE('',#2241,0.0216535433070865);
#50=CYLINDRICAL_SURFACE('',#2244,0.0216535433070865);
#51=CYLINDRICAL_SURFACE('',#2259,0.0216535433070865);
#52=CYLINDRICAL_SURFACE('',#2262,0.0216535433070865);
#53=CYLINDRICAL_SURFACE('',#2265,0.0216535433070865);
#54=CYLINDRICAL_SURFACE('',#2268,0.0216535433070865);
#55=(
BOUNDED_CURVE()
B_SPLINE_CURVE(5,(#2889,#2890,#2891,#2892,#2893,#2894,#2895,#2896,#2897,
#2898,#2899,#2900,#2901,#2902,#2903),.UNSPECIFIED.,.F.,.F.)
B_SPLINE_CURVE_WITH_KNOTS((6,1,1,1,1,1,1,1,1,1,6),(0.,0.1,0.2,0.3,0.4,0.5,
0.6,0.7,0.8,0.9,1.),.UNSPECIFIED.)
CURVE()
GEOMETRIC_REPRESENTATION_ITEM()
RATIONAL_B_SPLINE_CURVE((1.,1.,1.,1.,1.,1.,1.,1.,1.,1.,1.,1.,1.,1.,1.))
REPRESENTATION_ITEM('')
);
#56=(
BOUNDED_CURVE()
B_SPLINE_CURVE(5,(#2983,#2984,#2985,#2986,#2987,#2988,#2989,#2990,#2991,
#2992,#2993,#2994,#2995,#2996,#2997),.UNSPECIFIED.,.F.,.F.)
B_SPLINE_CURVE_WITH_KNOTS((6,1,1,1,1,1,1,1,1,1,6),(-1.,-0.9,-0.8,-0.7,-0.6,
-0.5,-0.4,-0.3,-0.2,-0.1,0.),.UNSPECIFIED.)
CURVE()
GEOMETRIC_REPRESENTATION_ITEM()
RATIONAL_B_SPLINE_CURVE((1.,1.,1.,1.,1.,1.,1.,1.,1.,1.,1.,1.,1.,1.,1.))
REPRESENTATION_ITEM('')
);
#57=(
BOUNDED_CURVE()
B_SPLINE_CURVE(5,(#3077,#3078,#3079,#3080,#3081,#3082,#3083,#3084,#3085,
#3086,#3087,#3088,#3089,#3090,#3091),.UNSPECIFIED.,.F.,.F.)
B_SPLINE_CURVE_WITH_KNOTS((6,1,1,1,1,1,1,1,1,1,6),(0.,0.1,0.2,0.3,0.4,0.5,
0.6,0.7,0.8,0.9,1.),.UNSPECIFIED.)
CURVE()
GEOMETRIC_REPRESENTATION_ITEM()
RATIONAL_B_SPLINE_CURVE((1.,1.,1.,1.,1.,1.,1.,1.,1.,1.,1.,1.,1.,1.,1.))
REPRESENTATION_ITEM('')
);
#58=(
BOUNDED_CURVE()
B_SPLINE_CURVE(5,(#3183,#3184,#3185,#3186,#3187,#3188,#3189,#3190,#3191,
#3192,#3193,#3194,#3195,#3196,#3197),.UNSPECIFIED.,.F.,.F.)
B_SPLINE_CURVE_WITH_KNOTS((6,1,1,1,1,1,1,1,1,1,6),(-1.,-0.9,-0.8,-0.7,-0.6,
-0.5,-0.4,-0.3,-0.2,-0.1,0.),.UNSPECIFIED.)
CURVE()
GEOMETRIC_REPRESENTATION_ITEM()
RATIONAL_B_SPLINE_CURVE((1.,1.,1.,1.,1.,1.,1.,1.,1.,1.,1.,1.,1.,1.,1.))
REPRESENTATION_ITEM('')
);
#59=(
BOUNDED_CURVE()
B_SPLINE_CURVE(5,(#3289,#3290,#3291,#3292,#3293,#3294,#3295,#3296,#3297,
#3298,#3299,#3300,#3301,#3302,#3303),.UNSPECIFIED.,.F.,.F.)
B_SPLINE_CURVE_WITH_KNOTS((6,1,1,1,1,1,1,1,1,1,6),(0.,0.1,0.2,0.3,0.4,0.5,
0.6,0.7,0.8,0.9,1.),.UNSPECIFIED.)
CURVE()
GEOMETRIC_REPRESENTATION_ITEM()
RATIONAL_B_SPLINE_CURVE((1.,1.,1.,1.,1.,1.,1.,1.,1.,1.,1.,1.,1.,1.,1.))
REPRESENTATION_ITEM('')
);
#60=(
BOUNDED_CURVE()
B_SPLINE_CURVE(5,(#3383,#3384,#3385,#3386,#3387,#3388,#3389,#3390,#3391,
#3392,#3393,#3394,#3395,#3396,#3397),.UNSPECIFIED.,.F.,.F.)
B_SPLINE_CURVE_WITH_KNOTS((6,1,1,1,1,1,1,1,1,1,6),(-1.,-0.9,-0.8,-0.7,-0.6,
-0.5,-0.4,-0.3,-0.2,-0.1,0.),.UNSPECIFIED.)
CURVE()
GEOMETRIC_REPRESENTATION_ITEM()
RATIONAL_B_SPLINE_CURVE((1.,1.,1.,1.,1.,1.,1.,1.,1.,1.,1.,1.,1.,1.,1.))
REPRESENTATION_ITEM('')
);
#61=B_SPLINE_CURVE_WITH_KNOTS('',3,(#2860,#2861,#2862,#2863,#2864,#2865,
#2866,#2867,#2868,#2869,#2870,#2871,#2872,#2873,#2874,#2875,#2876,#2877,
#2878,#2879,#2880,#2881,#2882,#2883,#2884,#2885,#2886,#2887),
 .UNSPECIFIED.,.F.,.F.,(4,3,3,3,3,3,3,3,3,4),(0.,0.0191188576669992,0.0342629431686645,
0.0467430153635444,0.0585830631464313,0.0738976622785976,0.0858115127436226,
0.101193330117297,0.119876893129079,0.128837717925834),.UNSPECIFIED.);
#62=B_SPLINE_CURVE_WITH_KNOTS('',3,(#2966,#2967,#2968,#2969,#2970,#2971,
#2972,#2973,#2974,#2975,#2976,#2977,#2978,#2979,#2980,#2981),
 .UNSPECIFIED.,.F.,.F.,(4,3,3,3,3,4),(0.,0.0220133853758986,0.0427287644656745,
0.0614100704246279,0.0861810831373841,0.099363732393583),.UNSPECIFIED.);
#63=B_SPLINE_CURVE_WITH_KNOTS('',3,(#3060,#3061,#3062,#3063,#3064,#3065,
#3066,#3067,#3068,#3069,#3070,#3071,#3072,#3073,#3074,#3075),
 .UNSPECIFIED.,.F.,.F.,(4,3,3,3,3,4),(0.,0.0220133856133956,0.0427287649190877,
0.0614100710756472,0.0861810840380286,0.0993637334347897),.UNSPECIFIED.);
#64=B_SPLINE_CURVE_WITH_KNOTS('',3,(#3154,#3155,#3156,#3157,#3158,#3159,
#3160,#3161,#3162,#3163,#3164,#3165,#3166,#3167,#3168,#3169,#3170,#3171,
#3172,#3173,#3174,#3175,#3176,#3177,#3178,#3179,#3180,#3181),
 .UNSPECIFIED.,.F.,.F.,(4,3,3,3,3,3,3,3,3,4),(0.,0.0191306462838957,0.0342787640382064,
0.046760866131875,0.0586036905717134,0.0739246348580817,0.0858431975423677,
0.101229046309798,0.119914194012273,0.128873661524725),.UNSPECIFIED.);
#65=B_SPLINE_CURVE_WITH_KNOTS('',3,(#3260,#3261,#3262,#3263,#3264,#3265,
#3266,#3267,#3268,#3269,#3270,#3271,#3272,#3273,#3274,#3275,#3276,#3277,
#3278,#3279,#3280,#3281,#3282,#3283,#3284,#3285,#3286,#3287),
 .UNSPECIFIED.,.F.,.F.,(4,3,3,3,3,3,3,3,3,4),(0.,0.0179883544527516,0.0321270959611116,
0.0437674782008096,0.0549539939586422,0.0688846439723582,0.0800926138101701,
0.0945488788159074,0.112602460750223,0.119366836326961),.UNSPECIFIED.);
#66=B_SPLINE_CURVE_WITH_KNOTS('',3,(#3366,#3367,#3368,#3369,#3370,#3371,
#3372,#3373,#3374,#3375,#3376,#3377,#3378,#3379,#3380,#3381),
 .UNSPECIFIED.,.F.,.F.,(4,3,3,3,3,4),(0.,0.0130195267579265,0.0255317197145406,
0.0363897719036416,0.0518634154658106,0.0619408429785289),.UNSPECIFIED.);
#67=(
BOUNDED_SURFACE()
B_SPLINE_SURFACE(5,1,((#2829,#2830),(#2831,#2832),(#2833,#2834),(#2835,
#2836),(#2837,#2838),(#2839,#2840),(#2841,#2842),(#2843,#2844),(#2845,#2846),
(#2847,#2848),(#2849,#2850),(#2851,#2852),(#2853,#2854),(#2855,#2856),(#2857,
#2858)),.UNSPECIFIED.,.F.,.F.,.F.)
B_SPLINE_SURFACE_WITH_KNOTS((6,1,1,1,1,1,1,1,1,1,6),(2,2),(0.,0.1,0.2,0.3,
0.4,0.5,0.6,0.7,0.8,0.9,1.),(0.,0.0889),.UNSPECIFIED.)
GEOMETRIC_REPRESENTATION_ITEM()
RATIONAL_B_SPLINE_SURFACE(((1.,1.),(1.,1.),(1.,1.),(1.,1.),(1.,1.),(1.,
1.),(1.,1.),(1.,1.),(1.,1.),(1.,1.),(1.,1.),(1.,1.),(1.,1.),(1.,1.),(1.,
1.)))
REPRESENTATION_ITEM('')
SURFACE()
);
#68=(
BOUNDED_SURFACE()
B_SPLINE_SURFACE(5,1,((#2935,#2936),(#2937,#2938),(#2939,#2940),(#2941,
#2942),(#2943,#2944),(#2945,#2946),(#2947,#2948),(#2949,#2950),(#2951,#2952),
(#2953,#2954),(#2955,#2956),(#2957,#2958),(#2959,#2960),(#2961,#2962),(#2963,
#2964)),.UNSPECIFIED.,.F.,.F.,.F.)
B_SPLINE_SURFACE_WITH_KNOTS((6,1,1,1,1,1,1,1,1,1,6),(2,2),(-1.,-0.9,-0.8,
-0.7,-0.6,-0.5,-0.4,-0.3,-0.2,-0.1,0.),(0.,0.0889),.UNSPECIFIED.)
GEOMETRIC_REPRESENTATION_ITEM()
RATIONAL_B_SPLINE_SURFACE(((1.,1.),(1.,1.),(1.,1.),(1.,1.),(1.,1.),(1.,
1.),(1.,1.),(1.,1.),(1.,1.),(1.,1.),(1.,1.),(1.,1.),(1.,1.),(1.,1.),(1.,
1.)))
REPRESENTATION_ITEM('')
SURFACE()
);
#69=(
BOUNDED_SURFACE()
B_SPLINE_SURFACE(5,1,((#3029,#3030),(#3031,#3032),(#3033,#3034),(#3035,
#3036),(#3037,#3038),(#3039,#3040),(#3041,#3042),(#3043,#3044),(#3045,#3046),
(#3047,#3048),(#3049,#3050),(#3051,#3052),(#3053,#3054),(#3055,#3056),(#3057,
#3058)),.UNSPECIFIED.,.F.,.F.,.F.)
B_SPLINE_SURFACE_WITH_KNOTS((6,1,1,1,1,1,1,1,1,1,6),(2,2),(0.,0.1,0.2,0.3,
0.4,0.5,0.6,0.7,0.8,0.9,1.),(0.,0.889),.UNSPECIFIED.)
GEOMETRIC_REPRESENTATION_ITEM()
RATIONAL_B_SPLINE_SURFACE(((1.,1.),(1.,1.),(1.,1.),(1.,1.),(1.,1.),(1.,
1.),(1.,1.),(1.,1.),(1.,1.),(1.,1.),(1.,1.),(1.,1.),(1.,1.),(1.,1.),(1.,
1.)))
REPRESENTATION_ITEM('')
SURFACE()
);
#70=(
BOUNDED_SURFACE()
B_SPLINE_SURFACE(5,1,((#3123,#3124),(#3125,#3126),(#3127,#3128),(#3129,
#3130),(#3131,#3132),(#3133,#3134),(#3135,#3136),(#3137,#3138),(#3139,#3140),
(#3141,#3142),(#3143,#3144),(#3145,#3146),(#3147,#3148),(#3149,#3150),(#3151,
#3152)),.UNSPECIFIED.,.F.,.F.,.F.)
B_SPLINE_SURFACE_WITH_KNOTS((6,1,1,1,1,1,1,1,1,1,6),(2,2),(-1.,-0.9,-0.8,
-0.7,-0.6,-0.5,-0.4,-0.3,-0.2,-0.1,0.),(0.,0.889),.UNSPECIFIED.)
GEOMETRIC_REPRESENTATION_ITEM()
RATIONAL_B_SPLINE_SURFACE(((1.,1.),(1.,1.),(1.,1.),(1.,1.),(1.,1.),(1.,
1.),(1.,1.),(1.,1.),(1.,1.),(1.,1.),(1.,1.),(1.,1.),(1.,1.),(1.,1.),(1.,
1.)))
REPRESENTATION_ITEM('')
SURFACE()
);
#71=(
BOUNDED_SURFACE()
B_SPLINE_SURFACE(5,1,((#3229,#3230),(#3231,#3232),(#3233,#3234),(#3235,
#3236),(#3237,#3238),(#3239,#3240),(#3241,#3242),(#3243,#3244),(#3245,#3246),
(#3247,#3248),(#3249,#3250),(#3251,#3252),(#3253,#3254),(#3255,#3256),(#3257,
#3258)),.UNSPECIFIED.,.F.,.F.,.F.)
B_SPLINE_SURFACE_WITH_KNOTS((6,1,1,1,1,1,1,1,1,1,6),(2,2),(0.,0.1,0.2,0.3,
0.4,0.5,0.6,0.7,0.8,0.9,1.),(0.,0.2032),.UNSPECIFIED.)
GEOMETRIC_REPRESENTATION_ITEM()
RATIONAL_B_SPLINE_SURFACE(((1.,1.),(1.,1.),(1.,1.),(1.,1.),(1.,1.),(1.,
1.),(1.,1.),(1.,1.),(1.,1.),(1.,1.),(1.,1.),(1.,1.),(1.,1.),(1.,1.),(1.,
1.)))
REPRESENTATION_ITEM('')
SURFACE()
);
#72=(
BOUNDED_SURFACE()
B_SPLINE_SURFACE(5,1,((#3335,#3336),(#3337,#3338),(#3339,#3340),(#3341,
#3342),(#3343,#3344),(#3345,#3346),(#3347,#3348),(#3349,#3350),(#3351,#3352),
(#3353,#3354),(#3355,#3356),(#3357,#3358),(#3359,#3360),(#3361,#3362),(#3363,
#3364)),.UNSPECIFIED.,.F.,.F.,.F.)
B_SPLINE_SURFACE_WITH_KNOTS((6,1,1,1,1,1,1,1,1,1,6),(2,2),(-1.,-0.9,-0.8,
-0.7,-0.6,-0.5,-0.4,-0.3,-0.2,-0.1,0.),(0.,0.2032),.UNSPECIFIED.)
GEOMETRIC_REPRESENTATION_ITEM()
RATIONAL_B_SPLINE_SURFACE(((1.,1.),(1.,1.),(1.,1.),(1.,1.),(1.,1.),(1.,
1.),(1.,1.),(1.,1.),(1.,1.),(1.,1.),(1.,1.),(1.,1.),(1.,1.),(1.,1.),(1.,
1.)))
REPRESENTATION_ITEM('')
SURFACE()
);
#73=FACE_OUTER_BOUND('',#177,.T.);
#74=FACE_OUTER_BOUND('',#178,.T.);
#75=FACE_OUTER_BOUND('',#179,.T.);
#76=FACE_OUTER_BOUND('',#180,.T.);
#77=FACE_OUTER_BOUND('',#181,.T.);
#78=FACE_OUTER_BOUND('',#182,.T.);
#79=FACE_OUTER_BOUND('',#183,.T.);
#80=FACE_OUTER_BOUND('',#184,.T.);
#81=FACE_OUTER_BOUND('',#185,.T.);
#82=FACE_OUTER_BOUND('',#186,.T.);
#83=FACE_OUTER_BOUND('',#187,.T.);
#84=FACE_OUTER_BOUND('',#188,.T.);
#85=FACE_OUTER_BOUND('',#189,.T.);
#86=FACE_OUTER_BOUND('',#190,.T.);
#87=FACE_OUTER_BOUND('',#191,.T.);
#88=FACE_OUTER_BOUND('',#192,.T.);
#89=FACE_OUTER_BOUND('',#193,.T.);
#90=FACE_OUTER_BOUND('',#194,.T.);
#91=FACE_OUTER_BOUND('',#195,.T.);
#92=FACE_OUTER_BOUND('',#196,.T.);
#93=FACE_OUTER_BOUND('',#197,.T.);
#94=FACE_OUTER_BOUND('',#198,.T.);
#95=FACE_OUTER_BOUND('',#199,.T.);
#96=FACE_OUTER_BOUND('',#200,.T.);
#97=FACE_OUTER_BOUND('',#201,.T.);
#98=FACE_OUTER_BOUND('',#202,.T.);
#99=FACE_OUTER_BOUND('',#203,.T.);
#100=FACE_OUTER_BOUND('',#204,.T.);
#101=FACE_OUTER_BOUND('',#205,.T.);
#102=FACE_OUTER_BOUND('',#206,.T.);
#103=FACE_OUTER_BOUND('',#207,.T.);
#104=FACE_OUTER_BOUND('',#208,.T.);
#105=FACE_OUTER_BOUND('',#209,.T.);
#106=FACE_OUTER_BOUND('',#210,.T.);
#107=FACE_OUTER_BOUND('',#211,.T.);
#108=FACE_OUTER_BOUND('',#212,.T.);
#109=FACE_OUTER_BOUND('',#213,.T.);
#110=FACE_OUTER_BOUND('',#214,.T.);
#111=FACE_OUTER_BOUND('',#215,.T.);
#112=FACE_OUTER_BOUND('',#216,.T.);
#113=FACE_OUTER_BOUND('',#217,.T.);
#114=FACE_OUTER_BOUND('',#218,.T.);
#115=FACE_OUTER_BOUND('',#219,.T.);
#116=FACE_OUTER_BOUND('',#220,.T.);
#117=FACE_OUTER_BOUND('',#221,.T.);
#118=FACE_OUTER_BOUND('',#222,.T.);
#119=FACE_OUTER_BOUND('',#223,.T.);
#120=FACE_OUTER_BOUND('',#224,.T.);
#121=FACE_OUTER_BOUND('',#225,.T.);
#122=FACE_OUTER_BOUND('',#226,.T.);
#123=FACE_OUTER_BOUND('',#227,.T.);
#124=FACE_OUTER_BOUND('',#228,.T.);
#125=FACE_OUTER_BOUND('',#229,.T.);
#126=FACE_OUTER_BOUND('',#230,.T.);
#127=FACE_OUTER_BOUND('',#231,.T.);
#128=FACE_OUTER_BOUND('',#232,.T.);
#129=FACE_OUTER_BOUND('',#233,.T.);
#130=FACE_OUTER_BOUND('',#234,.T.);
#131=FACE_OUTER_BOUND('',#235,.T.);
#132=FACE_OUTER_BOUND('',#236,.T.);
#133=FACE_OUTER_BOUND('',#237,.T.);
#134=FACE_OUTER_BOUND('',#238,.T.);
#135=FACE_OUTER_BOUND('',#239,.T.);
#136=FACE_OUTER_BOUND('',#240,.T.);
#137=FACE_OUTER_BOUND('',#241,.T.);
#138=FACE_OUTER_BOUND('',#242,.T.);
#139=FACE_OUTER_BOUND('',#243,.T.);
#140=FACE_OUTER_BOUND('',#244,.T.);
#141=FACE_OUTER_BOUND('',#245,.T.);
#142=FACE_OUTER_BOUND('',#246,.T.);
#143=FACE_OUTER_BOUND('',#247,.T.);
#144=FACE_OUTER_BOUND('',#248,.T.);
#145=FACE_OUTER_BOUND('',#249,.T.);
#146=FACE_OUTER_BOUND('',#250,.T.);
#147=FACE_OUTER_BOUND('',#251,.T.);
#148=FACE_OUTER_BOUND('',#252,.T.);
#149=FACE_OUTER_BOUND('',#253,.T.);
#150=FACE_OUTER_BOUND('',#254,.T.);
#151=FACE_OUTER_BOUND('',#255,.T.);
#152=FACE_OUTER_BOUND('',#256,.T.);
#153=FACE_OUTER_BOUND('',#257,.T.);
#154=FACE_OUTER_BOUND('',#258,.T.);
#155=FACE_OUTER_BOUND('',#259,.T.);
#156=FACE_OUTER_BOUND('',#260,.T.);
#157=FACE_OUTER_BOUND('',#261,.T.);
#158=FACE_OUTER_BOUND('',#262,.T.);
#159=FACE_OUTER_BOUND('',#263,.T.);
#160=FACE_OUTER_BOUND('',#264,.T.);
#161=FACE_OUTER_BOUND('',#265,.T.);
#162=FACE_OUTER_BOUND('',#266,.T.);
#163=FACE_OUTER_BOUND('',#267,.T.);
#164=FACE_OUTER_BOUND('',#268,.T.);
#165=FACE_OUTER_BOUND('',#269,.T.);
#166=FACE_OUTER_BOUND('',#270,.T.);
#167=FACE_OUTER_BOUND('',#271,.T.);
#168=FACE_OUTER_BOUND('',#272,.T.);
#169=FACE_OUTER_BOUND('',#273,.T.);
#170=FACE_OUTER_BOUND('',#274,.T.);
#171=FACE_OUTER_BOUND('',#275,.T.);
#172=FACE_OUTER_BOUND('',#276,.T.);
#173=FACE_OUTER_BOUND('',#277,.T.);
#174=FACE_OUTER_BOUND('',#278,.T.);
#175=FACE_OUTER_BOUND('',#279,.T.);
#176=FACE_OUTER_BOUND('',#291,.T.);
#177=EDGE_LOOP('',(#1377,#1378,#1379,#1380));
#178=EDGE_LOOP('',(#1381,#1382,#1383,#1384));
#179=EDGE_LOOP('',(#1385,#1386,#1387,#1388));
#180=EDGE_LOOP('',(#1389,#1390,#1391,#1392));
#181=EDGE_LOOP('',(#1393,#1394,#1395,#1396));
#182=EDGE_LOOP('',(#1397,#1398,#1399,#1400));
#183=EDGE_LOOP('',(#1401,#1402,#1403,#1404));
#184=EDGE_LOOP('',(#1405,#1406,#1407,#1408));
#185=EDGE_LOOP('',(#1409,#1410,#1411,#1412));
#186=EDGE_LOOP('',(#1413,#1414,#1415,#1416));
#187=EDGE_LOOP('',(#1417,#1418,#1419,#1420));
#188=EDGE_LOOP('',(#1421,#1422,#1423,#1424));
#189=EDGE_LOOP('',(#1425,#1426,#1427,#1428));
#190=EDGE_LOOP('',(#1429,#1430,#1431,#1432));
#191=EDGE_LOOP('',(#1433,#1434,#1435,#1436));
#192=EDGE_LOOP('',(#1437,#1438,#1439,#1440));
#193=EDGE_LOOP('',(#1441,#1442,#1443,#1444));
#194=EDGE_LOOP('',(#1445,#1446,#1447,#1448));
#195=EDGE_LOOP('',(#1449,#1450,#1451,#1452));
#196=EDGE_LOOP('',(#1453,#1454,#1455,#1456));
#197=EDGE_LOOP('',(#1457,#1458,#1459,#1460));
#198=EDGE_LOOP('',(#1461,#1462,#1463,#1464));
#199=EDGE_LOOP('',(#1465,#1466,#1467,#1468));
#200=EDGE_LOOP('',(#1469,#1470,#1471,#1472));
#201=EDGE_LOOP('',(#1473,#1474,#1475,#1476));
#202=EDGE_LOOP('',(#1477,#1478,#1479,#1480));
#203=EDGE_LOOP('',(#1481,#1482,#1483,#1484));
#204=EDGE_LOOP('',(#1485,#1486,#1487,#1488));
#205=EDGE_LOOP('',(#1489,#1490,#1491,#1492));
#206=EDGE_LOOP('',(#1493,#1494,#1495,#1496));
#207=EDGE_LOOP('',(#1497,#1498,#1499,#1500));
#208=EDGE_LOOP('',(#1501,#1502,#1503,#1504));
#209=EDGE_LOOP('',(#1505,#1506,#1507,#1508));
#210=EDGE_LOOP('',(#1509,#1510,#1511,#1512));
#211=EDGE_LOOP('',(#1513,#1514,#1515,#1516));
#212=EDGE_LOOP('',(#1517,#1518,#1519,#1520));
#213=EDGE_LOOP('',(#1521,#1522,#1523,#1524));
#214=EDGE_LOOP('',(#1525,#1526,#1527,#1528));
#215=EDGE_LOOP('',(#1529,#1530,#1531,#1532));
#216=EDGE_LOOP('',(#1533,#1534,#1535,#1536));
#217=EDGE_LOOP('',(#1537,#1538,#1539,#1540));
#218=EDGE_LOOP('',(#1541,#1542,#1543,#1544));
#219=EDGE_LOOP('',(#1545,#1546,#1547,#1548));
#220=EDGE_LOOP('',(#1549,#1550,#1551,#1552));
#221=EDGE_LOOP('',(#1553,#1554,#1555,#1556));
#222=EDGE_LOOP('',(#1557,#1558,#1559,#1560));
#223=EDGE_LOOP('',(#1561,#1562,#1563,#1564));
#224=EDGE_LOOP('',(#1565,#1566,#1567,#1568));
#225=EDGE_LOOP('',(#1569,#1570,#1571,#1572));
#226=EDGE_LOOP('',(#1573,#1574,#1575,#1576));
#227=EDGE_LOOP('',(#1577,#1578,#1579,#1580));
#228=EDGE_LOOP('',(#1581,#1582,#1583,#1584));
#229=EDGE_LOOP('',(#1585,#1586,#1587,#1588));
#230=EDGE_LOOP('',(#1589,#1590,#1591,#1592));
#231=EDGE_LOOP('',(#1593,#1594,#1595,#1596));
#232=EDGE_LOOP('',(#1597,#1598,#1599,#1600));
#233=EDGE_LOOP('',(#1601,#1602,#1603,#1604));
#234=EDGE_LOOP('',(#1605,#1606,#1607,#1608));
#235=EDGE_LOOP('',(#1609,#1610,#1611,#1612));
#236=EDGE_LOOP('',(#1613,#1614,#1615,#1616));
#237=EDGE_LOOP('',(#1617,#1618,#1619,#1620));
#238=EDGE_LOOP('',(#1621,#1622,#1623,#1624));
#239=EDGE_LOOP('',(#1625,#1626,#1627,#1628));
#240=EDGE_LOOP('',(#1629,#1630,#1631,#1632));
#241=EDGE_LOOP('',(#1633,#1634,#1635,#1636));
#242=EDGE_LOOP('',(#1637,#1638,#1639,#1640));
#243=EDGE_LOOP('',(#1641,#1642,#1643,#1644));
#244=EDGE_LOOP('',(#1645,#1646,#1647,#1648));
#245=EDGE_LOOP('',(#1649,#1650,#1651,#1652));
#246=EDGE_LOOP('',(#1653,#1654,#1655,#1656));
#247=EDGE_LOOP('',(#1657,#1658,#1659,#1660));
#248=EDGE_LOOP('',(#1661,#1662,#1663,#1664));
#249=EDGE_LOOP('',(#1665,#1666,#1667,#1668));
#250=EDGE_LOOP('',(#1669,#1670,#1671,#1672));
#251=EDGE_LOOP('',(#1673,#1674,#1675,#1676));
#252=EDGE_LOOP('',(#1677,#1678,#1679,#1680));
#253=EDGE_LOOP('',(#1681,#1682,#1683,#1684));
#254=EDGE_LOOP('',(#1685,#1686,#1687,#1688));
#255=EDGE_LOOP('',(#1689,#1690,#1691,#1692));
#256=EDGE_LOOP('',(#1693,#1694,#1695,#1696));
#257=EDGE_LOOP('',(#1697,#1698,#1699,#1700));
#258=EDGE_LOOP('',(#1701,#1702,#1703,#1704));
#259=EDGE_LOOP('',(#1705,#1706,#1707,#1708));
#260=EDGE_LOOP('',(#1709,#1710,#1711,#1712));
#261=EDGE_LOOP('',(#1713,#1714,#1715,#1716));
#262=EDGE_LOOP('',(#1717,#1718,#1719,#1720));
#263=EDGE_LOOP('',(#1721,#1722,#1723,#1724));
#264=EDGE_LOOP('',(#1725,#1726,#1727,#1728));
#265=EDGE_LOOP('',(#1729,#1730,#1731,#1732));
#266=EDGE_LOOP('',(#1733,#1734,#1735,#1736));
#267=EDGE_LOOP('',(#1737,#1738,#1739,#1740));
#268=EDGE_LOOP('',(#1741,#1742,#1743,#1744));
#269=EDGE_LOOP('',(#1745,#1746,#1747,#1748));
#270=EDGE_LOOP('',(#1749,#1750,#1751,#1752));
#271=EDGE_LOOP('',(#1753,#1754,#1755,#1756));
#272=EDGE_LOOP('',(#1757,#1758,#1759,#1760));
#273=EDGE_LOOP('',(#1761,#1762,#1763,#1764));
#274=EDGE_LOOP('',(#1765,#1766,#1767,#1768));
#275=EDGE_LOOP('',(#1769,#1770,#1771,#1772));
#276=EDGE_LOOP('',(#1773,#1774,#1775,#1776));
#277=EDGE_LOOP('',(#1777,#1778,#1779,#1780));
#278=EDGE_LOOP('',(#1781,#1782,#1783,#1784));
#279=EDGE_LOOP('',(#1785,#1786,#1787,#1788,#1789,#1790,#1791,#1792,#1793,
#1794,#1795,#1796,#1797,#1798,#1799,#1800,#1801,#1802,#1803,#1804,#1805,
#1806,#1807,#1808,#1809,#1810,#1811,#1812,#1813,#1814,#1815,#1816,#1817,
#1818,#1819,#1820));
#280=EDGE_LOOP('',(#1821,#1822,#1823,#1824,#1825,#1826,#1827,#1828,#1829,
#1830,#1831,#1832));
#281=EDGE_LOOP('',(#1833,#1834,#1835,#1836,#1837,#1838,#1839,#1840,#1841,
#1842,#1843,#1844));
#282=EDGE_LOOP('',(#1845,#1846,#1847,#1848,#1849,#1850,#1851,#1852,#1853,
#1854,#1855,#1856));
#283=EDGE_LOOP('',(#1857));
#284=EDGE_LOOP('',(#1858));
#285=EDGE_LOOP('',(#1859));
#286=EDGE_LOOP('',(#1860));
#287=EDGE_LOOP('',(#1861,#1862,#1863,#1864,#1865,#1866,#1867,#1868,#1869,
#1870,#1871,#1872));
#288=EDGE_LOOP('',(#1873));
#289=EDGE_LOOP('',(#1874));
#290=EDGE_LOOP('',(#1875,#1876,#1877,#1878,#1879,#1880,#1881,#1882,#1883,
#1884,#1885,#1886));
#291=EDGE_LOOP('',(#1887,#1888,#1889,#1890,#1891,#1892,#1893,#1894,#1895,
#1896,#1897,#1898,#1899,#1900,#1901,#1902,#1903,#1904,#1905,#1906,#1907,
#1908,#1909,#1910,#1911,#1912,#1913,#1914,#1915,#1916,#1917,#1918,#1919,
#1920,#1921,#1922));
#292=EDGE_LOOP('',(#1923,#1924,#1925,#1926,#1927,#1928,#1929,#1930,#1931,
#1932,#1933,#1934));
#293=EDGE_LOOP('',(#1935,#1936,#1937,#1938,#1939,#1940,#1941,#1942,#1943,
#1944,#1945,#1946));
#294=EDGE_LOOP('',(#1947,#1948,#1949,#1950,#1951,#1952,#1953,#1954,#1955,
#1956,#1957,#1958));
#295=EDGE_LOOP('',(#1959));
#296=EDGE_LOOP('',(#1960));
#297=EDGE_LOOP('',(#1961));
#298=EDGE_LOOP('',(#1962));
#299=EDGE_LOOP('',(#1963,#1964,#1965,#1966,#1967,#1968,#1969,#1970,#1971,
#1972,#1973,#1974));
#300=EDGE_LOOP('',(#1975));
#301=EDGE_LOOP('',(#1976));
#302=EDGE_LOOP('',(#1977,#1978,#1979,#1980,#1981,#1982,#1983,#1984,#1985,
#1986,#1987,#1988));
#303=LINE('',#2817,#585);
#304=LINE('',#2819,#586);
#305=LINE('',#2821,#587);
#306=LINE('',#2822,#588);
#307=LINE('',#2825,#589);
#308=LINE('',#2827,#590);
#309=LINE('',#2828,#591);
#310=LINE('',#2904,#592);
#311=LINE('',#2907,#593);
#312=LINE('',#2909,#594);
#313=LINE('',#2910,#595);
#314=LINE('',#2913,#596);
#315=LINE('',#2915,#597);
#316=LINE('',#2916,#598);
#317=LINE('',#2919,#599);
#318=LINE('',#2921,#600);
#319=LINE('',#2922,#601);
#320=LINE('',#2925,#602);
#321=LINE('',#2927,#603);
#322=LINE('',#2928,#604);
#323=LINE('',#2931,#605);
#324=LINE('',#2933,#606);
#325=LINE('',#2934,#607);
#326=LINE('',#2998,#608);
#327=LINE('',#3001,#609);
#328=LINE('',#3003,#610);
#329=LINE('',#3004,#611);
#330=LINE('',#3007,#612);
#331=LINE('',#3009,#613);
#332=LINE('',#3010,#614);
#333=LINE('',#3012,#615);
#334=LINE('',#3013,#616);
#335=LINE('',#3017,#617);
#336=LINE('',#3019,#618);
#337=LINE('',#3021,#619);
#338=LINE('',#3022,#620);
#339=LINE('',#3025,#621);
#340=LINE('',#3027,#622);
#341=LINE('',#3028,#623);
#342=LINE('',#3092,#624);
#343=LINE('',#3095,#625);
#344=LINE('',#3097,#626);
#345=LINE('',#3098,#627);
#346=LINE('',#3101,#628);
#347=LINE('',#3103,#629);
#348=LINE('',#3104,#630);
#349=LINE('',#3107,#631);
#350=LINE('',#3109,#632);
#351=LINE('',#3110,#633);
#352=LINE('',#3113,#634);
#353=LINE('',#3115,#635);
#354=LINE('',#3116,#636);
#355=LINE('',#3119,#637);
#356=LINE('',#3121,#638);
#357=LINE('',#3122,#639);
#358=LINE('',#3198,#640);
#359=LINE('',#3201,#641);
#360=LINE('',#3203,#642);
#361=LINE('',#3204,#643);
#362=LINE('',#3207,#644);
#363=LINE('',#3209,#645);
#364=LINE('',#3210,#646);
#365=LINE('',#3212,#647);
#366=LINE('',#3213,#648);
#367=LINE('',#3217,#649);
#368=LINE('',#3219,#650);
#369=LINE('',#3221,#651);
#370=LINE('',#3222,#652);
#371=LINE('',#3225,#653);
#372=LINE('',#3227,#654);
#373=LINE('',#3228,#655);
#374=LINE('',#3304,#656);
#375=LINE('',#3307,#657);
#376=LINE('',#3309,#658);
#377=LINE('',#3310,#659);
#378=LINE('',#3313,#660);
#379=LINE('',#3315,#661);
#380=LINE('',#3316,#662);
#381=LINE('',#3319,#663);
#382=LINE('',#3321,#664);
#383=LINE('',#3322,#665);
#384=LINE('',#3325,#666);
#385=LINE('',#3327,#667);
#386=LINE('',#3328,#668);
#387=LINE('',#3331,#669);
#388=LINE('',#3333,#670);
#389=LINE('',#3334,#671);
#390=LINE('',#3398,#672);
#391=LINE('',#3401,#673);
#392=LINE('',#3403,#674);
#393=LINE('',#3404,#675);
#394=LINE('',#3407,#676);
#395=LINE('',#3409,#677);
#396=LINE('',#3410,#678);
#397=LINE('',#3412,#679);
#398=LINE('',#3413,#680);
#399=LINE('',#3417,#681);
#400=LINE('',#3419,#682);
#401=LINE('',#3421,#683);
#402=LINE('',#3422,#684);
#403=LINE('',#3425,#685);
#404=LINE('',#3427,#686);
#405=LINE('',#3428,#687);
#406=LINE('',#3431,#688);
#407=LINE('',#3433,#689);
#408=LINE('',#3434,#690);
#409=LINE('',#3437,#691);
#410=LINE('',#3439,#692);
#411=LINE('',#3440,#693);
#412=LINE('',#3443,#694);
#413=LINE('',#3445,#695);
#414=LINE('',#3446,#696);
#415=LINE('',#3449,#697);
#416=LINE('',#3451,#698);
#417=LINE('',#3452,#699);
#418=LINE('',#3455,#700);
#419=LINE('',#3457,#701);
#420=LINE('',#3458,#702);
#421=LINE('',#3461,#703);
#422=LINE('',#3463,#704);
#423=LINE('',#3464,#705);
#424=LINE('',#3467,#706);
#425=LINE('',#3469,#707);
#426=LINE('',#3470,#708);
#427=LINE('',#3473,#709);
#428=LINE('',#3475,#710);
#429=LINE('',#3476,#711);
#430=LINE('',#3479,#712);
#431=LINE('',#3481,#713);
#432=LINE('',#3482,#714);
#433=LINE('',#3484,#715);
#434=LINE('',#3485,#716);
#435=LINE('',#3490,#717);
#436=LINE('',#3496,#718);
#437=LINE('',#3501,#719);
#438=LINE('',#3503,#720);
#439=LINE('',#3505,#721);
#440=LINE('',#3506,#722);
#441=LINE('',#3509,#723);
#442=LINE('',#3511,#724);
#443=LINE('',#3512,#725);
#444=LINE('',#3515,#726);
#445=LINE('',#3517,#727);
#446=LINE('',#3518,#728);
#447=LINE('',#3521,#729);
#448=LINE('',#3523,#730);
#449=LINE('',#3524,#731);
#450=LINE('',#3527,#732);
#451=LINE('',#3529,#733);
#452=LINE('',#3530,#734);
#453=LINE('',#3533,#735);
#454=LINE('',#3535,#736);
#455=LINE('',#3536,#737);
#456=LINE('',#3539,#738);
#457=LINE('',#3541,#739);
#458=LINE('',#3542,#740);
#459=LINE('',#3545,#741);
#460=LINE('',#3547,#742);
#461=LINE('',#3548,#743);
#462=LINE('',#3551,#744);
#463=LINE('',#3553,#745);
#464=LINE('',#3554,#746);
#465=LINE('',#3557,#747);
#466=LINE('',#3559,#748);
#467=LINE('',#3560,#749);
#468=LINE('',#3563,#750);
#469=LINE('',#3565,#751);
#470=LINE('',#3566,#752);
#471=LINE('',#3568,#753);
#472=LINE('',#3569,#754);
#473=LINE('',#3574,#755);
#474=LINE('',#3580,#756);
#475=LINE('',#3586,#757);
#476=LINE('',#3592,#758);
#477=LINE('',#3597,#759);
#478=LINE('',#3599,#760);
#479=LINE('',#3601,#761);
#480=LINE('',#3602,#762);
#481=LINE('',#3605,#763);
#482=LINE('',#3607,#764);
#483=LINE('',#3608,#765);
#484=LINE('',#3611,#766);
#485=LINE('',#3613,#767);
#486=LINE('',#3614,#768);
#487=LINE('',#3617,#769);
#488=LINE('',#3619,#770);
#489=LINE('',#3620,#771);
#490=LINE('',#3623,#772);
#491=LINE('',#3625,#773);
#492=LINE('',#3626,#774);
#493=LINE('',#3629,#775);
#494=LINE('',#3631,#776);
#495=LINE('',#3632,#777);
#496=LINE('',#3635,#778);
#497=LINE('',#3637,#779);
#498=LINE('',#3638,#780);
#499=LINE('',#3641,#781);
#500=LINE('',#3643,#782);
#501=LINE('',#3644,#783);
#502=LINE('',#3647,#784);
#503=LINE('',#3649,#785);
#504=LINE('',#3650,#786);
#505=LINE('',#3653,#787);
#506=LINE('',#3655,#788);
#507=LINE('',#3656,#789);
#508=LINE('',#3659,#790);
#509=LINE('',#3661,#791);
#510=LINE('',#3662,#792);
#511=LINE('',#3665,#793);
#512=LINE('',#3667,#794);
#513=LINE('',#3668,#795);
#514=LINE('',#3671,#796);
#515=LINE('',#3673,#797);
#516=LINE('',#3674,#798);
#517=LINE('',#3677,#799);
#518=LINE('',#3679,#800);
#519=LINE('',#3680,#801);
#520=LINE('',#3683,#802);
#521=LINE('',#3685,#803);
#522=LINE('',#3686,#804);
#523=LINE('',#3689,#805);
#524=LINE('',#3691,#806);
#525=LINE('',#3692,#807);
#526=LINE('',#3695,#808);
#527=LINE('',#3697,#809);
#528=LINE('',#3698,#810);
#529=LINE('',#3701,#811);
#530=LINE('',#3703,#812);
#531=LINE('',#3704,#813);
#532=LINE('',#3707,#814);
#533=LINE('',#3709,#815);
#534=LINE('',#3710,#816);
#535=LINE('',#3713,#817);
#536=LINE('',#3715,#818);
#537=LINE('',#3716,#819);
#538=LINE('',#3719,#820);
#539=LINE('',#3721,#821);
#540=LINE('',#3722,#822);
#541=LINE('',#3725,#823);
#542=LINE('',#3727,#824);
#543=LINE('',#3728,#825);
#544=LINE('',#3731,#826);
#545=LINE('',#3733,#827);
#546=LINE('',#3734,#828);
#547=LINE('',#3737,#829);
#548=LINE('',#3739,#830);
#549=LINE('',#3740,#831);
#550=LINE('',#3743,#832);
#551=LINE('',#3745,#833);
#552=LINE('',#3746,#834);
#553=LINE('',#3749,#835);
#554=LINE('',#3751,#836);
#555=LINE('',#3752,#837);
#556=LINE('',#3755,#838);
#557=LINE('',#3757,#839);
#558=LINE('',#3758,#840);
#559=LINE('',#3761,#841);
#560=LINE('',#3763,#842);
#561=LINE('',#3764,#843);
#562=LINE('',#3767,#844);
#563=LINE('',#3769,#845);
#564=LINE('',#3770,#846);
#565=LINE('',#3773,#847);
#566=LINE('',#3775,#848);
#567=LINE('',#3776,#849);
#568=LINE('',#3779,#850);
#569=LINE('',#3781,#851);
#570=LINE('',#3782,#852);
#571=LINE('',#3785,#853);
#572=LINE('',#3787,#854);
#573=LINE('',#3788,#855);
#574=LINE('',#3791,#856);
#575=LINE('',#3793,#857);
#576=LINE('',#3794,#858);
#577=LINE('',#3797,#859);
#578=LINE('',#3799,#860);
#579=LINE('',#3800,#861);
#580=LINE('',#3803,#862);
#581=LINE('',#3805,#863);
#582=LINE('',#3806,#864);
#583=LINE('',#3808,#865);
#584=LINE('',#3809,#866);
#585=VECTOR('',#2313,0.393700787401575);
#586=VECTOR('',#2314,0.393700787401575);
#587=VECTOR('',#2315,0.393700787401575);
#588=VECTOR('',#2316,0.393700787401575);
#589=VECTOR('',#2319,0.393700787401575);
#590=VECTOR('',#2320,0.393700787401575);
#591=VECTOR('',#2321,0.393700787401575);
#592=VECTOR('',#2322,0.393700787401575);
#593=VECTOR('',#2325,0.393700787401575);
#594=VECTOR('',#2326,0.393700787401575);
#595=VECTOR('',#2327,0.393700787401575);
#596=VECTOR('',#2330,0.393700787401575);
#597=VECTOR('',#2331,0.393700787401575);
#598=VECTOR('',#2332,0.393700787401575);
#599=VECTOR('',#2335,0.393700787401575);
#600=VECTOR('',#2336,0.393700787401575);
#601=VECTOR('',#2337,0.393700787401575);
#602=VECTOR('',#2340,0.393700787401575);
#603=VECTOR('',#2341,0.393700787401575);
#604=VECTOR('',#2342,0.393700787401575);
#605=VECTOR('',#2345,0.393700787401575);
#606=VECTOR('',#2346,0.393700787401575);
#607=VECTOR('',#2347,0.393700787401575);
#608=VECTOR('',#2348,0.393700787401575);
#609=VECTOR('',#2351,0.393700787401575);
#610=VECTOR('',#2352,0.393700787401575);
#611=VECTOR('',#2353,0.393700787401575);
#612=VECTOR('',#2356,0.393700787401575);
#613=VECTOR('',#2357,0.393700787401575);
#614=VECTOR('',#2358,0.393700787401575);
#615=VECTOR('',#2361,0.393700787401575);
#616=VECTOR('',#2362,0.393700787401575);
#617=VECTOR('',#2365,0.393700787401575);
#618=VECTOR('',#2366,0.393700787401575);
#619=VECTOR('',#2367,0.393700787401575);
#620=VECTOR('',#2368,0.393700787401575);
#621=VECTOR('',#2371,0.393700787401575);
#622=VECTOR('',#2372,0.393700787401575);
#623=VECTOR('',#2373,0.393700787401575);
#624=VECTOR('',#2374,0.393700787401575);
#625=VECTOR('',#2377,0.393700787401575);
#626=VECTOR('',#2378,0.393700787401575);
#627=VECTOR('',#2379,0.393700787401575);
#628=VECTOR('',#2382,0.393700787401575);
#629=VECTOR('',#2383,0.393700787401575);
#630=VECTOR('',#2384,0.393700787401575);
#631=VECTOR('',#2387,0.393700787401575);
#632=VECTOR('',#2388,0.393700787401575);
#633=VECTOR('',#2389,0.393700787401575);
#634=VECTOR('',#2392,0.393700787401575);
#635=VECTOR('',#2393,0.393700787401575);
#636=VECTOR('',#2394,0.393700787401575);
#637=VECTOR('',#2397,0.393700787401575);
#638=VECTOR('',#2398,0.393700787401575);
#639=VECTOR('',#2399,0.393700787401575);
#640=VECTOR('',#2400,0.393700787401575);
#641=VECTOR('',#2403,0.393700787401575);
#642=VECTOR('',#2404,0.393700787401575);
#643=VECTOR('',#2405,0.393700787401575);
#644=VECTOR('',#2408,0.393700787401575);
#645=VECTOR('',#2409,0.393700787401575);
#646=VECTOR('',#2410,0.393700787401575);
#647=VECTOR('',#2413,0.393700787401575);
#648=VECTOR('',#2414,0.393700787401575);
#649=VECTOR('',#2417,0.393700787401575);
#650=VECTOR('',#2418,0.393700787401575);
#651=VECTOR('',#2419,0.393700787401575);
#652=VECTOR('',#2420,0.393700787401575);
#653=VECTOR('',#2423,0.393700787401575);
#654=VECTOR('',#2424,0.393700787401575);
#655=VECTOR('',#2425,0.393700787401575);
#656=VECTOR('',#2426,0.393700787401575);
#657=VECTOR('',#2429,0.393700787401575);
#658=VECTOR('',#2430,0.393700787401575);
#659=VECTOR('',#2431,0.393700787401575);
#660=VECTOR('',#2434,0.393700787401575);
#661=VECTOR('',#2435,0.393700787401575);
#662=VECTOR('',#2436,0.393700787401575);
#663=VECTOR('',#2439,0.393700787401575);
#664=VECTOR('',#2440,0.393700787401575);
#665=VECTOR('',#2441,0.393700787401575);
#666=VECTOR('',#2444,0.393700787401575);
#667=VECTOR('',#2445,0.393700787401575);
#668=VECTOR('',#2446,0.393700787401575);
#669=VECTOR('',#2449,0.393700787401575);
#670=VECTOR('',#2450,0.393700787401575);
#671=VECTOR('',#2451,0.393700787401575);
#672=VECTOR('',#2452,0.393700787401575);
#673=VECTOR('',#2455,0.393700787401575);
#674=VECTOR('',#2456,0.393700787401575);
#675=VECTOR('',#2457,0.393700787401575);
#676=VECTOR('',#2460,0.393700787401575);
#677=VECTOR('',#2461,0.393700787401575);
#678=VECTOR('',#2462,0.393700787401575);
#679=VECTOR('',#2465,0.393700787401575);
#680=VECTOR('',#2466,0.393700787401575);
#681=VECTOR('',#2469,0.393700787401575);
#682=VECTOR('',#2470,0.393700787401575);
#683=VECTOR('',#2471,0.393700787401575);
#684=VECTOR('',#2472,0.393700787401575);
#685=VECTOR('',#2475,0.393700787401575);
#686=VECTOR('',#2476,0.393700787401575);
#687=VECTOR('',#2477,0.393700787401575);
#688=VECTOR('',#2480,0.393700787401575);
#689=VECTOR('',#2481,0.393700787401575);
#690=VECTOR('',#2482,0.393700787401575);
#691=VECTOR('',#2485,0.393700787401575);
#692=VECTOR('',#2486,0.393700787401575);
#693=VECTOR('',#2487,0.393700787401575);
#694=VECTOR('',#2490,0.393700787401575);
#695=VECTOR('',#2491,0.393700787401575);
#696=VECTOR('',#2492,0.393700787401575);
#697=VECTOR('',#2495,0.393700787401575);
#698=VECTOR('',#2496,0.393700787401575);
#699=VECTOR('',#2497,0.393700787401575);
#700=VECTOR('',#2500,0.393700787401575);
#701=VECTOR('',#2501,0.393700787401575);
#702=VECTOR('',#2502,0.393700787401575);
#703=VECTOR('',#2505,0.393700787401575);
#704=VECTOR('',#2506,0.393700787401575);
#705=VECTOR('',#2507,0.393700787401575);
#706=VECTOR('',#2510,0.393700787401575);
#707=VECTOR('',#2511,0.393700787401575);
#708=VECTOR('',#2512,0.393700787401575);
#709=VECTOR('',#2515,0.393700787401575);
#710=VECTOR('',#2516,0.393700787401575);
#711=VECTOR('',#2517,0.393700787401575);
#712=VECTOR('',#2520,0.393700787401575);
#713=VECTOR('',#2521,0.393700787401575);
#714=VECTOR('',#2522,0.393700787401575);
#715=VECTOR('',#2525,0.393700787401575);
#716=VECTOR('',#2526,0.393700787401575);
#717=VECTOR('',#2531,0.0216535433070865);
#718=VECTOR('',#2538,0.0216535433070865);
#719=VECTOR('',#2543,0.393700787401575);
#720=VECTOR('',#2544,0.393700787401575);
#721=VECTOR('',#2545,0.393700787401575);
#722=VECTOR('',#2546,0.393700787401575);
#723=VECTOR('',#2549,0.393700787401575);
#724=VECTOR('',#2550,0.393700787401575);
#725=VECTOR('',#2551,0.393700787401575);
#726=VECTOR('',#2554,0.393700787401575);
#727=VECTOR('',#2555,0.393700787401575);
#728=VECTOR('',#2556,0.393700787401575);
#729=VECTOR('',#2559,0.393700787401575);
#730=VECTOR('',#2560,0.393700787401575);
#731=VECTOR('',#2561,0.393700787401575);
#732=VECTOR('',#2564,0.393700787401575);
#733=VECTOR('',#2565,0.393700787401575);
#734=VECTOR('',#2566,0.393700787401575);
#735=VECTOR('',#2569,0.393700787401575);
#736=VECTOR('',#2570,0.393700787401575);
#737=VECTOR('',#2571,0.393700787401575);
#738=VECTOR('',#2574,0.393700787401575);
#739=VECTOR('',#2575,0.393700787401575);
#740=VECTOR('',#2576,0.393700787401575);
#741=VECTOR('',#2579,0.393700787401575);
#742=VECTOR('',#2580,0.393700787401575);
#743=VECTOR('',#2581,0.393700787401575);
#744=VECTOR('',#2584,0.393700787401575);
#745=VECTOR('',#2585,0.393700787401575);
#746=VECTOR('',#2586,0.393700787401575);
#747=VECTOR('',#2589,0.393700787401575);
#748=VECTOR('',#2590,0.393700787401575);
#749=VECTOR('',#2591,0.393700787401575);
#750=VECTOR('',#2594,0.393700787401575);
#751=VECTOR('',#2595,0.393700787401575);
#752=VECTOR('',#2596,0.393700787401575);
#753=VECTOR('',#2599,0.393700787401575);
#754=VECTOR('',#2600,0.393700787401575);
#755=VECTOR('',#2605,0.0216535433070865);
#756=VECTOR('',#2612,0.0216535433070865);
#757=VECTOR('',#2619,0.0216535433070865);
#758=VECTOR('',#2626,0.0216535433070865);
#759=VECTOR('',#2631,0.393700787401575);
#760=VECTOR('',#2632,0.393700787401575);
#761=VECTOR('',#2633,0.393700787401575);
#762=VECTOR('',#2634,0.393700787401575);
#763=VECTOR('',#2637,0.393700787401575);
#764=VECTOR('',#2638,0.393700787401575);
#765=VECTOR('',#2639,0.393700787401575);
#766=VECTOR('',#2642,0.393700787401575);
#767=VECTOR('',#2643,0.393700787401575);
#768=VECTOR('',#2644,0.393700787401575);
#769=VECTOR('',#2647,0.393700787401575);
#770=VECTOR('',#2648,0.393700787401575);
#771=VECTOR('',#2649,0.393700787401575);
#772=VECTOR('',#2652,0.393700787401575);
#773=VECTOR('',#2653,0.393700787401575);
#774=VECTOR('',#2654,0.393700787401575);
#775=VECTOR('',#2657,0.393700787401575);
#776=VECTOR('',#2658,0.393700787401575);
#777=VECTOR('',#2659,0.393700787401575);
#778=VECTOR('',#2662,0.393700787401575);
#779=VECTOR('',#2663,0.393700787401575);
#780=VECTOR('',#2664,0.393700787401575);
#781=VECTOR('',#2667,0.393700787401575);
#782=VECTOR('',#2668,0.393700787401575);
#783=VECTOR('',#2669,0.393700787401575);
#784=VECTOR('',#2672,0.393700787401575);
#785=VECTOR('',#2673,0.393700787401575);
#786=VECTOR('',#2674,0.393700787401575);
#787=VECTOR('',#2677,0.393700787401575);
#788=VECTOR('',#2678,0.393700787401575);
#789=VECTOR('',#2679,0.393700787401575);
#790=VECTOR('',#2682,0.393700787401575);
#791=VECTOR('',#2683,0.393700787401575);
#792=VECTOR('',#2684,0.393700787401575);
#793=VECTOR('',#2687,0.393700787401575);
#794=VECTOR('',#2688,0.393700787401575);
#795=VECTOR('',#2689,0.393700787401575);
#796=VECTOR('',#2692,0.393700787401575);
#797=VECTOR('',#2693,0.393700787401575);
#798=VECTOR('',#2694,0.393700787401575);
#799=VECTOR('',#2697,0.393700787401575);
#800=VECTOR('',#2698,0.393700787401575);
#801=VECTOR('',#2699,0.393700787401575);
#802=VECTOR('',#2702,0.393700787401575);
#803=VECTOR('',#2703,0.393700787401575);
#804=VECTOR('',#2704,0.393700787401575);
#805=VECTOR('',#2707,0.393700787401575);
#806=VECTOR('',#2708,0.393700787401575);
#807=VECTOR('',#2709,0.393700787401575);
#808=VECTOR('',#2712,0.393700787401575);
#809=VECTOR('',#2713,0.393700787401575);
#810=VECTOR('',#2714,0.393700787401575);
#811=VECTOR('',#2717,0.393700787401575);
#812=VECTOR('',#2718,0.393700787401575);
#813=VECTOR('',#2719,0.393700787401575);
#814=VECTOR('',#2722,0.393700787401575);
#815=VECTOR('',#2723,0.393700787401575);
#816=VECTOR('',#2724,0.393700787401575);
#817=VECTOR('',#2727,0.393700787401575);
#818=VECTOR('',#2728,0.393700787401575);
#819=VECTOR('',#2729,0.393700787401575);
#820=VECTOR('',#2732,0.393700787401575);
#821=VECTOR('',#2733,0.393700787401575);
#822=VECTOR('',#2734,0.393700787401575);
#823=VECTOR('',#2737,0.393700787401575);
#824=VECTOR('',#2738,0.393700787401575);
#825=VECTOR('',#2739,0.393700787401575);
#826=VECTOR('',#2742,0.393700787401575);
#827=VECTOR('',#2743,0.393700787401575);
#828=VECTOR('',#2744,0.393700787401575);
#829=VECTOR('',#2747,0.393700787401575);
#830=VECTOR('',#2748,0.393700787401575);
#831=VECTOR('',#2749,0.393700787401575);
#832=VECTOR('',#2752,0.393700787401575);
#833=VECTOR('',#2753,0.393700787401575);
#834=VECTOR('',#2754,0.393700787401575);
#835=VECTOR('',#2757,0.393700787401575);
#836=VECTOR('',#2758,0.393700787401575);
#837=VECTOR('',#2759,0.393700787401575);
#838=VECTOR('',#2762,0.393700787401575);
#839=VECTOR('',#2763,0.393700787401575);
#840=VECTOR('',#2764,0.393700787401575);
#841=VECTOR('',#2767,0.393700787401575);
#842=VECTOR('',#2768,0.393700787401575);
#843=VECTOR('',#2769,0.393700787401575);
#844=VECTOR('',#2772,0.393700787401575);
#845=VECTOR('',#2773,0.393700787401575);
#846=VECTOR('',#2774,0.393700787401575);
#847=VECTOR('',#2777,0.393700787401575);
#848=VECTOR('',#2778,0.393700787401575);
#849=VECTOR('',#2779,0.393700787401575);
#850=VECTOR('',#2782,0.393700787401575);
#851=VECTOR('',#2783,0.393700787401575);
#852=VECTOR('',#2784,0.393700787401575);
#853=VECTOR('',#2787,0.393700787401575);
#854=VECTOR('',#2788,0.393700787401575);
#855=VECTOR('',#2789,0.393700787401575);
#856=VECTOR('',#2792,0.393700787401575);
#857=VECTOR('',#2793,0.393700787401575);
#858=VECTOR('',#2794,0.393700787401575);
#859=VECTOR('',#2797,0.393700787401575);
#860=VECTOR('',#2798,0.393700787401575);
#861=VECTOR('',#2799,0.393700787401575);
#862=VECTOR('',#2802,0.393700787401575);
#863=VECTOR('',#2803,0.393700787401575);
#864=VECTOR('',#2804,0.393700787401575);
#865=VECTOR('',#2807,0.393700787401575);
#866=VECTOR('',#2808,0.393700787401575);
#867=VERTEX_POINT('',#2815);
#868=VERTEX_POINT('',#2816);
#869=VERTEX_POINT('',#2818);
#870=VERTEX_POINT('',#2820);
#871=VERTEX_POINT('',#2824);
#872=VERTEX_POINT('',#2826);
#873=VERTEX_POINT('',#2859);
#874=VERTEX_POINT('',#2888);
#875=VERTEX_POINT('',#2906);
#876=VERTEX_POINT('',#2908);
#877=VERTEX_POINT('',#2912);
#878=VERTEX_POINT('',#2914);
#879=VERTEX_POINT('',#2918);
#880=VERTEX_POINT('',#2920);
#881=VERTEX_POINT('',#2924);
#882=VERTEX_POINT('',#2926);
#883=VERTEX_POINT('',#2930);
#884=VERTEX_POINT('',#2932);
#885=VERTEX_POINT('',#2965);
#886=VERTEX_POINT('',#2982);
#887=VERTEX_POINT('',#3000);
#888=VERTEX_POINT('',#3002);
#889=VERTEX_POINT('',#3006);
#890=VERTEX_POINT('',#3008);
#891=VERTEX_POINT('',#3015);
#892=VERTEX_POINT('',#3016);
#893=VERTEX_POINT('',#3018);
#894=VERTEX_POINT('',#3020);
#895=VERTEX_POINT('',#3024);
#896=VERTEX_POINT('',#3026);
#897=VERTEX_POINT('',#3059);
#898=VERTEX_POINT('',#3076);
#899=VERTEX_POINT('',#3094);
#900=VERTEX_POINT('',#3096);
#901=VERTEX_POINT('',#3100);
#902=VERTEX_POINT('',#3102);
#903=VERTEX_POINT('',#3106);
#904=VERTEX_POINT('',#3108);
#905=VERTEX_POINT('',#3112);
#906=VERTEX_POINT('',#3114);
#907=VERTEX_POINT('',#3118);
#908=VERTEX_POINT('',#3120);
#909=VERTEX_POINT('',#3153);
#910=VERTEX_POINT('',#3182);
#911=VERTEX_POINT('',#3200);
#912=VERTEX_POINT('',#3202);
#913=VERTEX_POINT('',#3206);
#914=VERTEX_POINT('',#3208);
#915=VERTEX_POINT('',#3215);
#916=VERTEX_POINT('',#3216);
#917=VERTEX_POINT('',#3218);
#918=VERTEX_POINT('',#3220);
#919=VERTEX_POINT('',#3224);
#920=VERTEX_POINT('',#3226);
#921=VERTEX_POINT('',#3259);
#922=VERTEX_POINT('',#3288);
#923=VERTEX_POINT('',#3306);
#924=VERTEX_POINT('',#3308);
#925=VERTEX_POINT('',#3312);
#926=VERTEX_POINT('',#3314);
#927=VERTEX_POINT('',#3318);
#928=VERTEX_POINT('',#3320);
#929=VERTEX_POINT('',#3324);
#930=VERTEX_POINT('',#3326);
#931=VERTEX_POINT('',#3330);
#932=VERTEX_POINT('',#3332);
#933=VERTEX_POINT('',#3365);
#934=VERTEX_POINT('',#3382);
#935=VERTEX_POINT('',#3400);
#936=VERTEX_POINT('',#3402);
#937=VERTEX_POINT('',#3406);
#938=VERTEX_POINT('',#3408);
#939=VERTEX_POINT('',#3415);
#940=VERTEX_POINT('',#3416);
#941=VERTEX_POINT('',#3418);
#942=VERTEX_POINT('',#3420);
#943=VERTEX_POINT('',#3424);
#944=VERTEX_POINT('',#3426);
#945=VERTEX_POINT('',#3430);
#946=VERTEX_POINT('',#3432);
#947=VERTEX_POINT('',#3436);
#948=VERTEX_POINT('',#3438);
#949=VERTEX_POINT('',#3442);
#950=VERTEX_POINT('',#3444);
#951=VERTEX_POINT('',#3448);
#952=VERTEX_POINT('',#3450);
#953=VERTEX_POINT('',#3454);
#954=VERTEX_POINT('',#3456);
#955=VERTEX_POINT('',#3460);
#956=VERTEX_POINT('',#3462);
#957=VERTEX_POINT('',#3466);
#958=VERTEX_POINT('',#3468);
#959=VERTEX_POINT('',#3472);
#960=VERTEX_POINT('',#3474);
#961=VERTEX_POINT('',#3478);
#962=VERTEX_POINT('',#3480);
#963=VERTEX_POINT('',#3487);
#964=VERTEX_POINT('',#3489);
#965=VERTEX_POINT('',#3493);
#966=VERTEX_POINT('',#3495);
#967=VERTEX_POINT('',#3499);
#968=VERTEX_POINT('',#3500);
#969=VERTEX_POINT('',#3502);
#970=VERTEX_POINT('',#3504);
#971=VERTEX_POINT('',#3508);
#972=VERTEX_POINT('',#3510);
#973=VERTEX_POINT('',#3514);
#974=VERTEX_POINT('',#3516);
#975=VERTEX_POINT('',#3520);
#976=VERTEX_POINT('',#3522);
#977=VERTEX_POINT('',#3526);
#978=VERTEX_POINT('',#3528);
#979=VERTEX_POINT('',#3532);
#980=VERTEX_POINT('',#3534);
#981=VERTEX_POINT('',#3538);
#982=VERTEX_POINT('',#3540);
#983=VERTEX_POINT('',#3544);
#984=VERTEX_POINT('',#3546);
#985=VERTEX_POINT('',#3550);
#986=VERTEX_POINT('',#3552);
#987=VERTEX_POINT('',#3556);
#988=VERTEX_POINT('',#3558);
#989=VERTEX_POINT('',#3562);
#990=VERTEX_POINT('',#3564);
#991=VERTEX_POINT('',#3571);
#992=VERTEX_POINT('',#3573);
#993=VERTEX_POINT('',#3577);
#994=VERTEX_POINT('',#3579);
#995=VERTEX_POINT('',#3583);
#996=VERTEX_POINT('',#3585);
#997=VERTEX_POINT('',#3589);
#998=VERTEX_POINT('',#3591);
#999=VERTEX_POINT('',#3595);
#1000=VERTEX_POINT('',#3596);
#1001=VERTEX_POINT('',#3598);
#1002=VERTEX_POINT('',#3600);
#1003=VERTEX_POINT('',#3604);
#1004=VERTEX_POINT('',#3606);
#1005=VERTEX_POINT('',#3610);
#1006=VERTEX_POINT('',#3612);
#1007=VERTEX_POINT('',#3616);
#1008=VERTEX_POINT('',#3618);
#1009=VERTEX_POINT('',#3622);
#1010=VERTEX_POINT('',#3624);
#1011=VERTEX_POINT('',#3628);
#1012=VERTEX_POINT('',#3630);
#1013=VERTEX_POINT('',#3634);
#1014=VERTEX_POINT('',#3636);
#1015=VERTEX_POINT('',#3640);
#1016=VERTEX_POINT('',#3642);
#1017=VERTEX_POINT('',#3646);
#1018=VERTEX_POINT('',#3648);
#1019=VERTEX_POINT('',#3652);
#1020=VERTEX_POINT('',#3654);
#1021=VERTEX_POINT('',#3658);
#1022=VERTEX_POINT('',#3660);
#1023=VERTEX_POINT('',#3664);
#1024=VERTEX_POINT('',#3666);
#1025=VERTEX_POINT('',#3670);
#1026=VERTEX_POINT('',#3672);
#1027=VERTEX_POINT('',#3676);
#1028=VERTEX_POINT('',#3678);
#1029=VERTEX_POINT('',#3682);
#1030=VERTEX_POINT('',#3684);
#1031=VERTEX_POINT('',#3688);
#1032=VERTEX_POINT('',#3690);
#1033=VERTEX_POINT('',#3694);
#1034=VERTEX_POINT('',#3696);
#1035=VERTEX_POINT('',#3700);
#1036=VERTEX_POINT('',#3702);
#1037=VERTEX_POINT('',#3706);
#1038=VERTEX_POINT('',#3708);
#1039=VERTEX_POINT('',#3712);
#1040=VERTEX_POINT('',#3714);
#1041=VERTEX_POINT('',#3718);
#1042=VERTEX_POINT('',#3720);
#1043=VERTEX_POINT('',#3724);
#1044=VERTEX_POINT('',#3726);
#1045=VERTEX_POINT('',#3730);
#1046=VERTEX_POINT('',#3732);
#1047=VERTEX_POINT('',#3736);
#1048=VERTEX_POINT('',#3738);
#1049=VERTEX_POINT('',#3742);
#1050=VERTEX_POINT('',#3744);
#1051=VERTEX_POINT('',#3748);
#1052=VERTEX_POINT('',#3750);
#1053=VERTEX_POINT('',#3754);
#1054=VERTEX_POINT('',#3756);
#1055=VERTEX_POINT('',#3760);
#1056=VERTEX_POINT('',#3762);
#1057=VERTEX_POINT('',#3766);
#1058=VERTEX_POINT('',#3768);
#1059=VERTEX_POINT('',#3772);
#1060=VERTEX_POINT('',#3774);
#1061=VERTEX_POINT('',#3778);
#1062=VERTEX_POINT('',#3780);
#1063=VERTEX_POINT('',#3784);
#1064=VERTEX_POINT('',#3786);
#1065=VERTEX_POINT('',#3790);
#1066=VERTEX_POINT('',#3792);
#1067=VERTEX_POINT('',#3796);
#1068=VERTEX_POINT('',#3798);
#1069=VERTEX_POINT('',#3802);
#1070=VERTEX_POINT('',#3804);
#1071=EDGE_CURVE('',#867,#868,#303,.T.);
#1072=EDGE_CURVE('',#869,#867,#304,.T.);
#1073=EDGE_CURVE('',#870,#869,#305,.T.);
#1074=EDGE_CURVE('',#870,#868,#306,.T.);
#1075=EDGE_CURVE('',#868,#871,#307,.T.);
#1076=EDGE_CURVE('',#872,#870,#308,.T.);
#1077=EDGE_CURVE('',#872,#871,#309,.T.);
#1078=EDGE_CURVE('',#871,#873,#61,.T.);
#1079=EDGE_CURVE('',#874,#872,#55,.T.);
#1080=EDGE_CURVE('',#874,#873,#310,.T.);
#1081=EDGE_CURVE('',#873,#875,#311,.T.);
#1082=EDGE_CURVE('',#876,#874,#312,.T.);
#1083=EDGE_CURVE('',#876,#875,#313,.T.);
#1084=EDGE_CURVE('',#875,#877,#314,.T.);
#1085=EDGE_CURVE('',#878,#876,#315,.T.);
#1086=EDGE_CURVE('',#878,#877,#316,.T.);
#1087=EDGE_CURVE('',#877,#879,#317,.T.);
#1088=EDGE_CURVE('',#880,#878,#318,.T.);
#1089=EDGE_CURVE('',#880,#879,#319,.T.);
#1090=EDGE_CURVE('',#879,#881,#320,.T.);
#1091=EDGE_CURVE('',#882,#880,#321,.T.);
#1092=EDGE_CURVE('',#882,#881,#322,.T.);
#1093=EDGE_CURVE('',#881,#883,#323,.T.);
#1094=EDGE_CURVE('',#884,#882,#324,.T.);
#1095=EDGE_CURVE('',#884,#883,#325,.T.);
#1096=EDGE_CURVE('',#883,#885,#62,.T.);
#1097=EDGE_CURVE('',#886,#884,#56,.T.);
#1098=EDGE_CURVE('',#886,#885,#326,.T.);
#1099=EDGE_CURVE('',#885,#887,#327,.T.);
#1100=EDGE_CURVE('',#888,#886,#328,.T.);
#1101=EDGE_CURVE('',#888,#887,#329,.T.);
#1102=EDGE_CURVE('',#887,#889,#330,.T.);
#1103=EDGE_CURVE('',#890,#888,#331,.T.);
#1104=EDGE_CURVE('',#890,#889,#332,.T.);
#1105=EDGE_CURVE('',#889,#867,#333,.T.);
#1106=EDGE_CURVE('',#869,#890,#334,.T.);
#1107=EDGE_CURVE('',#891,#892,#335,.T.);
#1108=EDGE_CURVE('',#893,#891,#336,.T.);
#1109=EDGE_CURVE('',#894,#893,#337,.T.);
#1110=EDGE_CURVE('',#894,#892,#338,.T.);
#1111=EDGE_CURVE('',#892,#895,#339,.T.);
#1112=EDGE_CURVE('',#896,#894,#340,.T.);
#1113=EDGE_CURVE('',#896,#895,#341,.T.);
#1114=EDGE_CURVE('',#895,#897,#63,.T.);
#1115=EDGE_CURVE('',#898,#896,#57,.T.);
#1116=EDGE_CURVE('',#898,#897,#342,.T.);
#1117=EDGE_CURVE('',#897,#899,#343,.T.);
#1118=EDGE_CURVE('',#900,#898,#344,.T.);
#1119=EDGE_CURVE('',#900,#899,#345,.T.);
#1120=EDGE_CURVE('',#899,#901,#346,.T.);
#1121=EDGE_CURVE('',#902,#900,#347,.T.);
#1122=EDGE_CURVE('',#902,#901,#348,.T.);
#1123=EDGE_CURVE('',#901,#903,#349,.T.);
#1124=EDGE_CURVE('',#904,#902,#350,.T.);
#1125=EDGE_CURVE('',#904,#903,#351,.T.);
#1126=EDGE_CURVE('',#903,#905,#352,.T.);
#1127=EDGE_CURVE('',#906,#904,#353,.T.);
#1128=EDGE_CURVE('',#906,#905,#354,.T.);
#1129=EDGE_CURVE('',#905,#907,#355,.T.);
#1130=EDGE_CURVE('',#908,#906,#356,.T.);
#1131=EDGE_CURVE('',#908,#907,#357,.T.);
#1132=EDGE_CURVE('',#907,#909,#64,.T.);
#1133=EDGE_CURVE('',#910,#908,#58,.T.);
#1134=EDGE_CURVE('',#910,#909,#358,.T.);
#1135=EDGE_CURVE('',#909,#911,#359,.T.);
#1136=EDGE_CURVE('',#912,#910,#360,.T.);
#1137=EDGE_CURVE('',#912,#911,#361,.T.);
#1138=EDGE_CURVE('',#911,#913,#362,.T.);
#1139=EDGE_CURVE('',#914,#912,#363,.T.);
#1140=EDGE_CURVE('',#914,#913,#364,.T.);
#1141=EDGE_CURVE('',#913,#891,#365,.T.);
#1142=EDGE_CURVE('',#893,#914,#366,.T.);
#1143=EDGE_CURVE('',#915,#916,#367,.T.);
#1144=EDGE_CURVE('',#917,#915,#368,.T.);
#1145=EDGE_CURVE('',#918,#917,#369,.T.);
#1146=EDGE_CURVE('',#918,#916,#370,.T.);
#1147=EDGE_CURVE('',#916,#919,#371,.T.);
#1148=EDGE_CURVE('',#920,#918,#372,.T.);
#1149=EDGE_CURVE('',#920,#919,#373,.T.);
#1150=EDGE_CURVE('',#919,#921,#65,.T.);
#1151=EDGE_CURVE('',#922,#920,#59,.T.);
#1152=EDGE_CURVE('',#922,#921,#374,.T.);
#1153=EDGE_CURVE('',#921,#923,#375,.T.);
#1154=EDGE_CURVE('',#924,#922,#376,.T.);
#1155=EDGE_CURVE('',#924,#923,#377,.T.);
#1156=EDGE_CURVE('',#923,#925,#378,.T.);
#1157=EDGE_CURVE('',#926,#924,#379,.T.);
#1158=EDGE_CURVE('',#926,#925,#380,.T.);
#1159=EDGE_CURVE('',#925,#927,#381,.T.);
#1160=EDGE_CURVE('',#928,#926,#382,.T.);
#1161=EDGE_CURVE('',#928,#927,#383,.T.);
#1162=EDGE_CURVE('',#927,#929,#384,.T.);
#1163=EDGE_CURVE('',#930,#928,#385,.T.);
#1164=EDGE_CURVE('',#930,#929,#386,.T.);
#1165=EDGE_CURVE('',#929,#931,#387,.T.);
#1166=EDGE_CURVE('',#932,#930,#388,.T.);
#1167=EDGE_CURVE('',#932,#931,#389,.T.);
#1168=EDGE_CURVE('',#931,#933,#66,.T.);
#1169=EDGE_CURVE('',#934,#932,#60,.T.);
#1170=EDGE_CURVE('',#934,#933,#390,.T.);
#1171=EDGE_CURVE('',#933,#935,#391,.T.);
#1172=EDGE_CURVE('',#936,#934,#392,.T.);
#1173=EDGE_CURVE('',#936,#935,#393,.T.);
#1174=EDGE_CURVE('',#935,#937,#394,.T.);
#1175=EDGE_CURVE('',#938,#936,#395,.T.);
#1176=EDGE_CURVE('',#938,#937,#396,.T.);
#1177=EDGE_CURVE('',#937,#915,#397,.T.);
#1178=EDGE_CURVE('',#917,#938,#398,.T.);
#1179=EDGE_CURVE('',#939,#940,#399,.T.);
#1180=EDGE_CURVE('',#940,#941,#400,.T.);
#1181=EDGE_CURVE('',#942,#941,#401,.T.);
#1182=EDGE_CURVE('',#939,#942,#402,.T.);
#1183=EDGE_CURVE('',#939,#943,#403,.T.);
#1184=EDGE_CURVE('',#944,#942,#404,.T.);
#1185=EDGE_CURVE('',#943,#944,#405,.T.);
#1186=EDGE_CURVE('',#943,#945,#406,.T.);
#1187=EDGE_CURVE('',#946,#944,#407,.T.);
#1188=EDGE_CURVE('',#945,#946,#408,.T.);
#1189=EDGE_CURVE('',#947,#945,#409,.T.);
#1190=EDGE_CURVE('',#948,#946,#410,.T.);
#1191=EDGE_CURVE('',#947,#948,#411,.T.);
#1192=EDGE_CURVE('',#947,#949,#412,.T.);
#1193=EDGE_CURVE('',#950,#948,#413,.T.);
#1194=EDGE_CURVE('',#949,#950,#414,.T.);
#1195=EDGE_CURVE('',#949,#951,#415,.T.);
#1196=EDGE_CURVE('',#952,#950,#416,.T.);
#1197=EDGE_CURVE('',#951,#952,#417,.T.);
#1198=EDGE_CURVE('',#951,#953,#418,.T.);
#1199=EDGE_CURVE('',#954,#952,#419,.T.);
#1200=EDGE_CURVE('',#953,#954,#420,.T.);
#1201=EDGE_CURVE('',#955,#953,#421,.T.);
#1202=EDGE_CURVE('',#956,#954,#422,.T.);
#1203=EDGE_CURVE('',#955,#956,#423,.T.);
#1204=EDGE_CURVE('',#957,#955,#424,.T.);
#1205=EDGE_CURVE('',#958,#956,#425,.T.);
#1206=EDGE_CURVE('',#957,#958,#426,.T.);
#1207=EDGE_CURVE('',#957,#959,#427,.T.);
#1208=EDGE_CURVE('',#960,#958,#428,.T.);
#1209=EDGE_CURVE('',#959,#960,#429,.T.);
#1210=EDGE_CURVE('',#961,#959,#430,.T.);
#1211=EDGE_CURVE('',#962,#960,#431,.T.);
#1212=EDGE_CURVE('',#961,#962,#432,.T.);
#1213=EDGE_CURVE('',#940,#961,#433,.T.);
#1214=EDGE_CURVE('',#941,#962,#434,.T.);
#1215=EDGE_CURVE('',#963,#963,#37,.T.);
#1216=EDGE_CURVE('',#963,#964,#435,.T.);
#1217=EDGE_CURVE('',#964,#964,#38,.T.);
#1218=EDGE_CURVE('',#965,#965,#39,.T.);
#1219=EDGE_CURVE('',#965,#966,#436,.T.);
#1220=EDGE_CURVE('',#966,#966,#40,.T.);
#1221=EDGE_CURVE('',#967,#968,#437,.T.);
#1222=EDGE_CURVE('',#967,#969,#438,.T.);
#1223=EDGE_CURVE('',#970,#969,#439,.T.);
#1224=EDGE_CURVE('',#968,#970,#440,.T.);
#1225=EDGE_CURVE('',#968,#971,#441,.T.);
#1226=EDGE_CURVE('',#972,#970,#442,.T.);
#1227=EDGE_CURVE('',#971,#972,#443,.T.);
#1228=EDGE_CURVE('',#973,#971,#444,.T.);
#1229=EDGE_CURVE('',#974,#972,#445,.T.);
#1230=EDGE_CURVE('',#973,#974,#446,.T.);
#1231=EDGE_CURVE('',#973,#975,#447,.T.);
#1232=EDGE_CURVE('',#976,#974,#448,.T.);
#1233=EDGE_CURVE('',#975,#976,#449,.T.);
#1234=EDGE_CURVE('',#975,#977,#450,.T.);
#1235=EDGE_CURVE('',#978,#976,#451,.T.);
#1236=EDGE_CURVE('',#977,#978,#452,.T.);
#1237=EDGE_CURVE('',#977,#979,#453,.T.);
#1238=EDGE_CURVE('',#980,#978,#454,.T.);
#1239=EDGE_CURVE('',#979,#980,#455,.T.);
#1240=EDGE_CURVE('',#981,#979,#456,.T.);
#1241=EDGE_CURVE('',#982,#980,#457,.T.);
#1242=EDGE_CURVE('',#981,#982,#458,.T.);
#1243=EDGE_CURVE('',#983,#981,#459,.T.);
#1244=EDGE_CURVE('',#984,#982,#460,.T.);
#1245=EDGE_CURVE('',#983,#984,#461,.T.);
#1246=EDGE_CURVE('',#983,#985,#462,.T.);
#1247=EDGE_CURVE('',#986,#984,#463,.T.);
#1248=EDGE_CURVE('',#985,#986,#464,.T.);
#1249=EDGE_CURVE('',#987,#985,#465,.T.);
#1250=EDGE_CURVE('',#988,#986,#466,.T.);
#1251=EDGE_CURVE('',#987,#988,#467,.T.);
#1252=EDGE_CURVE('',#989,#987,#468,.T.);
#1253=EDGE_CURVE('',#990,#988,#469,.T.);
#1254=EDGE_CURVE('',#989,#990,#470,.T.);
#1255=EDGE_CURVE('',#967,#989,#471,.T.);
#1256=EDGE_CURVE('',#969,#990,#472,.T.);
#1257=EDGE_CURVE('',#991,#991,#41,.T.);
#1258=EDGE_CURVE('',#991,#992,#473,.T.);
#1259=EDGE_CURVE('',#992,#992,#42,.T.);
#1260=EDGE_CURVE('',#993,#993,#43,.T.);
#1261=EDGE_CURVE('',#993,#994,#474,.T.);
#1262=EDGE_CURVE('',#994,#994,#44,.T.);
#1263=EDGE_CURVE('',#995,#995,#45,.T.);
#1264=EDGE_CURVE('',#995,#996,#475,.T.);
#1265=EDGE_CURVE('',#996,#996,#46,.T.);
#1266=EDGE_CURVE('',#997,#997,#47,.T.);
#1267=EDGE_CURVE('',#997,#998,#476,.T.);
#1268=EDGE_CURVE('',#998,#998,#48,.T.);
#1269=EDGE_CURVE('',#999,#1000,#477,.T.);
#1270=EDGE_CURVE('',#999,#1001,#478,.T.);
#1271=EDGE_CURVE('',#1002,#1001,#479,.T.);
#1272=EDGE_CURVE('',#1000,#1002,#480,.T.);
#1273=EDGE_CURVE('',#1003,#1000,#481,.T.);
#1274=EDGE_CURVE('',#1004,#1002,#482,.T.);
#1275=EDGE_CURVE('',#1003,#1004,#483,.T.);
#1276=EDGE_CURVE('',#1003,#1005,#484,.T.);
#1277=EDGE_CURVE('',#1006,#1004,#485,.T.);
#1278=EDGE_CURVE('',#1005,#1006,#486,.T.);
#1279=EDGE_CURVE('',#1007,#1005,#487,.T.);
#1280=EDGE_CURVE('',#1008,#1006,#488,.T.);
#1281=EDGE_CURVE('',#1007,#1008,#489,.T.);
#1282=EDGE_CURVE('',#1009,#1007,#490,.T.);
#1283=EDGE_CURVE('',#1010,#1008,#491,.T.);
#1284=EDGE_CURVE('',#1009,#1010,#492,.T.);
#1285=EDGE_CURVE('',#1011,#1009,#493,.T.);
#1286=EDGE_CURVE('',#1012,#1010,#494,.T.);
#1287=EDGE_CURVE('',#1011,#1012,#495,.T.);
#1288=EDGE_CURVE('',#1013,#1011,#496,.T.);
#1289=EDGE_CURVE('',#1014,#1012,#497,.T.);
#1290=EDGE_CURVE('',#1013,#1014,#498,.T.);
#1291=EDGE_CURVE('',#1015,#1013,#499,.T.);
#1292=EDGE_CURVE('',#1016,#1014,#500,.T.);
#1293=EDGE_CURVE('',#1015,#1016,#501,.T.);
#1294=EDGE_CURVE('',#1015,#1017,#502,.T.);
#1295=EDGE_CURVE('',#1018,#1016,#503,.F.);
#1296=EDGE_CURVE('',#1017,#1018,#504,.F.);
#1297=EDGE_CURVE('',#1017,#1019,#505,.T.);
#1298=EDGE_CURVE('',#1020,#1018,#506,.T.);
#1299=EDGE_CURVE('',#1019,#1020,#507,.F.);
#1300=EDGE_CURVE('',#1019,#1021,#508,.T.);
#1301=EDGE_CURVE('',#1022,#1020,#509,.F.);
#1302=EDGE_CURVE('',#1021,#1022,#510,.T.);
#1303=EDGE_CURVE('',#1023,#1021,#511,.T.);
#1304=EDGE_CURVE('',#1024,#1022,#512,.T.);
#1305=EDGE_CURVE('',#1023,#1024,#513,.T.);
#1306=EDGE_CURVE('',#1023,#1025,#514,.T.);
#1307=EDGE_CURVE('',#1026,#1024,#515,.F.);
#1308=EDGE_CURVE('',#1025,#1026,#516,.F.);
#1309=EDGE_CURVE('',#1025,#1027,#517,.T.);
#1310=EDGE_CURVE('',#1028,#1026,#518,.T.);
#1311=EDGE_CURVE('',#1027,#1028,#519,.F.);
#1312=EDGE_CURVE('',#1027,#1029,#520,.T.);
#1313=EDGE_CURVE('',#1030,#1028,#521,.F.);
#1314=EDGE_CURVE('',#1029,#1030,#522,.T.);
#1315=EDGE_CURVE('',#1031,#1029,#523,.T.);
#1316=EDGE_CURVE('',#1032,#1030,#524,.T.);
#1317=EDGE_CURVE('',#1031,#1032,#525,.T.);
#1318=EDGE_CURVE('',#1033,#1031,#526,.F.);
#1319=EDGE_CURVE('',#1034,#1032,#527,.F.);
#1320=EDGE_CURVE('',#1033,#1034,#528,.F.);
#1321=EDGE_CURVE('',#1033,#1035,#529,.T.);
#1322=EDGE_CURVE('',#1036,#1034,#530,.T.);
#1323=EDGE_CURVE('',#1035,#1036,#531,.T.);
#1324=EDGE_CURVE('',#1037,#1035,#532,.T.);
#1325=EDGE_CURVE('',#1038,#1036,#533,.T.);
#1326=EDGE_CURVE('',#1037,#1038,#534,.T.);
#1327=EDGE_CURVE('',#1037,#1039,#535,.T.);
#1328=EDGE_CURVE('',#1040,#1038,#536,.T.);
#1329=EDGE_CURVE('',#1039,#1040,#537,.T.);
#1330=EDGE_CURVE('',#1039,#1041,#538,.T.);
#1331=EDGE_CURVE('',#1042,#1040,#539,.T.);
#1332=EDGE_CURVE('',#1041,#1042,#540,.T.);
#1333=EDGE_CURVE('',#1041,#1043,#541,.T.);
#1334=EDGE_CURVE('',#1044,#1042,#542,.T.);
#1335=EDGE_CURVE('',#1043,#1044,#543,.T.);
#1336=EDGE_CURVE('',#1045,#1043,#544,.T.);
#1337=EDGE_CURVE('',#1046,#1044,#545,.T.);
#1338=EDGE_CURVE('',#1045,#1046,#546,.T.);
#1339=EDGE_CURVE('',#1045,#1047,#547,.T.);
#1340=EDGE_CURVE('',#1048,#1046,#548,.T.);
#1341=EDGE_CURVE('',#1047,#1048,#549,.T.);
#1342=EDGE_CURVE('',#1049,#1047,#550,.T.);
#1343=EDGE_CURVE('',#1050,#1048,#551,.T.);
#1344=EDGE_CURVE('',#1049,#1050,#552,.T.);
#1345=EDGE_CURVE('',#1049,#1051,#553,.T.);
#1346=EDGE_CURVE('',#1052,#1050,#554,.T.);
#1347=EDGE_CURVE('',#1051,#1052,#555,.T.);
#1348=EDGE_CURVE('',#1051,#1053,#556,.T.);
#1349=EDGE_CURVE('',#1054,#1052,#557,.T.);
#1350=EDGE_CURVE('',#1053,#1054,#558,.T.);
#1351=EDGE_CURVE('',#1053,#1055,#559,.T.);
#1352=EDGE_CURVE('',#1056,#1054,#560,.T.);
#1353=EDGE_CURVE('',#1055,#1056,#561,.T.);
#1354=EDGE_CURVE('',#1055,#1057,#562,.T.);
#1355=EDGE_CURVE('',#1058,#1056,#563,.T.);
#1356=EDGE_CURVE('',#1057,#1058,#564,.T.);
#1357=EDGE_CURVE('',#1059,#1057,#565,.T.);
#1358=EDGE_CURVE('',#1060,#1058,#566,.T.);
#1359=EDGE_CURVE('',#1059,#1060,#567,.T.);
#1360=EDGE_CURVE('',#1059,#1061,#568,.T.);
#1361=EDGE_CURVE('',#1062,#1060,#569,.T.);
#1362=EDGE_CURVE('',#1061,#1062,#570,.T.);
#1363=EDGE_CURVE('',#1061,#1063,#571,.T.);
#1364=EDGE_CURVE('',#1064,#1062,#572,.T.);
#1365=EDGE_CURVE('',#1063,#1064,#573,.T.);
#1366=EDGE_CURVE('',#1065,#1063,#574,.T.);
#1367=EDGE_CURVE('',#1066,#1064,#575,.T.);
#1368=EDGE_CURVE('',#1065,#1066,#576,.T.);
#1369=EDGE_CURVE('',#1067,#1065,#577,.T.);
#1370=EDGE_CURVE('',#1068,#1066,#578,.T.);
#1371=EDGE_CURVE('',#1067,#1068,#579,.T.);
#1372=EDGE_CURVE('',#1069,#1067,#580,.T.);
#1373=EDGE_CURVE('',#1070,#1068,#581,.T.);
#1374=EDGE_CURVE('',#1069,#1070,#582,.T.);
#1375=EDGE_CURVE('',#999,#1069,#583,.T.);
#1376=EDGE_CURVE('',#1001,#1070,#584,.T.);
#1377=ORIENTED_EDGE('',*,*,#1071,.F.);
#1378=ORIENTED_EDGE('',*,*,#1072,.F.);
#1379=ORIENTED_EDGE('',*,*,#1073,.F.);
#1380=ORIENTED_EDGE('',*,*,#1074,.T.);
#1381=ORIENTED_EDGE('',*,*,#1075,.F.);
#1382=ORIENTED_EDGE('',*,*,#1074,.F.);
#1383=ORIENTED_EDGE('',*,*,#1076,.F.);
#1384=ORIENTED_EDGE('',*,*,#1077,.T.);
#1385=ORIENTED_EDGE('',*,*,#1078,.F.);
#1386=ORIENTED_EDGE('',*,*,#1077,.F.);
#1387=ORIENTED_EDGE('',*,*,#1079,.F.);
#1388=ORIENTED_EDGE('',*,*,#1080,.T.);
#1389=ORIENTED_EDGE('',*,*,#1081,.F.);
#1390=ORIENTED_EDGE('',*,*,#1080,.F.);
#1391=ORIENTED_EDGE('',*,*,#1082,.F.);
#1392=ORIENTED_EDGE('',*,*,#1083,.T.);
#1393=ORIENTED_EDGE('',*,*,#1084,.F.);
#1394=ORIENTED_EDGE('',*,*,#1083,.F.);
#1395=ORIENTED_EDGE('',*,*,#1085,.F.);
#1396=ORIENTED_EDGE('',*,*,#1086,.T.);
#1397=ORIENTED_EDGE('',*,*,#1087,.F.);
#1398=ORIENTED_EDGE('',*,*,#1086,.F.);
#1399=ORIENTED_EDGE('',*,*,#1088,.F.);
#1400=ORIENTED_EDGE('',*,*,#1089,.T.);
#1401=ORIENTED_EDGE('',*,*,#1090,.F.);
#1402=ORIENTED_EDGE('',*,*,#1089,.F.);
#1403=ORIENTED_EDGE('',*,*,#1091,.F.);
#1404=ORIENTED_EDGE('',*,*,#1092,.T.);
#1405=ORIENTED_EDGE('',*,*,#1093,.F.);
#1406=ORIENTED_EDGE('',*,*,#1092,.F.);
#1407=ORIENTED_EDGE('',*,*,#1094,.F.);
#1408=ORIENTED_EDGE('',*,*,#1095,.T.);
#1409=ORIENTED_EDGE('',*,*,#1096,.F.);
#1410=ORIENTED_EDGE('',*,*,#1095,.F.);
#1411=ORIENTED_EDGE('',*,*,#1097,.F.);
#1412=ORIENTED_EDGE('',*,*,#1098,.T.);
#1413=ORIENTED_EDGE('',*,*,#1099,.F.);
#1414=ORIENTED_EDGE('',*,*,#1098,.F.);
#1415=ORIENTED_EDGE('',*,*,#1100,.F.);
#1416=ORIENTED_EDGE('',*,*,#1101,.T.);
#1417=ORIENTED_EDGE('',*,*,#1102,.F.);
#1418=ORIENTED_EDGE('',*,*,#1101,.F.);
#1419=ORIENTED_EDGE('',*,*,#1103,.F.);
#1420=ORIENTED_EDGE('',*,*,#1104,.T.);
#1421=ORIENTED_EDGE('',*,*,#1105,.F.);
#1422=ORIENTED_EDGE('',*,*,#1104,.F.);
#1423=ORIENTED_EDGE('',*,*,#1106,.F.);
#1424=ORIENTED_EDGE('',*,*,#1072,.T.);
#1425=ORIENTED_EDGE('',*,*,#1107,.F.);
#1426=ORIENTED_EDGE('',*,*,#1108,.F.);
#1427=ORIENTED_EDGE('',*,*,#1109,.F.);
#1428=ORIENTED_EDGE('',*,*,#1110,.T.);
#1429=ORIENTED_EDGE('',*,*,#1111,.F.);
#1430=ORIENTED_EDGE('',*,*,#1110,.F.);
#1431=ORIENTED_EDGE('',*,*,#1112,.F.);
#1432=ORIENTED_EDGE('',*,*,#1113,.T.);
#1433=ORIENTED_EDGE('',*,*,#1114,.F.);
#1434=ORIENTED_EDGE('',*,*,#1113,.F.);
#1435=ORIENTED_EDGE('',*,*,#1115,.F.);
#1436=ORIENTED_EDGE('',*,*,#1116,.T.);
#1437=ORIENTED_EDGE('',*,*,#1117,.F.);
#1438=ORIENTED_EDGE('',*,*,#1116,.F.);
#1439=ORIENTED_EDGE('',*,*,#1118,.F.);
#1440=ORIENTED_EDGE('',*,*,#1119,.T.);
#1441=ORIENTED_EDGE('',*,*,#1120,.F.);
#1442=ORIENTED_EDGE('',*,*,#1119,.F.);
#1443=ORIENTED_EDGE('',*,*,#1121,.F.);
#1444=ORIENTED_EDGE('',*,*,#1122,.T.);
#1445=ORIENTED_EDGE('',*,*,#1123,.F.);
#1446=ORIENTED_EDGE('',*,*,#1122,.F.);
#1447=ORIENTED_EDGE('',*,*,#1124,.F.);
#1448=ORIENTED_EDGE('',*,*,#1125,.T.);
#1449=ORIENTED_EDGE('',*,*,#1126,.F.);
#1450=ORIENTED_EDGE('',*,*,#1125,.F.);
#1451=ORIENTED_EDGE('',*,*,#1127,.F.);
#1452=ORIENTED_EDGE('',*,*,#1128,.T.);
#1453=ORIENTED_EDGE('',*,*,#1129,.F.);
#1454=ORIENTED_EDGE('',*,*,#1128,.F.);
#1455=ORIENTED_EDGE('',*,*,#1130,.F.);
#1456=ORIENTED_EDGE('',*,*,#1131,.T.);
#1457=ORIENTED_EDGE('',*,*,#1132,.F.);
#1458=ORIENTED_EDGE('',*,*,#1131,.F.);
#1459=ORIENTED_EDGE('',*,*,#1133,.F.);
#1460=ORIENTED_EDGE('',*,*,#1134,.T.);
#1461=ORIENTED_EDGE('',*,*,#1135,.F.);
#1462=ORIENTED_EDGE('',*,*,#1134,.F.);
#1463=ORIENTED_EDGE('',*,*,#1136,.F.);
#1464=ORIENTED_EDGE('',*,*,#1137,.T.);
#1465=ORIENTED_EDGE('',*,*,#1138,.F.);
#1466=ORIENTED_EDGE('',*,*,#1137,.F.);
#1467=ORIENTED_EDGE('',*,*,#1139,.F.);
#1468=ORIENTED_EDGE('',*,*,#1140,.T.);
#1469=ORIENTED_EDGE('',*,*,#1141,.F.);
#1470=ORIENTED_EDGE('',*,*,#1140,.F.);
#1471=ORIENTED_EDGE('',*,*,#1142,.F.);
#1472=ORIENTED_EDGE('',*,*,#1108,.T.);
#1473=ORIENTED_EDGE('',*,*,#1143,.F.);
#1474=ORIENTED_EDGE('',*,*,#1144,.F.);
#1475=ORIENTED_EDGE('',*,*,#1145,.F.);
#1476=ORIENTED_EDGE('',*,*,#1146,.T.);
#1477=ORIENTED_EDGE('',*,*,#1147,.F.);
#1478=ORIENTED_EDGE('',*,*,#1146,.F.);
#1479=ORIENTED_EDGE('',*,*,#1148,.F.);
#1480=ORIENTED_EDGE('',*,*,#1149,.T.);
#1481=ORIENTED_EDGE('',*,*,#1150,.F.);
#1482=ORIENTED_EDGE('',*,*,#1149,.F.);
#1483=ORIENTED_EDGE('',*,*,#1151,.F.);
#1484=ORIENTED_EDGE('',*,*,#1152,.T.);
#1485=ORIENTED_EDGE('',*,*,#1153,.F.);
#1486=ORIENTED_EDGE('',*,*,#1152,.F.);
#1487=ORIENTED_EDGE('',*,*,#1154,.F.);
#1488=ORIENTED_EDGE('',*,*,#1155,.T.);
#1489=ORIENTED_EDGE('',*,*,#1156,.F.);
#1490=ORIENTED_EDGE('',*,*,#1155,.F.);
#1491=ORIENTED_EDGE('',*,*,#1157,.F.);
#1492=ORIENTED_EDGE('',*,*,#1158,.T.);
#1493=ORIENTED_EDGE('',*,*,#1159,.F.);
#1494=ORIENTED_EDGE('',*,*,#1158,.F.);
#1495=ORIENTED_EDGE('',*,*,#1160,.F.);
#1496=ORIENTED_EDGE('',*,*,#1161,.T.);
#1497=ORIENTED_EDGE('',*,*,#1162,.F.);
#1498=ORIENTED_EDGE('',*,*,#1161,.F.);
#1499=ORIENTED_EDGE('',*,*,#1163,.F.);
#1500=ORIENTED_EDGE('',*,*,#1164,.T.);
#1501=ORIENTED_EDGE('',*,*,#1165,.F.);
#1502=ORIENTED_EDGE('',*,*,#1164,.F.);
#1503=ORIENTED_EDGE('',*,*,#1166,.F.);
#1504=ORIENTED_EDGE('',*,*,#1167,.T.);
#1505=ORIENTED_EDGE('',*,*,#1168,.F.);
#1506=ORIENTED_EDGE('',*,*,#1167,.F.);
#1507=ORIENTED_EDGE('',*,*,#1169,.F.);
#1508=ORIENTED_EDGE('',*,*,#1170,.T.);
#1509=ORIENTED_EDGE('',*,*,#1171,.F.);
#1510=ORIENTED_EDGE('',*,*,#1170,.F.);
#1511=ORIENTED_EDGE('',*,*,#1172,.F.);
#1512=ORIENTED_EDGE('',*,*,#1173,.T.);
#1513=ORIENTED_EDGE('',*,*,#1174,.F.);
#1514=ORIENTED_EDGE('',*,*,#1173,.F.);
#1515=ORIENTED_EDGE('',*,*,#1175,.F.);
#1516=ORIENTED_EDGE('',*,*,#1176,.T.);
#1517=ORIENTED_EDGE('',*,*,#1177,.F.);
#1518=ORIENTED_EDGE('',*,*,#1176,.F.);
#1519=ORIENTED_EDGE('',*,*,#1178,.F.);
#1520=ORIENTED_EDGE('',*,*,#1144,.T.);
#1521=ORIENTED_EDGE('',*,*,#1179,.T.);
#1522=ORIENTED_EDGE('',*,*,#1180,.T.);
#1523=ORIENTED_EDGE('',*,*,#1181,.F.);
#1524=ORIENTED_EDGE('',*,*,#1182,.F.);
#1525=ORIENTED_EDGE('',*,*,#1183,.F.);
#1526=ORIENTED_EDGE('',*,*,#1182,.T.);
#1527=ORIENTED_EDGE('',*,*,#1184,.F.);
#1528=ORIENTED_EDGE('',*,*,#1185,.F.);
#1529=ORIENTED_EDGE('',*,*,#1186,.F.);
#1530=ORIENTED_EDGE('',*,*,#1185,.T.);
#1531=ORIENTED_EDGE('',*,*,#1187,.F.);
#1532=ORIENTED_EDGE('',*,*,#1188,.F.);
#1533=ORIENTED_EDGE('',*,*,#1189,.T.);
#1534=ORIENTED_EDGE('',*,*,#1188,.T.);
#1535=ORIENTED_EDGE('',*,*,#1190,.F.);
#1536=ORIENTED_EDGE('',*,*,#1191,.F.);
#1537=ORIENTED_EDGE('',*,*,#1192,.F.);
#1538=ORIENTED_EDGE('',*,*,#1191,.T.);
#1539=ORIENTED_EDGE('',*,*,#1193,.F.);
#1540=ORIENTED_EDGE('',*,*,#1194,.F.);
#1541=ORIENTED_EDGE('',*,*,#1195,.F.);
#1542=ORIENTED_EDGE('',*,*,#1194,.T.);
#1543=ORIENTED_EDGE('',*,*,#1196,.F.);
#1544=ORIENTED_EDGE('',*,*,#1197,.F.);
#1545=ORIENTED_EDGE('',*,*,#1198,.F.);
#1546=ORIENTED_EDGE('',*,*,#1197,.T.);
#1547=ORIENTED_EDGE('',*,*,#1199,.F.);
#1548=ORIENTED_EDGE('',*,*,#1200,.F.);
#1549=ORIENTED_EDGE('',*,*,#1201,.T.);
#1550=ORIENTED_EDGE('',*,*,#1200,.T.);
#1551=ORIENTED_EDGE('',*,*,#1202,.F.);
#1552=ORIENTED_EDGE('',*,*,#1203,.F.);
#1553=ORIENTED_EDGE('',*,*,#1204,.T.);
#1554=ORIENTED_EDGE('',*,*,#1203,.T.);
#1555=ORIENTED_EDGE('',*,*,#1205,.F.);
#1556=ORIENTED_EDGE('',*,*,#1206,.F.);
#1557=ORIENTED_EDGE('',*,*,#1207,.F.);
#1558=ORIENTED_EDGE('',*,*,#1206,.T.);
#1559=ORIENTED_EDGE('',*,*,#1208,.F.);
#1560=ORIENTED_EDGE('',*,*,#1209,.F.);
#1561=ORIENTED_EDGE('',*,*,#1210,.T.);
#1562=ORIENTED_EDGE('',*,*,#1209,.T.);
#1563=ORIENTED_EDGE('',*,*,#1211,.F.);
#1564=ORIENTED_EDGE('',*,*,#1212,.F.);
#1565=ORIENTED_EDGE('',*,*,#1213,.T.);
#1566=ORIENTED_EDGE('',*,*,#1212,.T.);
#1567=ORIENTED_EDGE('',*,*,#1214,.F.);
#1568=ORIENTED_EDGE('',*,*,#1180,.F.);
#1569=ORIENTED_EDGE('',*,*,#1215,.F.);
#1570=ORIENTED_EDGE('',*,*,#1216,.T.);
#1571=ORIENTED_EDGE('',*,*,#1217,.F.);
#1572=ORIENTED_EDGE('',*,*,#1216,.F.);
#1573=ORIENTED_EDGE('',*,*,#1218,.F.);
#1574=ORIENTED_EDGE('',*,*,#1219,.T.);
#1575=ORIENTED_EDGE('',*,*,#1220,.F.);
#1576=ORIENTED_EDGE('',*,*,#1219,.F.);
#1577=ORIENTED_EDGE('',*,*,#1221,.F.);
#1578=ORIENTED_EDGE('',*,*,#1222,.T.);
#1579=ORIENTED_EDGE('',*,*,#1223,.F.);
#1580=ORIENTED_EDGE('',*,*,#1224,.F.);
#1581=ORIENTED_EDGE('',*,*,#1225,.F.);
#1582=ORIENTED_EDGE('',*,*,#1224,.T.);
#1583=ORIENTED_EDGE('',*,*,#1226,.F.);
#1584=ORIENTED_EDGE('',*,*,#1227,.F.);
#1585=ORIENTED_EDGE('',*,*,#1228,.T.);
#1586=ORIENTED_EDGE('',*,*,#1227,.T.);
#1587=ORIENTED_EDGE('',*,*,#1229,.F.);
#1588=ORIENTED_EDGE('',*,*,#1230,.F.);
#1589=ORIENTED_EDGE('',*,*,#1231,.F.);
#1590=ORIENTED_EDGE('',*,*,#1230,.T.);
#1591=ORIENTED_EDGE('',*,*,#1232,.F.);
#1592=ORIENTED_EDGE('',*,*,#1233,.F.);
#1593=ORIENTED_EDGE('',*,*,#1234,.F.);
#1594=ORIENTED_EDGE('',*,*,#1233,.T.);
#1595=ORIENTED_EDGE('',*,*,#1235,.F.);
#1596=ORIENTED_EDGE('',*,*,#1236,.F.);
#1597=ORIENTED_EDGE('',*,*,#1237,.F.);
#1598=ORIENTED_EDGE('',*,*,#1236,.T.);
#1599=ORIENTED_EDGE('',*,*,#1238,.F.);
#1600=ORIENTED_EDGE('',*,*,#1239,.F.);
#1601=ORIENTED_EDGE('',*,*,#1240,.T.);
#1602=ORIENTED_EDGE('',*,*,#1239,.T.);
#1603=ORIENTED_EDGE('',*,*,#1241,.F.);
#1604=ORIENTED_EDGE('',*,*,#1242,.F.);
#1605=ORIENTED_EDGE('',*,*,#1243,.T.);
#1606=ORIENTED_EDGE('',*,*,#1242,.T.);
#1607=ORIENTED_EDGE('',*,*,#1244,.F.);
#1608=ORIENTED_EDGE('',*,*,#1245,.F.);
#1609=ORIENTED_EDGE('',*,*,#1246,.F.);
#1610=ORIENTED_EDGE('',*,*,#1245,.T.);
#1611=ORIENTED_EDGE('',*,*,#1247,.F.);
#1612=ORIENTED_EDGE('',*,*,#1248,.F.);
#1613=ORIENTED_EDGE('',*,*,#1249,.T.);
#1614=ORIENTED_EDGE('',*,*,#1248,.T.);
#1615=ORIENTED_EDGE('',*,*,#1250,.F.);
#1616=ORIENTED_EDGE('',*,*,#1251,.F.);
#1617=ORIENTED_EDGE('',*,*,#1252,.T.);
#1618=ORIENTED_EDGE('',*,*,#1251,.T.);
#1619=ORIENTED_EDGE('',*,*,#1253,.F.);
#1620=ORIENTED_EDGE('',*,*,#1254,.F.);
#1621=ORIENTED_EDGE('',*,*,#1255,.T.);
#1622=ORIENTED_EDGE('',*,*,#1254,.T.);
#1623=ORIENTED_EDGE('',*,*,#1256,.F.);
#1624=ORIENTED_EDGE('',*,*,#1222,.F.);
#1625=ORIENTED_EDGE('',*,*,#1257,.F.);
#1626=ORIENTED_EDGE('',*,*,#1258,.T.);
#1627=ORIENTED_EDGE('',*,*,#1259,.F.);
#1628=ORIENTED_EDGE('',*,*,#1258,.F.);
#1629=ORIENTED_EDGE('',*,*,#1260,.F.);
#1630=ORIENTED_EDGE('',*,*,#1261,.T.);
#1631=ORIENTED_EDGE('',*,*,#1262,.F.);
#1632=ORIENTED_EDGE('',*,*,#1261,.F.);
#1633=ORIENTED_EDGE('',*,*,#1263,.F.);
#1634=ORIENTED_EDGE('',*,*,#1264,.T.);
#1635=ORIENTED_EDGE('',*,*,#1265,.F.);
#1636=ORIENTED_EDGE('',*,*,#1264,.F.);
#1637=ORIENTED_EDGE('',*,*,#1266,.F.);
#1638=ORIENTED_EDGE('',*,*,#1267,.T.);
#1639=ORIENTED_EDGE('',*,*,#1268,.F.);
#1640=ORIENTED_EDGE('',*,*,#1267,.F.);
#1641=ORIENTED_EDGE('',*,*,#1269,.F.);
#1642=ORIENTED_EDGE('',*,*,#1270,.T.);
#1643=ORIENTED_EDGE('',*,*,#1271,.F.);
#1644=ORIENTED_EDGE('',*,*,#1272,.F.);
#1645=ORIENTED_EDGE('',*,*,#1273,.T.);
#1646=ORIENTED_EDGE('',*,*,#1272,.T.);
#1647=ORIENTED_EDGE('',*,*,#1274,.F.);
#1648=ORIENTED_EDGE('',*,*,#1275,.F.);
#1649=ORIENTED_EDGE('',*,*,#1276,.F.);
#1650=ORIENTED_EDGE('',*,*,#1275,.T.);
#1651=ORIENTED_EDGE('',*,*,#1277,.F.);
#1652=ORIENTED_EDGE('',*,*,#1278,.F.);
#1653=ORIENTED_EDGE('',*,*,#1279,.T.);
#1654=ORIENTED_EDGE('',*,*,#1278,.T.);
#1655=ORIENTED_EDGE('',*,*,#1280,.F.);
#1656=ORIENTED_EDGE('',*,*,#1281,.F.);
#1657=ORIENTED_EDGE('',*,*,#1282,.T.);
#1658=ORIENTED_EDGE('',*,*,#1281,.T.);
#1659=ORIENTED_EDGE('',*,*,#1283,.F.);
#1660=ORIENTED_EDGE('',*,*,#1284,.F.);
#1661=ORIENTED_EDGE('',*,*,#1285,.T.);
#1662=ORIENTED_EDGE('',*,*,#1284,.T.);
#1663=ORIENTED_EDGE('',*,*,#1286,.F.);
#1664=ORIENTED_EDGE('',*,*,#1287,.F.);
#1665=ORIENTED_EDGE('',*,*,#1288,.T.);
#1666=ORIENTED_EDGE('',*,*,#1287,.T.);
#1667=ORIENTED_EDGE('',*,*,#1289,.F.);
#1668=ORIENTED_EDGE('',*,*,#1290,.F.);
#1669=ORIENTED_EDGE('',*,*,#1291,.T.);
#1670=ORIENTED_EDGE('',*,*,#1290,.T.);
#1671=ORIENTED_EDGE('',*,*,#1292,.F.);
#1672=ORIENTED_EDGE('',*,*,#1293,.F.);
#1673=ORIENTED_EDGE('',*,*,#1294,.F.);
#1674=ORIENTED_EDGE('',*,*,#1293,.T.);
#1675=ORIENTED_EDGE('',*,*,#1295,.F.);
#1676=ORIENTED_EDGE('',*,*,#1296,.F.);
#1677=ORIENTED_EDGE('',*,*,#1297,.F.);
#1678=ORIENTED_EDGE('',*,*,#1296,.T.);
#1679=ORIENTED_EDGE('',*,*,#1298,.F.);
#1680=ORIENTED_EDGE('',*,*,#1299,.F.);
#1681=ORIENTED_EDGE('',*,*,#1300,.F.);
#1682=ORIENTED_EDGE('',*,*,#1299,.T.);
#1683=ORIENTED_EDGE('',*,*,#1301,.F.);
#1684=ORIENTED_EDGE('',*,*,#1302,.F.);
#1685=ORIENTED_EDGE('',*,*,#1303,.T.);
#1686=ORIENTED_EDGE('',*,*,#1302,.T.);
#1687=ORIENTED_EDGE('',*,*,#1304,.F.);
#1688=ORIENTED_EDGE('',*,*,#1305,.F.);
#1689=ORIENTED_EDGE('',*,*,#1306,.F.);
#1690=ORIENTED_EDGE('',*,*,#1305,.T.);
#1691=ORIENTED_EDGE('',*,*,#1307,.F.);
#1692=ORIENTED_EDGE('',*,*,#1308,.F.);
#1693=ORIENTED_EDGE('',*,*,#1309,.F.);
#1694=ORIENTED_EDGE('',*,*,#1308,.T.);
#1695=ORIENTED_EDGE('',*,*,#1310,.F.);
#1696=ORIENTED_EDGE('',*,*,#1311,.F.);
#1697=ORIENTED_EDGE('',*,*,#1312,.F.);
#1698=ORIENTED_EDGE('',*,*,#1311,.T.);
#1699=ORIENTED_EDGE('',*,*,#1313,.F.);
#1700=ORIENTED_EDGE('',*,*,#1314,.F.);
#1701=ORIENTED_EDGE('',*,*,#1315,.T.);
#1702=ORIENTED_EDGE('',*,*,#1314,.T.);
#1703=ORIENTED_EDGE('',*,*,#1316,.F.);
#1704=ORIENTED_EDGE('',*,*,#1317,.F.);
#1705=ORIENTED_EDGE('',*,*,#1318,.T.);
#1706=ORIENTED_EDGE('',*,*,#1317,.T.);
#1707=ORIENTED_EDGE('',*,*,#1319,.F.);
#1708=ORIENTED_EDGE('',*,*,#1320,.F.);
#1709=ORIENTED_EDGE('',*,*,#1321,.F.);
#1710=ORIENTED_EDGE('',*,*,#1320,.T.);
#1711=ORIENTED_EDGE('',*,*,#1322,.F.);
#1712=ORIENTED_EDGE('',*,*,#1323,.F.);
#1713=ORIENTED_EDGE('',*,*,#1324,.T.);
#1714=ORIENTED_EDGE('',*,*,#1323,.T.);
#1715=ORIENTED_EDGE('',*,*,#1325,.F.);
#1716=ORIENTED_EDGE('',*,*,#1326,.F.);
#1717=ORIENTED_EDGE('',*,*,#1327,.F.);
#1718=ORIENTED_EDGE('',*,*,#1326,.T.);
#1719=ORIENTED_EDGE('',*,*,#1328,.F.);
#1720=ORIENTED_EDGE('',*,*,#1329,.F.);
#1721=ORIENTED_EDGE('',*,*,#1330,.F.);
#1722=ORIENTED_EDGE('',*,*,#1329,.T.);
#1723=ORIENTED_EDGE('',*,*,#1331,.F.);
#1724=ORIENTED_EDGE('',*,*,#1332,.F.);
#1725=ORIENTED_EDGE('',*,*,#1333,.F.);
#1726=ORIENTED_EDGE('',*,*,#1332,.T.);
#1727=ORIENTED_EDGE('',*,*,#1334,.F.);
#1728=ORIENTED_EDGE('',*,*,#1335,.F.);
#1729=ORIENTED_EDGE('',*,*,#1336,.T.);
#1730=ORIENTED_EDGE('',*,*,#1335,.T.);
#1731=ORIENTED_EDGE('',*,*,#1337,.F.);
#1732=ORIENTED_EDGE('',*,*,#1338,.F.);
#1733=ORIENTED_EDGE('',*,*,#1339,.F.);
#1734=ORIENTED_EDGE('',*,*,#1338,.T.);
#1735=ORIENTED_EDGE('',*,*,#1340,.F.);
#1736=ORIENTED_EDGE('',*,*,#1341,.F.);
#1737=ORIENTED_EDGE('',*,*,#1342,.T.);
#1738=ORIENTED_EDGE('',*,*,#1341,.T.);
#1739=ORIENTED_EDGE('',*,*,#1343,.F.);
#1740=ORIENTED_EDGE('',*,*,#1344,.F.);
#1741=ORIENTED_EDGE('',*,*,#1345,.F.);
#1742=ORIENTED_EDGE('',*,*,#1344,.T.);
#1743=ORIENTED_EDGE('',*,*,#1346,.F.);
#1744=ORIENTED_EDGE('',*,*,#1347,.F.);
#1745=ORIENTED_EDGE('',*,*,#1348,.F.);
#1746=ORIENTED_EDGE('',*,*,#1347,.T.);
#1747=ORIENTED_EDGE('',*,*,#1349,.F.);
#1748=ORIENTED_EDGE('',*,*,#1350,.F.);
#1749=ORIENTED_EDGE('',*,*,#1351,.F.);
#1750=ORIENTED_EDGE('',*,*,#1350,.T.);
#1751=ORIENTED_EDGE('',*,*,#1352,.F.);
#1752=ORIENTED_EDGE('',*,*,#1353,.F.);
#1753=ORIENTED_EDGE('',*,*,#1354,.F.);
#1754=ORIENTED_EDGE('',*,*,#1353,.T.);
#1755=ORIENTED_EDGE('',*,*,#1355,.F.);
#1756=ORIENTED_EDGE('',*,*,#1356,.F.);
#1757=ORIENTED_EDGE('',*,*,#1357,.T.);
#1758=ORIENTED_EDGE('',*,*,#1356,.T.);
#1759=ORIENTED_EDGE('',*,*,#1358,.F.);
#1760=ORIENTED_EDGE('',*,*,#1359,.F.);
#1761=ORIENTED_EDGE('',*,*,#1360,.F.);
#1762=ORIENTED_EDGE('',*,*,#1359,.T.);
#1763=ORIENTED_EDGE('',*,*,#1361,.F.);
#1764=ORIENTED_EDGE('',*,*,#1362,.F.);
#1765=ORIENTED_EDGE('',*,*,#1363,.F.);
#1766=ORIENTED_EDGE('',*,*,#1362,.T.);
#1767=ORIENTED_EDGE('',*,*,#1364,.F.);
#1768=ORIENTED_EDGE('',*,*,#1365,.F.);
#1769=ORIENTED_EDGE('',*,*,#1366,.T.);
#1770=ORIENTED_EDGE('',*,*,#1365,.T.);
#1771=ORIENTED_EDGE('',*,*,#1367,.F.);
#1772=ORIENTED_EDGE('',*,*,#1368,.F.);
#1773=ORIENTED_EDGE('',*,*,#1369,.T.);
#1774=ORIENTED_EDGE('',*,*,#1368,.T.);
#1775=ORIENTED_EDGE('',*,*,#1370,.F.);
#1776=ORIENTED_EDGE('',*,*,#1371,.F.);
#1777=ORIENTED_EDGE('',*,*,#1372,.T.);
#1778=ORIENTED_EDGE('',*,*,#1371,.T.);
#1779=ORIENTED_EDGE('',*,*,#1373,.F.);
#1780=ORIENTED_EDGE('',*,*,#1374,.F.);
#1781=ORIENTED_EDGE('',*,*,#1375,.T.);
#1782=ORIENTED_EDGE('',*,*,#1374,.T.);
#1783=ORIENTED_EDGE('',*,*,#1376,.F.);
#1784=ORIENTED_EDGE('',*,*,#1270,.F.);
#1785=ORIENTED_EDGE('',*,*,#1376,.T.);
#1786=ORIENTED_EDGE('',*,*,#1373,.T.);
#1787=ORIENTED_EDGE('',*,*,#1370,.T.);
#1788=ORIENTED_EDGE('',*,*,#1367,.T.);
#1789=ORIENTED_EDGE('',*,*,#1364,.T.);
#1790=ORIENTED_EDGE('',*,*,#1361,.T.);
#1791=ORIENTED_EDGE('',*,*,#1358,.T.);
#1792=ORIENTED_EDGE('',*,*,#1355,.T.);
#1793=ORIENTED_EDGE('',*,*,#1352,.T.);
#1794=ORIENTED_EDGE('',*,*,#1349,.T.);
#1795=ORIENTED_EDGE('',*,*,#1346,.T.);
#1796=ORIENTED_EDGE('',*,*,#1343,.T.);
#1797=ORIENTED_EDGE('',*,*,#1340,.T.);
#1798=ORIENTED_EDGE('',*,*,#1337,.T.);
#1799=ORIENTED_EDGE('',*,*,#1334,.T.);
#1800=ORIENTED_EDGE('',*,*,#1331,.T.);
#1801=ORIENTED_EDGE('',*,*,#1328,.T.);
#1802=ORIENTED_EDGE('',*,*,#1325,.T.);
#1803=ORIENTED_EDGE('',*,*,#1322,.T.);
#1804=ORIENTED_EDGE('',*,*,#1319,.T.);
#1805=ORIENTED_EDGE('',*,*,#1316,.T.);
#1806=ORIENTED_EDGE('',*,*,#1313,.T.);
#1807=ORIENTED_EDGE('',*,*,#1310,.T.);
#1808=ORIENTED_EDGE('',*,*,#1307,.T.);
#1809=ORIENTED_EDGE('',*,*,#1304,.T.);
#1810=ORIENTED_EDGE('',*,*,#1301,.T.);
#1811=ORIENTED_EDGE('',*,*,#1298,.T.);
#1812=ORIENTED_EDGE('',*,*,#1295,.T.);
#1813=ORIENTED_EDGE('',*,*,#1292,.T.);
#1814=ORIENTED_EDGE('',*,*,#1289,.T.);
#1815=ORIENTED_EDGE('',*,*,#1286,.T.);
#1816=ORIENTED_EDGE('',*,*,#1283,.T.);
#1817=ORIENTED_EDGE('',*,*,#1280,.T.);
#1818=ORIENTED_EDGE('',*,*,#1277,.T.);
#1819=ORIENTED_EDGE('',*,*,#1274,.T.);
#1820=ORIENTED_EDGE('',*,*,#1271,.T.);
#1821=ORIENTED_EDGE('',*,*,#1091,.T.);
#1822=ORIENTED_EDGE('',*,*,#1088,.T.);
#1823=ORIENTED_EDGE('',*,*,#1085,.T.);
#1824=ORIENTED_EDGE('',*,*,#1082,.T.);
#1825=ORIENTED_EDGE('',*,*,#1079,.T.);
#1826=ORIENTED_EDGE('',*,*,#1076,.T.);
#1827=ORIENTED_EDGE('',*,*,#1073,.T.);
#1828=ORIENTED_EDGE('',*,*,#1106,.T.);
#1829=ORIENTED_EDGE('',*,*,#1103,.T.);
#1830=ORIENTED_EDGE('',*,*,#1100,.T.);
#1831=ORIENTED_EDGE('',*,*,#1097,.T.);
#1832=ORIENTED_EDGE('',*,*,#1094,.T.);
#1833=ORIENTED_EDGE('',*,*,#1127,.T.);
#1834=ORIENTED_EDGE('',*,*,#1124,.T.);
#1835=ORIENTED_EDGE('',*,*,#1121,.T.);
#1836=ORIENTED_EDGE('',*,*,#1118,.T.);
#1837=ORIENTED_EDGE('',*,*,#1115,.T.);
#1838=ORIENTED_EDGE('',*,*,#1112,.T.);
#1839=ORIENTED_EDGE('',*,*,#1109,.T.);
#1840=ORIENTED_EDGE('',*,*,#1142,.T.);
#1841=ORIENTED_EDGE('',*,*,#1139,.T.);
#1842=ORIENTED_EDGE('',*,*,#1136,.T.);
#1843=ORIENTED_EDGE('',*,*,#1133,.T.);
#1844=ORIENTED_EDGE('',*,*,#1130,.T.);
#1845=ORIENTED_EDGE('',*,*,#1163,.T.);
#1846=ORIENTED_EDGE('',*,*,#1160,.T.);
#1847=ORIENTED_EDGE('',*,*,#1157,.T.);
#1848=ORIENTED_EDGE('',*,*,#1154,.T.);
#1849=ORIENTED_EDGE('',*,*,#1151,.T.);
#1850=ORIENTED_EDGE('',*,*,#1148,.T.);
#1851=ORIENTED_EDGE('',*,*,#1145,.T.);
#1852=ORIENTED_EDGE('',*,*,#1178,.T.);
#1853=ORIENTED_EDGE('',*,*,#1175,.T.);
#1854=ORIENTED_EDGE('',*,*,#1172,.T.);
#1855=ORIENTED_EDGE('',*,*,#1169,.T.);
#1856=ORIENTED_EDGE('',*,*,#1166,.T.);
#1857=ORIENTED_EDGE('',*,*,#1266,.T.);
#1858=ORIENTED_EDGE('',*,*,#1263,.T.);
#1859=ORIENTED_EDGE('',*,*,#1260,.T.);
#1860=ORIENTED_EDGE('',*,*,#1257,.T.);
#1861=ORIENTED_EDGE('',*,*,#1256,.T.);
#1862=ORIENTED_EDGE('',*,*,#1253,.T.);
#1863=ORIENTED_EDGE('',*,*,#1250,.T.);
#1864=ORIENTED_EDGE('',*,*,#1247,.T.);
#1865=ORIENTED_EDGE('',*,*,#1244,.T.);
#1866=ORIENTED_EDGE('',*,*,#1241,.T.);
#1867=ORIENTED_EDGE('',*,*,#1238,.T.);
#1868=ORIENTED_EDGE('',*,*,#1235,.T.);
#1869=ORIENTED_EDGE('',*,*,#1232,.T.);
#1870=ORIENTED_EDGE('',*,*,#1229,.T.);
#1871=ORIENTED_EDGE('',*,*,#1226,.T.);
#1872=ORIENTED_EDGE('',*,*,#1223,.T.);
#1873=ORIENTED_EDGE('',*,*,#1218,.T.);
#1874=ORIENTED_EDGE('',*,*,#1215,.T.);
#1875=ORIENTED_EDGE('',*,*,#1214,.T.);
#1876=ORIENTED_EDGE('',*,*,#1211,.T.);
#1877=ORIENTED_EDGE('',*,*,#1208,.T.);
#1878=ORIENTED_EDGE('',*,*,#1205,.T.);
#1879=ORIENTED_EDGE('',*,*,#1202,.T.);
#1880=ORIENTED_EDGE('',*,*,#1199,.T.);
#1881=ORIENTED_EDGE('',*,*,#1196,.T.);
#1882=ORIENTED_EDGE('',*,*,#1193,.T.);
#1883=ORIENTED_EDGE('',*,*,#1190,.T.);
#1884=ORIENTED_EDGE('',*,*,#1187,.T.);
#1885=ORIENTED_EDGE('',*,*,#1184,.T.);
#1886=ORIENTED_EDGE('',*,*,#1181,.T.);
#1887=ORIENTED_EDGE('',*,*,#1375,.F.);
#1888=ORIENTED_EDGE('',*,*,#1269,.T.);
#1889=ORIENTED_EDGE('',*,*,#1273,.F.);
#1890=ORIENTED_EDGE('',*,*,#1276,.T.);
#1891=ORIENTED_EDGE('',*,*,#1279,.F.);
#1892=ORIENTED_EDGE('',*,*,#1282,.F.);
#1893=ORIENTED_EDGE('',*,*,#1285,.F.);
#1894=ORIENTED_EDGE('',*,*,#1288,.F.);
#1895=ORIENTED_EDGE('',*,*,#1291,.F.);
#1896=ORIENTED_EDGE('',*,*,#1294,.T.);
#1897=ORIENTED_EDGE('',*,*,#1297,.T.);
#1898=ORIENTED_EDGE('',*,*,#1300,.T.);
#1899=ORIENTED_EDGE('',*,*,#1303,.F.);
#1900=ORIENTED_EDGE('',*,*,#1306,.T.);
#1901=ORIENTED_EDGE('',*,*,#1309,.T.);
#1902=ORIENTED_EDGE('',*,*,#1312,.T.);
#1903=ORIENTED_EDGE('',*,*,#1315,.F.);
#1904=ORIENTED_EDGE('',*,*,#1318,.F.);
#1905=ORIENTED_EDGE('',*,*,#1321,.T.);
#1906=ORIENTED_EDGE('',*,*,#1324,.F.);
#1907=ORIENTED_EDGE('',*,*,#1327,.T.);
#1908=ORIENTED_EDGE('',*,*,#1330,.T.);
#1909=ORIENTED_EDGE('',*,*,#1333,.T.);
#1910=ORIENTED_EDGE('',*,*,#1336,.F.);
#1911=ORIENTED_EDGE('',*,*,#1339,.T.);
#1912=ORIENTED_EDGE('',*,*,#1342,.F.);
#1913=ORIENTED_EDGE('',*,*,#1345,.T.);
#1914=ORIENTED_EDGE('',*,*,#1348,.T.);
#1915=ORIENTED_EDGE('',*,*,#1351,.T.);
#1916=ORIENTED_EDGE('',*,*,#1354,.T.);
#1917=ORIENTED_EDGE('',*,*,#1357,.F.);
#1918=ORIENTED_EDGE('',*,*,#1360,.T.);
#1919=ORIENTED_EDGE('',*,*,#1363,.T.);
#1920=ORIENTED_EDGE('',*,*,#1366,.F.);
#1921=ORIENTED_EDGE('',*,*,#1369,.F.);
#1922=ORIENTED_EDGE('',*,*,#1372,.F.);
#1923=ORIENTED_EDGE('',*,*,#1090,.T.);
#1924=ORIENTED_EDGE('',*,*,#1093,.T.);
#1925=ORIENTED_EDGE('',*,*,#1096,.T.);
#1926=ORIENTED_EDGE('',*,*,#1099,.T.);
#1927=ORIENTED_EDGE('',*,*,#1102,.T.);
#1928=ORIENTED_EDGE('',*,*,#1105,.T.);
#1929=ORIENTED_EDGE('',*,*,#1071,.T.);
#1930=ORIENTED_EDGE('',*,*,#1075,.T.);
#1931=ORIENTED_EDGE('',*,*,#1078,.T.);
#1932=ORIENTED_EDGE('',*,*,#1081,.T.);
#1933=ORIENTED_EDGE('',*,*,#1084,.T.);
#1934=ORIENTED_EDGE('',*,*,#1087,.T.);
#1935=ORIENTED_EDGE('',*,*,#1126,.T.);
#1936=ORIENTED_EDGE('',*,*,#1129,.T.);
#1937=ORIENTED_EDGE('',*,*,#1132,.T.);
#1938=ORIENTED_EDGE('',*,*,#1135,.T.);
#1939=ORIENTED_EDGE('',*,*,#1138,.T.);
#1940=ORIENTED_EDGE('',*,*,#1141,.T.);
#1941=ORIENTED_EDGE('',*,*,#1107,.T.);
#1942=ORIENTED_EDGE('',*,*,#1111,.T.);
#1943=ORIENTED_EDGE('',*,*,#1114,.T.);
#1944=ORIENTED_EDGE('',*,*,#1117,.T.);
#1945=ORIENTED_EDGE('',*,*,#1120,.T.);
#1946=ORIENTED_EDGE('',*,*,#1123,.T.);
#1947=ORIENTED_EDGE('',*,*,#1162,.T.);
#1948=ORIENTED_EDGE('',*,*,#1165,.T.);
#1949=ORIENTED_EDGE('',*,*,#1168,.T.);
#1950=ORIENTED_EDGE('',*,*,#1171,.T.);
#1951=ORIENTED_EDGE('',*,*,#1174,.T.);
#1952=ORIENTED_EDGE('',*,*,#1177,.T.);
#1953=ORIENTED_EDGE('',*,*,#1143,.T.);
#1954=ORIENTED_EDGE('',*,*,#1147,.T.);
#1955=ORIENTED_EDGE('',*,*,#1150,.T.);
#1956=ORIENTED_EDGE('',*,*,#1153,.T.);
#1957=ORIENTED_EDGE('',*,*,#1156,.T.);
#1958=ORIENTED_EDGE('',*,*,#1159,.T.);
#1959=ORIENTED_EDGE('',*,*,#1268,.T.);
#1960=ORIENTED_EDGE('',*,*,#1265,.T.);
#1961=ORIENTED_EDGE('',*,*,#1262,.T.);
#1962=ORIENTED_EDGE('',*,*,#1259,.T.);
#1963=ORIENTED_EDGE('',*,*,#1255,.F.);
#1964=ORIENTED_EDGE('',*,*,#1221,.T.);
#1965=ORIENTED_EDGE('',*,*,#1225,.T.);
#1966=ORIENTED_EDGE('',*,*,#1228,.F.);
#1967=ORIENTED_EDGE('',*,*,#1231,.T.);
#1968=ORIENTED_EDGE('',*,*,#1234,.T.);
#1969=ORIENTED_EDGE('',*,*,#1237,.T.);
#1970=ORIENTED_EDGE('',*,*,#1240,.F.);
#1971=ORIENTED_EDGE('',*,*,#1243,.F.);
#1972=ORIENTED_EDGE('',*,*,#1246,.T.);
#1973=ORIENTED_EDGE('',*,*,#1249,.F.);
#1974=ORIENTED_EDGE('',*,*,#1252,.F.);
#1975=ORIENTED_EDGE('',*,*,#1220,.T.);
#1976=ORIENTED_EDGE('',*,*,#1217,.T.);
#1977=ORIENTED_EDGE('',*,*,#1213,.F.);
#1978=ORIENTED_EDGE('',*,*,#1179,.F.);
#1979=ORIENTED_EDGE('',*,*,#1183,.T.);
#1980=ORIENTED_EDGE('',*,*,#1186,.T.);
#1981=ORIENTED_EDGE('',*,*,#1189,.F.);
#1982=ORIENTED_EDGE('',*,*,#1192,.T.);
#1983=ORIENTED_EDGE('',*,*,#1195,.T.);
#1984=ORIENTED_EDGE('',*,*,#1198,.T.);
#1985=ORIENTED_EDGE('',*,*,#1201,.F.);
#1986=ORIENTED_EDGE('',*,*,#1204,.F.);
#1987=ORIENTED_EDGE('',*,*,#1207,.T.);
#1988=ORIENTED_EDGE('',*,*,#1210,.F.);
#1989=PLANE('',#2199);
#1990=PLANE('',#2200);
#1991=PLANE('',#2201);
#1992=PLANE('',#2202);
#1993=PLANE('',#2203);
#1994=PLANE('',#2204);
#1995=PLANE('',#2205);
#1996=PLANE('',#2206);
#1997=PLANE('',#2207);
#1998=PLANE('',#2208);
#1999=PLANE('',#2209);
#2000=PLANE('',#2210);
#2001=PLANE('',#2211);
#2002=PLANE('',#2212);
#2003=PLANE('',#2213);
#2004=PLANE('',#2214);
#2005=PLANE('',#2215);
#2006=PLANE('',#2216);
#2007=PLANE('',#2217);
#2008=PLANE('',#2218);
#2009=PLANE('',#2219);
#2010=PLANE('',#2220);
#2011=PLANE('',#2221);
#2012=PLANE('',#2222);
#2013=PLANE('',#2223);
#2014=PLANE('',#2224);
#2015=PLANE('',#2225);
#2016=PLANE('',#2226);
#2017=PLANE('',#2227);
#2018=PLANE('',#2228);
#2019=PLANE('',#2229);
#2020=PLANE('',#2230);
#2021=PLANE('',#2231);
#2022=PLANE('',#2232);
#2023=PLANE('',#2233);
#2024=PLANE('',#2234);
#2025=PLANE('',#2235);
#2026=PLANE('',#2236);
#2027=PLANE('',#2237);
#2028=PLANE('',#2238);
#2029=PLANE('',#2239);
#2030=PLANE('',#2240);
#2031=PLANE('',#2247);
#2032=PLANE('',#2248);
#2033=PLANE('',#2249);
#2034=PLANE('',#2250);
#2035=PLANE('',#2251);
#2036=PLANE('',#2252);
#2037=PLANE('',#2253);
#2038=PLANE('',#2254);
#2039=PLANE('',#2255);
#2040=PLANE('',#2256);
#2041=PLANE('',#2257);
#2042=PLANE('',#2258);
#2043=PLANE('',#2271);
#2044=PLANE('',#2272);
#2045=PLANE('',#2273);
#2046=PLANE('',#2274);
#2047=PLANE('',#2275);
#2048=PLANE('',#2276);
#2049=PLANE('',#2277);
#2050=PLANE('',#2278);
#2051=PLANE('',#2279);
#2052=PLANE('',#2280);
#2053=PLANE('',#2281);
#2054=PLANE('',#2282);
#2055=PLANE('',#2283);
#2056=PLANE('',#2284);
#2057=PLANE('',#2285);
#2058=PLANE('',#2286);
#2059=PLANE('',#2287);
#2060=PLANE('',#2288);
#2061=PLANE('',#2289);
#2062=PLANE('',#2290);
#2063=PLANE('',#2291);
#2064=PLANE('',#2292);
#2065=PLANE('',#2293);
#2066=PLANE('',#2294);
#2067=PLANE('',#2295);
#2068=PLANE('',#2296);
#2069=PLANE('',#2297);
#2070=PLANE('',#2298);
#2071=PLANE('',#2299);
#2072=PLANE('',#2300);
#2073=PLANE('',#2301);
#2074=PLANE('',#2302);
#2075=PLANE('',#2303);
#2076=PLANE('',#2304);
#2077=PLANE('',#2305);
#2078=PLANE('',#2306);
#2079=PLANE('',#2307);
#2080=PLANE('',#2308);
#2081=ADVANCED_FACE('',(#73),#1989,.F.);
#2082=ADVANCED_FACE('',(#74),#1990,.F.);
#2083=ADVANCED_FACE('',(#75),#67,.F.);
#2084=ADVANCED_FACE('',(#76),#1991,.F.);
#2085=ADVANCED_FACE('',(#77),#1992,.F.);
#2086=ADVANCED_FACE('',(#78),#1993,.F.);
#2087=ADVANCED_FACE('',(#79),#1994,.F.);
#2088=ADVANCED_FACE('',(#80),#1995,.F.);
#2089=ADVANCED_FACE('',(#81),#68,.F.);
#2090=ADVANCED_FACE('',(#82),#1996,.F.);
#2091=ADVANCED_FACE('',(#83),#1997,.F.);
#2092=ADVANCED_FACE('',(#84),#1998,.F.);
#2093=ADVANCED_FACE('',(#85),#1999,.F.);
#2094=ADVANCED_FACE('',(#86),#2000,.F.);
#2095=ADVANCED_FACE('',(#87),#69,.F.);
#2096=ADVANCED_FACE('',(#88),#2001,.F.);
#2097=ADVANCED_FACE('',(#89),#2002,.F.);
#2098=ADVANCED_FACE('',(#90),#2003,.F.);
#2099=ADVANCED_FACE('',(#91),#2004,.F.);
#2100=ADVANCED_FACE('',(#92),#2005,.F.);
#2101=ADVANCED_FACE('',(#93),#70,.F.);
#2102=ADVANCED_FACE('',(#94),#2006,.F.);
#2103=ADVANCED_FACE('',(#95),#2007,.F.);
#2104=ADVANCED_FACE('',(#96),#2008,.F.);
#2105=ADVANCED_FACE('',(#97),#2009,.F.);
#2106=ADVANCED_FACE('',(#98),#2010,.F.);
#2107=ADVANCED_FACE('',(#99),#71,.F.);
#2108=ADVANCED_FACE('',(#100),#2011,.F.);
#2109=ADVANCED_FACE('',(#101),#2012,.F.);
#2110=ADVANCED_FACE('',(#102),#2013,.F.);
#2111=ADVANCED_FACE('',(#103),#2014,.F.);
#2112=ADVANCED_FACE('',(#104),#2015,.F.);
#2113=ADVANCED_FACE('',(#105),#72,.F.);
#2114=ADVANCED_FACE('',(#106),#2016,.F.);
#2115=ADVANCED_FACE('',(#107),#2017,.F.);
#2116=ADVANCED_FACE('',(#108),#2018,.F.);
#2117=ADVANCED_FACE('',(#109),#2019,.T.);
#2118=ADVANCED_FACE('',(#110),#2020,.T.);
#2119=ADVANCED_FACE('',(#111),#2021,.T.);
#2120=ADVANCED_FACE('',(#112),#2022,.T.);
#2121=ADVANCED_FACE('',(#113),#2023,.T.);
#2122=ADVANCED_FACE('',(#114),#2024,.T.);
#2123=ADVANCED_FACE('',(#115),#2025,.T.);
#2124=ADVANCED_FACE('',(#116),#2026,.T.);
#2125=ADVANCED_FACE('',(#117),#2027,.T.);
#2126=ADVANCED_FACE('',(#118),#2028,.T.);
#2127=ADVANCED_FACE('',(#119),#2029,.T.);
#2128=ADVANCED_FACE('',(#120),#2030,.T.);
#2129=ADVANCED_FACE('',(#121),#49,.F.);
#2130=ADVANCED_FACE('',(#122),#50,.F.);
#2131=ADVANCED_FACE('',(#123),#2031,.T.);
#2132=ADVANCED_FACE('',(#124),#2032,.T.);
#2133=ADVANCED_FACE('',(#125),#2033,.T.);
#2134=ADVANCED_FACE('',(#126),#2034,.T.);
#2135=ADVANCED_FACE('',(#127),#2035,.T.);
#2136=ADVANCED_FACE('',(#128),#2036,.T.);
#2137=ADVANCED_FACE('',(#129),#2037,.T.);
#2138=ADVANCED_FACE('',(#130),#2038,.T.);
#2139=ADVANCED_FACE('',(#131),#2039,.T.);
#2140=ADVANCED_FACE('',(#132),#2040,.T.);
#2141=ADVANCED_FACE('',(#133),#2041,.T.);
#2142=ADVANCED_FACE('',(#134),#2042,.T.);
#2143=ADVANCED_FACE('',(#135),#51,.F.);
#2144=ADVANCED_FACE('',(#136),#52,.F.);
#2145=ADVANCED_FACE('',(#137),#53,.F.);
#2146=ADVANCED_FACE('',(#138),#54,.F.);
#2147=ADVANCED_FACE('',(#139),#2043,.T.);
#2148=ADVANCED_FACE('',(#140),#2044,.T.);
#2149=ADVANCED_FACE('',(#141),#2045,.T.);
#2150=ADVANCED_FACE('',(#142),#2046,.T.);
#2151=ADVANCED_FACE('',(#143),#2047,.T.);
#2152=ADVANCED_FACE('',(#144),#2048,.T.);
#2153=ADVANCED_FACE('',(#145),#2049,.T.);
#2154=ADVANCED_FACE('',(#146),#2050,.T.);
#2155=ADVANCED_FACE('',(#147),#2051,.T.);
#2156=ADVANCED_FACE('',(#148),#2052,.T.);
#2157=ADVANCED_FACE('',(#149),#2053,.T.);
#2158=ADVANCED_FACE('',(#150),#2054,.T.);
#2159=ADVANCED_FACE('',(#151),#2055,.T.);
#2160=ADVANCED_FACE('',(#152),#2056,.T.);
#2161=ADVANCED_FACE('',(#153),#2057,.T.);
#2162=ADVANCED_FACE('',(#154),#2058,.T.);
#2163=ADVANCED_FACE('',(#155),#2059,.T.);
#2164=ADVANCED_FACE('',(#156),#2060,.T.);
#2165=ADVANCED_FACE('',(#157),#2061,.T.);
#2166=ADVANCED_FACE('',(#158),#2062,.T.);
#2167=ADVANCED_FACE('',(#159),#2063,.T.);
#2168=ADVANCED_FACE('',(#160),#2064,.T.);
#2169=ADVANCED_FACE('',(#161),#2065,.T.);
#2170=ADVANCED_FACE('',(#162),#2066,.T.);
#2171=ADVANCED_FACE('',(#163),#2067,.T.);
#2172=ADVANCED_FACE('',(#164),#2068,.T.);
#2173=ADVANCED_FACE('',(#165),#2069,.T.);
#2174=ADVANCED_FACE('',(#166),#2070,.T.);
#2175=ADVANCED_FACE('',(#167),#2071,.T.);
#2176=ADVANCED_FACE('',(#168),#2072,.T.);
#2177=ADVANCED_FACE('',(#169),#2073,.T.);
#2178=ADVANCED_FACE('',(#170),#2074,.T.);
#2179=ADVANCED_FACE('',(#171),#2075,.T.);
#2180=ADVANCED_FACE('',(#172),#2076,.T.);
#2181=ADVANCED_FACE('',(#173),#2077,.T.);
#2182=ADVANCED_FACE('',(#174),#2078,.T.);
#2183=ADVANCED_FACE('',(#175,#15,#16,#17,#18,#19,#20,#21,#22,#23,#24,#25),
#2079,.T.);
#2184=ADVANCED_FACE('',(#176,#26,#27,#28,#29,#30,#31,#32,#33,#34,#35,#36),
#2080,.F.);
#2185=CLOSED_SHELL('',(#2081,#2082,#2083,#2084,#2085,#2086,#2087,#2088,
#2089,#2090,#2091,#2092,#2093,#2094,#2095,#2096,#2097,#2098,#2099,#2100,
#2101,#2102,#2103,#2104,#2105,#2106,#2107,#2108,#2109,#2110,#2111,#2112,
#2113,#2114,#2115,#2116,#2117,#2118,#2119,#2120,#2121,#2122,#2123,#2124,
#2125,#2126,#2127,#2128,#2129,#2130,#2131,#2132,#2133,#2134,#2135,#2136,
#2137,#2138,#2139,#2140,#2141,#2142,#2143,#2144,#2145,#2146,#2147,#2148,
#2149,#2150,#2151,#2152,#2153,#2154,#2155,#2156,#2157,#2158,#2159,#2160,
#2161,#2162,#2163,#2164,#2165,#2166,#2167,#2168,#2169,#2170,#2171,#2172,
#2173,#2174,#2175,#2176,#2177,#2178,#2179,#2180,#2181,#2182,#2183,#2184));
#2186=DERIVED_UNIT_ELEMENT(#2188,1.);
#2187=DERIVED_UNIT_ELEMENT(#3819,-3.);
#2188=(
MASS_UNIT()
NAMED_UNIT(*)
SI_UNIT(.KILO.,.GRAM.)
);
#2189=DERIVED_UNIT((#2186,#2187));
#2190=MEASURE_REPRESENTATION_ITEM('density measure',
POSITIVE_RATIO_MEASURE(7850.),#2189);
#2191=PROPERTY_DEFINITION_REPRESENTATION(#2196,#2193);
#2192=PROPERTY_DEFINITION_REPRESENTATION(#2197,#2194);
#2193=REPRESENTATION('material name',(#2195),#3814);
#2194=REPRESENTATION('density',(#2190),#3814);
#2195=DESCRIPTIVE_REPRESENTATION_ITEM('Steel','Steel');
#2196=PROPERTY_DEFINITION('material property','material name',#3827);
#2197=PROPERTY_DEFINITION('material property','density of part',#3827);
#2198=AXIS2_PLACEMENT_3D('',#2813,#2309,#2310);
#2199=AXIS2_PLACEMENT_3D('',#2814,#2311,#2312);
#2200=AXIS2_PLACEMENT_3D('',#2823,#2317,#2318);
#2201=AXIS2_PLACEMENT_3D('',#2905,#2323,#2324);
#2202=AXIS2_PLACEMENT_3D('',#2911,#2328,#2329);
#2203=AXIS2_PLACEMENT_3D('',#2917,#2333,#2334);
#2204=AXIS2_PLACEMENT_3D('',#2923,#2338,#2339);
#2205=AXIS2_PLACEMENT_3D('',#2929,#2343,#2344);
#2206=AXIS2_PLACEMENT_3D('',#2999,#2349,#2350);
#2207=AXIS2_PLACEMENT_3D('',#3005,#2354,#2355);
#2208=AXIS2_PLACEMENT_3D('',#3011,#2359,#2360);
#2209=AXIS2_PLACEMENT_3D('',#3014,#2363,#2364);
#2210=AXIS2_PLACEMENT_3D('',#3023,#2369,#2370);
#2211=AXIS2_PLACEMENT_3D('',#3093,#2375,#2376);
#2212=AXIS2_PLACEMENT_3D('',#3099,#2380,#2381);
#2213=AXIS2_PLACEMENT_3D('',#3105,#2385,#2386);
#2214=AXIS2_PLACEMENT_3D('',#3111,#2390,#2391);
#2215=AXIS2_PLACEMENT_3D('',#3117,#2395,#2396);
#2216=AXIS2_PLACEMENT_3D('',#3199,#2401,#2402);
#2217=AXIS2_PLACEMENT_3D('',#3205,#2406,#2407);
#2218=AXIS2_PLACEMENT_3D('',#3211,#2411,#2412);
#2219=AXIS2_PLACEMENT_3D('',#3214,#2415,#2416);
#2220=AXIS2_PLACEMENT_3D('',#3223,#2421,#2422);
#2221=AXIS2_PLACEMENT_3D('',#3305,#2427,#2428);
#2222=AXIS2_PLACEMENT_3D('',#3311,#2432,#2433);
#2223=AXIS2_PLACEMENT_3D('',#3317,#2437,#2438);
#2224=AXIS2_PLACEMENT_3D('',#3323,#2442,#2443);
#2225=AXIS2_PLACEMENT_3D('',#3329,#2447,#2448);
#2226=AXIS2_PLACEMENT_3D('',#3399,#2453,#2454);
#2227=AXIS2_PLACEMENT_3D('',#3405,#2458,#2459);
#2228=AXIS2_PLACEMENT_3D('',#3411,#2463,#2464);
#2229=AXIS2_PLACEMENT_3D('',#3414,#2467,#2468);
#2230=AXIS2_PLACEMENT_3D('',#3423,#2473,#2474);
#2231=AXIS2_PLACEMENT_3D('',#3429,#2478,#2479);
#2232=AXIS2_PLACEMENT_3D('',#3435,#2483,#2484);
#2233=AXIS2_PLACEMENT_3D('',#3441,#2488,#2489);
#2234=AXIS2_PLACEMENT_3D('',#3447,#2493,#2494);
#2235=AXIS2_PLACEMENT_3D('',#3453,#2498,#2499);
#2236=AXIS2_PLACEMENT_3D('',#3459,#2503,#2504);
#2237=AXIS2_PLACEMENT_3D('',#3465,#2508,#2509);
#2238=AXIS2_PLACEMENT_3D('',#3471,#2513,#2514);
#2239=AXIS2_PLACEMENT_3D('',#3477,#2518,#2519);
#2240=AXIS2_PLACEMENT_3D('',#3483,#2523,#2524);
#2241=AXIS2_PLACEMENT_3D('',#3486,#2527,#2528);
#2242=AXIS2_PLACEMENT_3D('',#3488,#2529,#2530);
#2243=AXIS2_PLACEMENT_3D('',#3491,#2532,#2533);
#2244=AXIS2_PLACEMENT_3D('',#3492,#2534,#2535);
#2245=AXIS2_PLACEMENT_3D('',#3494,#2536,#2537);
#2246=AXIS2_PLACEMENT_3D('',#3497,#2539,#2540);
#2247=AXIS2_PLACEMENT_3D('',#3498,#2541,#2542);
#2248=AXIS2_PLACEMENT_3D('',#3507,#2547,#2548);
#2249=AXIS2_PLACEMENT_3D('',#3513,#2552,#2553);
#2250=AXIS2_PLACEMENT_3D('',#3519,#2557,#2558);
#2251=AXIS2_PLACEMENT_3D('',#3525,#2562,#2563);
#2252=AXIS2_PLACEMENT_3D('',#3531,#2567,#2568);
#2253=AXIS2_PLACEMENT_3D('',#3537,#2572,#2573);
#2254=AXIS2_PLACEMENT_3D('',#3543,#2577,#2578);
#2255=AXIS2_PLACEMENT_3D('',#3549,#2582,#2583);
#2256=AXIS2_PLACEMENT_3D('',#3555,#2587,#2588);
#2257=AXIS2_PLACEMENT_3D('',#3561,#2592,#2593);
#2258=AXIS2_PLACEMENT_3D('',#3567,#2597,#2598);
#2259=AXIS2_PLACEMENT_3D('',#3570,#2601,#2602);
#2260=AXIS2_PLACEMENT_3D('',#3572,#2603,#2604);
#2261=AXIS2_PLACEMENT_3D('',#3575,#2606,#2607);
#2262=AXIS2_PLACEMENT_3D('',#3576,#2608,#2609);
#2263=AXIS2_PLACEMENT_3D('',#3578,#2610,#2611);
#2264=AXIS2_PLACEMENT_3D('',#3581,#2613,#2614);
#2265=AXIS2_PLACEMENT_3D('',#3582,#2615,#2616);
#2266=AXIS2_PLACEMENT_3D('',#3584,#2617,#2618);
#2267=AXIS2_PLACEMENT_3D('',#3587,#2620,#2621);
#2268=AXIS2_PLACEMENT_3D('',#3588,#2622,#2623);
#2269=AXIS2_PLACEMENT_3D('',#3590,#2624,#2625);
#2270=AXIS2_PLACEMENT_3D('',#3593,#2627,#2628);
#2271=AXIS2_PLACEMENT_3D('',#3594,#2629,#2630);
#2272=AXIS2_PLACEMENT_3D('',#3603,#2635,#2636);
#2273=AXIS2_PLACEMENT_3D('',#3609,#2640,#2641);
#2274=AXIS2_PLACEMENT_3D('',#3615,#2645,#2646);
#2275=AXIS2_PLACEMENT_3D('',#3621,#2650,#2651);
#2276=AXIS2_PLACEMENT_3D('',#3627,#2655,#2656);
#2277=AXIS2_PLACEMENT_3D('',#3633,#2660,#2661);
#2278=AXIS2_PLACEMENT_3D('',#3639,#2665,#2666);
#2279=AXIS2_PLACEMENT_3D('',#3645,#2670,#2671);
#2280=AXIS2_PLACEMENT_3D('',#3651,#2675,#2676);
#2281=AXIS2_PLACEMENT_3D('',#3657,#2680,#2681);
#2282=AXIS2_PLACEMENT_3D('',#3663,#2685,#2686);
#2283=AXIS2_PLACEMENT_3D('',#3669,#2690,#2691);
#2284=AXIS2_PLACEMENT_3D('',#3675,#2695,#2696);
#2285=AXIS2_PLACEMENT_3D('',#3681,#2700,#2701);
#2286=AXIS2_PLACEMENT_3D('',#3687,#2705,#2706);
#2287=AXIS2_PLACEMENT_3D('',#3693,#2710,#2711);
#2288=AXIS2_PLACEMENT_3D('',#3699,#2715,#2716);
#2289=AXIS2_PLACEMENT_3D('',#3705,#2720,#2721);
#2290=AXIS2_PLACEMENT_3D('',#3711,#2725,#2726);
#2291=AXIS2_PLACEMENT_3D('',#3717,#2730,#2731);
#2292=AXIS2_PLACEMENT_3D('',#3723,#2735,#2736);
#2293=AXIS2_PLACEMENT_3D('',#3729,#2740,#2741);
#2294=AXIS2_PLACEMENT_3D('',#3735,#2745,#2746);
#2295=AXIS2_PLACEMENT_3D('',#3741,#2750,#2751);
#2296=AXIS2_PLACEMENT_3D('',#3747,#2755,#2756);
#2297=AXIS2_PLACEMENT_3D('',#3753,#2760,#2761);
#2298=AXIS2_PLACEMENT_3D('',#3759,#2765,#2766);
#2299=AXIS2_PLACEMENT_3D('',#3765,#2770,#2771);
#2300=AXIS2_PLACEMENT_3D('',#3771,#2775,#2776);
#2301=AXIS2_PLACEMENT_3D('',#3777,#2780,#2781);
#2302=AXIS2_PLACEMENT_3D('',#3783,#2785,#2786);
#2303=AXIS2_PLACEMENT_3D('',#3789,#2790,#2791);
#2304=AXIS2_PLACEMENT_3D('',#3795,#2795,#2796);
#2305=AXIS2_PLACEMENT_3D('',#3801,#2800,#2801);
#2306=AXIS2_PLACEMENT_3D('',#3807,#2805,#2806);
#2307=AXIS2_PLACEMENT_3D('',#3810,#2809,#2810);
#2308=AXIS2_PLACEMENT_3D('',#3811,#2811,#2812);
#2309=DIRECTION('axis',(0.,0.,1.));
#2310=DIRECTION('refdir',(1.,0.,0.));
#2311=DIRECTION('center_axis',(-1.74838271594564E-13,1.,0.));
#2312=DIRECTION('ref_axis',(1.,1.74838271594564E-13,0.));
#2313=DIRECTION('',(-1.,-1.74838271594564E-13,0.));
#2314=DIRECTION('',(0.,0.,-1.));
#2315=DIRECTION('',(1.,1.74838271594564E-13,0.));
#2316=DIRECTION('',(0.,0.,-1.));
#2317=DIRECTION('center_axis',(-0.618970055877089,0.785414584743315,0.));
#2318=DIRECTION('ref_axis',(0.785414584743314,0.618970055877089,0.));
#2319=DIRECTION('',(-0.785414584743314,-0.618970055877089,0.));
#2320=DIRECTION('',(0.785414584743314,0.618970055877089,0.));
#2321=DIRECTION('',(0.,0.,-1.));
#2322=DIRECTION('',(0.,0.,-1.));
#2323=DIRECTION('center_axis',(0.618970055876965,0.785414584743413,0.));
#2324=DIRECTION('ref_axis',(0.785414584743413,-0.618970055876965,0.));
#2325=DIRECTION('',(-0.785414584743413,0.618970055876965,0.));
#2326=DIRECTION('',(0.785414584743413,-0.618970055876965,0.));
#2327=DIRECTION('',(0.,0.,-1.));
#2328=DIRECTION('center_axis',(1.74838271594564E-13,1.,0.));
#2329=DIRECTION('ref_axis',(1.,-1.74838271594564E-13,0.));
#2330=DIRECTION('',(-1.,1.74838271594564E-13,0.));
#2331=DIRECTION('',(1.,-1.74838271594564E-13,0.));
#2332=DIRECTION('',(0.,0.,-1.));
#2333=DIRECTION('center_axis',(1.,-2.79741234551222E-13,0.));
#2334=DIRECTION('ref_axis',(-2.79741234551222E-13,-1.,0.));
#2335=DIRECTION('',(2.79741234551222E-13,1.,0.));
#2336=DIRECTION('',(-2.79741234551222E-13,-1.,0.));
#2337=DIRECTION('',(0.,0.,-1.));
#2338=DIRECTION('center_axis',(0.,-1.,0.));
#2339=DIRECTION('ref_axis',(-1.,0.,0.));
#2340=DIRECTION('',(1.,0.,0.));
#2341=DIRECTION('',(-1.,0.,0.));
#2342=DIRECTION('',(0.,0.,-1.));
#2343=DIRECTION('center_axis',(1.,0.,0.));
#2344=DIRECTION('ref_axis',(0.,-1.,0.));
#2345=DIRECTION('',(0.,1.,0.));
#2346=DIRECTION('',(0.,-1.,0.));
#2347=DIRECTION('',(0.,0.,-1.));
#2348=DIRECTION('',(0.,0.,-1.));
#2349=DIRECTION('center_axis',(-1.,-4.51195539598743E-14,0.));
#2350=DIRECTION('ref_axis',(-4.51195539598743E-14,1.,0.));
#2351=DIRECTION('',(4.51195539598743E-14,-1.,0.));
#2352=DIRECTION('',(-4.51195539598743E-14,1.,0.));
#2353=DIRECTION('',(0.,0.,-1.));
#2354=DIRECTION('center_axis',(0.,-1.,0.));
#2355=DIRECTION('ref_axis',(-1.,0.,0.));
#2356=DIRECTION('',(1.,0.,0.));
#2357=DIRECTION('',(-1.,0.,0.));
#2358=DIRECTION('',(0.,0.,-1.));
#2359=DIRECTION('center_axis',(-1.,2.51767111096104E-12,0.));
#2360=DIRECTION('ref_axis',(2.51767111096104E-12,1.,0.));
#2361=DIRECTION('',(-2.51767111096104E-12,-1.,0.));
#2362=DIRECTION('',(2.51767111096104E-12,1.,0.));
#2363=DIRECTION('center_axis',(0.,-1.,0.));
#2364=DIRECTION('ref_axis',(-1.,0.,0.));
#2365=DIRECTION('',(1.,0.,0.));
#2366=DIRECTION('',(0.,0.,-1.));
#2367=DIRECTION('',(-1.,0.,0.));
#2368=DIRECTION('',(0.,0.,-1.));
#2369=DIRECTION('center_axis',(1.,-4.51195539598743E-14,0.));
#2370=DIRECTION('ref_axis',(-4.51195539598743E-14,-1.,0.));
#2371=DIRECTION('',(4.51195539598743E-14,1.,0.));
#2372=DIRECTION('',(-4.51195539598743E-14,-1.,0.));
#2373=DIRECTION('',(0.,0.,-1.));
#2374=DIRECTION('',(0.,0.,-1.));
#2375=DIRECTION('center_axis',(-1.,0.,0.));
#2376=DIRECTION('ref_axis',(0.,1.,0.));
#2377=DIRECTION('',(0.,-1.,0.));
#2378=DIRECTION('',(0.,1.,0.));
#2379=DIRECTION('',(0.,0.,-1.));
#2380=DIRECTION('center_axis',(0.,-1.,0.));
#2381=DIRECTION('ref_axis',(-1.,0.,0.));
#2382=DIRECTION('',(1.,0.,0.));
#2383=DIRECTION('',(-1.,0.,0.));
#2384=DIRECTION('',(0.,0.,-1.));
#2385=DIRECTION('center_axis',(-1.,-2.79741234551222E-13,0.));
#2386=DIRECTION('ref_axis',(-2.79741234551222E-13,1.,0.));
#2387=DIRECTION('',(2.79741234551222E-13,-1.,0.));
#2388=DIRECTION('',(-2.79741234551222E-13,1.,0.));
#2389=DIRECTION('',(0.,0.,-1.));
#2390=DIRECTION('center_axis',(-1.74838271594564E-13,1.,0.));
#2391=DIRECTION('ref_axis',(1.,1.74838271594564E-13,0.));
#2392=DIRECTION('',(-1.,-1.74838271594564E-13,0.));
#2393=DIRECTION('',(1.,1.74838271594564E-13,0.));
#2394=DIRECTION('',(0.,0.,-1.));
#2395=DIRECTION('center_axis',(-0.618970055876965,0.785414584743413,0.));
#2396=DIRECTION('ref_axis',(0.785414584743413,0.618970055876965,0.));
#2397=DIRECTION('',(-0.785414584743413,-0.618970055876965,0.));
#2398=DIRECTION('',(0.785414584743413,0.618970055876965,0.));
#2399=DIRECTION('',(0.,0.,-1.));
#2400=DIRECTION('',(0.,0.,-1.));
#2401=DIRECTION('center_axis',(0.618970055877089,0.785414584743315,0.));
#2402=DIRECTION('ref_axis',(0.785414584743314,-0.618970055877089,0.));
#2403=DIRECTION('',(-0.785414584743314,0.618970055877089,0.));
#2404=DIRECTION('',(0.785414584743314,-0.618970055877089,0.));
#2405=DIRECTION('',(0.,0.,-1.));
#2406=DIRECTION('center_axis',(1.74838271594564E-13,1.,0.));
#2407=DIRECTION('ref_axis',(1.,-1.74838271594564E-13,0.));
#2408=DIRECTION('',(-1.,1.74838271594564E-13,0.));
#2409=DIRECTION('',(1.,-1.74838271594564E-13,0.));
#2410=DIRECTION('',(0.,0.,-1.));
#2411=DIRECTION('center_axis',(1.,2.51767111096104E-12,0.));
#2412=DIRECTION('ref_axis',(2.51767111096104E-12,-1.,0.));
#2413=DIRECTION('',(-2.51767111096104E-12,1.,0.));
#2414=DIRECTION('',(2.51767111096104E-12,-1.,0.));
#2415=DIRECTION('center_axis',(3.69977412564395E-13,1.,0.));
#2416=DIRECTION('ref_axis',(1.,-3.69977412564395E-13,0.));
#2417=DIRECTION('',(-1.,3.69977412564395E-13,0.));
#2418=DIRECTION('',(0.,0.,-1.));
#2419=DIRECTION('',(1.,-3.69977412564395E-13,0.));
#2420=DIRECTION('',(0.,0.,-1.));
#2421=DIRECTION('center_axis',(-0.603736942760287,0.797183607424577,0.));
#2422=DIRECTION('ref_axis',(0.797183607424577,0.603736942760287,0.));
#2423=DIRECTION('',(-0.797183607424577,-0.603736942760287,0.));
#2424=DIRECTION('',(0.797183607424577,0.603736942760287,0.));
#2425=DIRECTION('',(0.,0.,-1.));
#2426=DIRECTION('',(0.,0.,-1.));
#2427=DIRECTION('center_axis',(0.603736942760605,0.797183607424336,0.));
#2428=DIRECTION('ref_axis',(0.797183607424336,-0.603736942760605,0.));
#2429=DIRECTION('',(-0.797183607424336,0.603736942760605,0.));
#2430=DIRECTION('',(0.797183607424336,-0.603736942760605,0.));
#2431=DIRECTION('',(0.,0.,-1.));
#2432=DIRECTION('center_axis',(-1.47990965025758E-14,1.,0.));
#2433=DIRECTION('ref_axis',(1.,1.47990965025758E-14,0.));
#2434=DIRECTION('',(-1.,-1.47990965025758E-14,0.));
#2435=DIRECTION('',(1.,1.47990965025758E-14,0.));
#2436=DIRECTION('',(0.,0.,-1.));
#2437=DIRECTION('center_axis',(1.,0.,0.));
#2438=DIRECTION('ref_axis',(0.,-1.,0.));
#2439=DIRECTION('',(0.,1.,0.));
#2440=DIRECTION('',(0.,-1.,0.));
#2441=DIRECTION('',(0.,0.,-1.));
#2442=DIRECTION('center_axis',(0.,-1.,0.));
#2443=DIRECTION('ref_axis',(-1.,0.,0.));
#2444=DIRECTION('',(1.,0.,0.));
#2445=DIRECTION('',(-1.,0.,0.));
#2446=DIRECTION('',(0.,0.,-1.));
#2447=DIRECTION('center_axis',(1.,0.,0.));
#2448=DIRECTION('ref_axis',(0.,-1.,0.));
#2449=DIRECTION('',(0.,1.,0.));
#2450=DIRECTION('',(0.,-1.,0.));
#2451=DIRECTION('',(0.,0.,-1.));
#2452=DIRECTION('',(0.,0.,-1.));
#2453=DIRECTION('center_axis',(-1.,0.,0.));
#2454=DIRECTION('ref_axis',(0.,1.,0.));
#2455=DIRECTION('',(0.,-1.,0.));
#2456=DIRECTION('',(0.,1.,0.));
#2457=DIRECTION('',(0.,0.,-1.));
#2458=DIRECTION('center_axis',(0.,-1.,0.));
#2459=DIRECTION('ref_axis',(-1.,0.,0.));
#2460=DIRECTION('',(1.,0.,0.));
#2461=DIRECTION('',(-1.,0.,0.));
#2462=DIRECTION('',(0.,0.,-1.));
#2463=DIRECTION('center_axis',(-1.,0.,0.));
#2464=DIRECTION('ref_axis',(0.,1.,0.));
#2465=DIRECTION('',(0.,-1.,0.));
#2466=DIRECTION('',(0.,1.,0.));
#2467=DIRECTION('center_axis',(-7.40148683083436E-16,-1.,0.));
#2468=DIRECTION('ref_axis',(1.,-7.40148683083436E-16,0.));
#2469=DIRECTION('',(1.,-7.40148683083436E-16,0.));
#2470=DIRECTION('',(0.,0.,1.));
#2471=DIRECTION('',(1.,-7.40148683083436E-16,0.));
#2472=DIRECTION('',(0.,0.,1.));
#2473=DIRECTION('center_axis',(1.,0.,0.));
#2474=DIRECTION('ref_axis',(0.,1.,0.));
#2475=DIRECTION('',(0.,-1.,0.));
#2476=DIRECTION('',(0.,1.,0.));
#2477=DIRECTION('',(0.,0.,1.));
#2478=DIRECTION('center_axis',(-7.40148683083436E-16,1.,0.));
#2479=DIRECTION('ref_axis',(-1.,-7.40148683083436E-16,0.));
#2480=DIRECTION('',(1.,7.40148683083436E-16,0.));
#2481=DIRECTION('',(-1.,-7.40148683083436E-16,0.));
#2482=DIRECTION('',(0.,0.,1.));
#2483=DIRECTION('center_axis',(-1.,0.,0.));
#2484=DIRECTION('ref_axis',(0.,-1.,0.));
#2485=DIRECTION('',(0.,-1.,0.));
#2486=DIRECTION('',(0.,-1.,0.));
#2487=DIRECTION('',(0.,0.,1.));
#2488=DIRECTION('center_axis',(7.40148683083436E-16,-1.,0.));
#2489=DIRECTION('ref_axis',(1.,7.40148683083436E-16,0.));
#2490=DIRECTION('',(-1.,-7.40148683083436E-16,0.));
#2491=DIRECTION('',(1.,7.40148683083436E-16,0.));
#2492=DIRECTION('',(0.,0.,1.));
#2493=DIRECTION('center_axis',(-1.,0.,0.));
#2494=DIRECTION('ref_axis',(0.,-1.,0.));
#2495=DIRECTION('',(0.,1.,0.));
#2496=DIRECTION('',(0.,-1.,0.));
#2497=DIRECTION('',(0.,0.,1.));
#2498=DIRECTION('center_axis',(0.,1.,0.));
#2499=DIRECTION('ref_axis',(-1.,0.,0.));
#2500=DIRECTION('',(1.,0.,0.));
#2501=DIRECTION('',(-1.,0.,0.));
#2502=DIRECTION('',(0.,0.,1.));
#2503=DIRECTION('center_axis',(-1.,0.,0.));
#2504=DIRECTION('ref_axis',(0.,-1.,0.));
#2505=DIRECTION('',(0.,-1.,0.));
#2506=DIRECTION('',(0.,-1.,0.));
#2507=DIRECTION('',(0.,0.,1.));
#2508=DIRECTION('center_axis',(0.,-1.,0.));
#2509=DIRECTION('ref_axis',(1.,0.,0.));
#2510=DIRECTION('',(1.,0.,0.));
#2511=DIRECTION('',(1.,0.,0.));
#2512=DIRECTION('',(0.,0.,1.));
#2513=DIRECTION('center_axis',(1.,0.,0.));
#2514=DIRECTION('ref_axis',(0.,1.,0.));
#2515=DIRECTION('',(0.,-1.,0.));
#2516=DIRECTION('',(0.,1.,0.));
#2517=DIRECTION('',(0.,0.,1.));
#2518=DIRECTION('center_axis',(0.,1.,0.));
#2519=DIRECTION('ref_axis',(-1.,0.,0.));
#2520=DIRECTION('',(-1.,0.,0.));
#2521=DIRECTION('',(-1.,0.,0.));
#2522=DIRECTION('',(0.,0.,1.));
#2523=DIRECTION('center_axis',(1.,0.,0.));
#2524=DIRECTION('ref_axis',(0.,1.,0.));
#2525=DIRECTION('',(0.,1.,0.));
#2526=DIRECTION('',(0.,1.,0.));
#2527=DIRECTION('center_axis',(0.,0.,1.));
#2528=DIRECTION('ref_axis',(1.,0.,0.));
#2529=DIRECTION('center_axis',(0.,0.,-1.));
#2530=DIRECTION('ref_axis',(1.,0.,0.));
#2531=DIRECTION('',(0.,0.,-1.));
#2532=DIRECTION('center_axis',(0.,0.,1.));
#2533=DIRECTION('ref_axis',(1.,0.,0.));
#2534=DIRECTION('center_axis',(0.,0.,1.));
#2535=DIRECTION('ref_axis',(1.,0.,0.));
#2536=DIRECTION('center_axis',(0.,0.,-1.));
#2537=DIRECTION('ref_axis',(1.,0.,0.));
#2538=DIRECTION('',(0.,0.,-1.));
#2539=DIRECTION('center_axis',(0.,0.,1.));
#2540=DIRECTION('ref_axis',(1.,0.,0.));
#2541=DIRECTION('center_axis',(1.,0.,0.));
#2542=DIRECTION('ref_axis',(0.,1.,0.));
#2543=DIRECTION('',(0.,-1.,0.));
#2544=DIRECTION('',(0.,0.,1.));
#2545=DIRECTION('',(0.,1.,0.));
#2546=DIRECTION('',(0.,0.,1.));
#2547=DIRECTION('center_axis',(-7.40148683083436E-16,1.,0.));
#2548=DIRECTION('ref_axis',(-1.,-7.40148683083436E-16,0.));
#2549=DIRECTION('',(1.,7.40148683083436E-16,0.));
#2550=DIRECTION('',(-1.,-7.40148683083436E-16,0.));
#2551=DIRECTION('',(0.,0.,1.));
#2552=DIRECTION('center_axis',(-1.,0.,0.));
#2553=DIRECTION('ref_axis',(0.,-1.,0.));
#2554=DIRECTION('',(0.,-1.,0.));
#2555=DIRECTION('',(0.,-1.,0.));
#2556=DIRECTION('',(0.,0.,1.));
#2557=DIRECTION('center_axis',(7.40148683083436E-16,-1.,0.));
#2558=DIRECTION('ref_axis',(1.,7.40148683083436E-16,0.));
#2559=DIRECTION('',(-1.,-7.40148683083436E-16,0.));
#2560=DIRECTION('',(1.,7.40148683083436E-16,0.));
#2561=DIRECTION('',(0.,0.,1.));
#2562=DIRECTION('center_axis',(-1.,0.,0.));
#2563=DIRECTION('ref_axis',(0.,-1.,0.));
#2564=DIRECTION('',(0.,1.,0.));
#2565=DIRECTION('',(0.,-1.,0.));
#2566=DIRECTION('',(0.,0.,1.));
#2567=DIRECTION('center_axis',(0.,1.,0.));
#2568=DIRECTION('ref_axis',(-1.,0.,0.));
#2569=DIRECTION('',(1.,0.,0.));
#2570=DIRECTION('',(-1.,0.,0.));
#2571=DIRECTION('',(0.,0.,1.));
#2572=DIRECTION('center_axis',(-1.,0.,0.));
#2573=DIRECTION('ref_axis',(0.,-1.,0.));
#2574=DIRECTION('',(0.,-1.,0.));
#2575=DIRECTION('',(0.,-1.,0.));
#2576=DIRECTION('',(0.,0.,1.));
#2577=DIRECTION('center_axis',(0.,-1.,0.));
#2578=DIRECTION('ref_axis',(1.,0.,0.));
#2579=DIRECTION('',(1.,0.,0.));
#2580=DIRECTION('',(1.,0.,0.));
#2581=DIRECTION('',(0.,0.,1.));
#2582=DIRECTION('center_axis',(1.,0.,0.));
#2583=DIRECTION('ref_axis',(0.,1.,0.));
#2584=DIRECTION('',(0.,-1.,0.));
#2585=DIRECTION('',(0.,1.,0.));
#2586=DIRECTION('',(0.,0.,1.));
#2587=DIRECTION('center_axis',(0.,1.,0.));
#2588=DIRECTION('ref_axis',(-1.,0.,0.));
#2589=DIRECTION('',(-1.,0.,0.));
#2590=DIRECTION('',(-1.,0.,0.));
#2591=DIRECTION('',(0.,0.,1.));
#2592=DIRECTION('center_axis',(1.,0.,0.));
#2593=DIRECTION('ref_axis',(0.,1.,0.));
#2594=DIRECTION('',(0.,1.,0.));
#2595=DIRECTION('',(0.,1.,0.));
#2596=DIRECTION('',(0.,0.,1.));
#2597=DIRECTION('center_axis',(-7.40148683083436E-16,-1.,0.));
#2598=DIRECTION('ref_axis',(1.,-7.40148683083436E-16,0.));
#2599=DIRECTION('',(1.,-7.40148683083436E-16,0.));
#2600=DIRECTION('',(1.,-7.40148683083436E-16,0.));
#2601=DIRECTION('center_axis',(0.,0.,1.));
#2602=DIRECTION('ref_axis',(1.,0.,0.));
#2603=DIRECTION('center_axis',(0.,0.,-1.));
#2604=DIRECTION('ref_axis',(1.,0.,0.));
#2605=DIRECTION('',(0.,0.,-1.));
#2606=DIRECTION('center_axis',(0.,0.,1.));
#2607=DIRECTION('ref_axis',(1.,0.,0.));
#2608=DIRECTION('center_axis',(0.,0.,1.));
#2609=DIRECTION('ref_axis',(1.,0.,0.));
#2610=DIRECTION('center_axis',(0.,0.,-1.));
#2611=DIRECTION('ref_axis',(1.,0.,0.));
#2612=DIRECTION('',(0.,0.,-1.));
#2613=DIRECTION('center_axis',(0.,0.,1.));
#2614=DIRECTION('ref_axis',(1.,0.,0.));
#2615=DIRECTION('center_axis',(0.,0.,1.));
#2616=DIRECTION('ref_axis',(1.,0.,0.));
#2617=DIRECTION('center_axis',(0.,0.,-1.));
#2618=DIRECTION('ref_axis',(1.,0.,0.));
#2619=DIRECTION('',(0.,0.,-1.));
#2620=DIRECTION('center_axis',(0.,0.,1.));
#2621=DIRECTION('ref_axis',(1.,0.,0.));
#2622=DIRECTION('center_axis',(0.,0.,1.));
#2623=DIRECTION('ref_axis',(1.,0.,0.));
#2624=DIRECTION('center_axis',(0.,0.,-1.));
#2625=DIRECTION('ref_axis',(1.,0.,0.));
#2626=DIRECTION('',(0.,0.,-1.));
#2627=DIRECTION('center_axis',(0.,0.,1.));
#2628=DIRECTION('ref_axis',(1.,0.,0.));
#2629=DIRECTION('center_axis',(-7.40148683083436E-16,1.,0.));
#2630=DIRECTION('ref_axis',(-1.,-7.40148683083436E-16,0.));
#2631=DIRECTION('',(1.,7.40148683083436E-16,0.));
#2632=DIRECTION('',(0.,0.,1.));
#2633=DIRECTION('',(-1.,-7.40148683083436E-16,0.));
#2634=DIRECTION('',(0.,0.,1.));
#2635=DIRECTION('center_axis',(-1.,0.,0.));
#2636=DIRECTION('ref_axis',(0.,-1.,0.));
#2637=DIRECTION('',(0.,-1.,0.));
#2638=DIRECTION('',(0.,-1.,0.));
#2639=DIRECTION('',(0.,0.,1.));
#2640=DIRECTION('center_axis',(7.40148683083436E-16,-1.,0.));
#2641=DIRECTION('ref_axis',(1.,7.40148683083436E-16,0.));
#2642=DIRECTION('',(-1.,-7.40148683083436E-16,0.));
#2643=DIRECTION('',(1.,7.40148683083436E-16,0.));
#2644=DIRECTION('',(0.,0.,1.));
#2645=DIRECTION('center_axis',(-1.,0.,0.));
#2646=DIRECTION('ref_axis',(0.,-1.,0.));
#2647=DIRECTION('',(0.,-1.,0.));
#2648=DIRECTION('',(0.,-1.,0.));
#2649=DIRECTION('',(0.,0.,1.));
#2650=DIRECTION('center_axis',(0.,1.,0.));
#2651=DIRECTION('ref_axis',(-1.,0.,0.));
#2652=DIRECTION('',(-1.,0.,0.));
#2653=DIRECTION('',(-1.,0.,0.));
#2654=DIRECTION('',(0.,0.,1.));
#2655=DIRECTION('center_axis',(-1.,0.,0.));
#2656=DIRECTION('ref_axis',(0.,-1.,0.));
#2657=DIRECTION('',(0.,-1.,0.));
#2658=DIRECTION('',(0.,-1.,0.));
#2659=DIRECTION('',(0.,0.,1.));
#2660=DIRECTION('center_axis',(0.,-1.,0.));
#2661=DIRECTION('ref_axis',(1.,0.,0.));
#2662=DIRECTION('',(1.,0.,0.));
#2663=DIRECTION('',(1.,0.,0.));
#2664=DIRECTION('',(0.,0.,1.));
#2665=DIRECTION('center_axis',(-1.,0.,0.));
#2666=DIRECTION('ref_axis',(0.,-1.,0.));
#2667=DIRECTION('',(0.,-1.,0.));
#2668=DIRECTION('',(0.,-1.,0.));
#2669=DIRECTION('',(0.,0.,1.));
#2670=DIRECTION('center_axis',(0.,1.,0.));
#2671=DIRECTION('ref_axis',(-1.,0.,0.));
#2672=DIRECTION('',(1.,0.,0.));
#2673=DIRECTION('',(1.,0.,0.));
#2674=DIRECTION('',(0.,0.,-1.));
#2675=DIRECTION('center_axis',(1.,0.,0.));
#2676=DIRECTION('ref_axis',(0.,1.,0.));
#2677=DIRECTION('',(0.,-1.,0.));
#2678=DIRECTION('',(0.,1.,0.));
#2679=DIRECTION('',(0.,0.,-1.));
#2680=DIRECTION('center_axis',(0.,1.,0.));
#2681=DIRECTION('ref_axis',(-1.,0.,0.));
#2682=DIRECTION('',(1.,0.,0.));
#2683=DIRECTION('',(1.,0.,0.));
#2684=DIRECTION('',(0.,0.,1.));
#2685=DIRECTION('center_axis',(-1.,0.,0.));
#2686=DIRECTION('ref_axis',(0.,-1.,0.));
#2687=DIRECTION('',(0.,-1.,0.));
#2688=DIRECTION('',(0.,-1.,0.));
#2689=DIRECTION('',(0.,0.,1.));
#2690=DIRECTION('center_axis',(0.,1.,0.));
#2691=DIRECTION('ref_axis',(-1.,0.,0.));
#2692=DIRECTION('',(1.,0.,0.));
#2693=DIRECTION('',(1.,0.,0.));
#2694=DIRECTION('',(0.,0.,-1.));
#2695=DIRECTION('center_axis',(1.,0.,0.));
#2696=DIRECTION('ref_axis',(0.,1.,0.));
#2697=DIRECTION('',(0.,-1.,0.));
#2698=DIRECTION('',(0.,1.,0.));
#2699=DIRECTION('',(0.,0.,-1.));
#2700=DIRECTION('center_axis',(0.,1.,0.));
#2701=DIRECTION('ref_axis',(-1.,0.,0.));
#2702=DIRECTION('',(1.,0.,0.));
#2703=DIRECTION('',(1.,0.,0.));
#2704=DIRECTION('',(0.,0.,1.));
#2705=DIRECTION('center_axis',(-1.,0.,0.));
#2706=DIRECTION('ref_axis',(0.,-1.,0.));
#2707=DIRECTION('',(0.,-1.,0.));
#2708=DIRECTION('',(0.,-1.,0.));
#2709=DIRECTION('',(0.,0.,1.));
#2710=DIRECTION('center_axis',(0.,1.,0.));
#2711=DIRECTION('ref_axis',(-1.,0.,0.));
#2712=DIRECTION('',(1.,0.,0.));
#2713=DIRECTION('',(1.,0.,0.));
#2714=DIRECTION('',(0.,0.,-1.));
#2715=DIRECTION('center_axis',(1.,0.,0.));
#2716=DIRECTION('ref_axis',(0.,1.,0.));
#2717=DIRECTION('',(0.,-1.,0.));
#2718=DIRECTION('',(0.,1.,0.));
#2719=DIRECTION('',(0.,0.,1.));
#2720=DIRECTION('center_axis',(0.,-1.,0.));
#2721=DIRECTION('ref_axis',(1.,0.,0.));
#2722=DIRECTION('',(1.,0.,0.));
#2723=DIRECTION('',(1.,0.,0.));
#2724=DIRECTION('',(0.,0.,1.));
#2725=DIRECTION('center_axis',(1.,0.,0.));
#2726=DIRECTION('ref_axis',(0.,1.,0.));
#2727=DIRECTION('',(0.,-1.,0.));
#2728=DIRECTION('',(0.,1.,0.));
#2729=DIRECTION('',(0.,0.,1.));
#2730=DIRECTION('center_axis',(0.,1.,0.));
#2731=DIRECTION('ref_axis',(-1.,0.,0.));
#2732=DIRECTION('',(1.,0.,0.));
#2733=DIRECTION('',(-1.,0.,0.));
#2734=DIRECTION('',(0.,0.,1.));
#2735=DIRECTION('center_axis',(1.,0.,0.));
#2736=DIRECTION('ref_axis',(0.,1.,0.));
#2737=DIRECTION('',(0.,-1.,0.));
#2738=DIRECTION('',(0.,1.,0.));
#2739=DIRECTION('',(0.,0.,1.));
#2740=DIRECTION('center_axis',(-7.40148683083436E-16,-1.,0.));
#2741=DIRECTION('ref_axis',(1.,-7.40148683083436E-16,0.));
#2742=DIRECTION('',(1.,-7.40148683083436E-16,0.));
#2743=DIRECTION('',(1.,-7.40148683083436E-16,0.));
#2744=DIRECTION('',(0.,0.,1.));
#2745=DIRECTION('center_axis',(1.,0.,0.));
#2746=DIRECTION('ref_axis',(0.,1.,0.));
#2747=DIRECTION('',(0.,-1.,0.));
#2748=DIRECTION('',(0.,1.,0.));
#2749=DIRECTION('',(0.,0.,1.));
#2750=DIRECTION('center_axis',(7.40148683083436E-16,1.,0.));
#2751=DIRECTION('ref_axis',(-1.,7.40148683083436E-16,0.));
#2752=DIRECTION('',(-1.,7.40148683083436E-16,0.));
#2753=DIRECTION('',(-1.,7.40148683083436E-16,0.));
#2754=DIRECTION('',(0.,0.,1.));
#2755=DIRECTION('center_axis',(1.,0.,0.));
#2756=DIRECTION('ref_axis',(0.,1.,0.));
#2757=DIRECTION('',(0.,-1.,0.));
#2758=DIRECTION('',(0.,1.,0.));
#2759=DIRECTION('',(0.,0.,1.));
#2760=DIRECTION('center_axis',(0.,-1.,0.));
#2761=DIRECTION('ref_axis',(1.,0.,0.));
#2762=DIRECTION('',(-1.,0.,0.));
#2763=DIRECTION('',(1.,0.,0.));
#2764=DIRECTION('',(0.,0.,1.));
#2765=DIRECTION('center_axis',(-1.,0.,0.));
#2766=DIRECTION('ref_axis',(0.,-1.,0.));
#2767=DIRECTION('',(0.,1.,0.));
#2768=DIRECTION('',(0.,-1.,0.));
#2769=DIRECTION('',(0.,0.,1.));
#2770=DIRECTION('center_axis',(0.,-1.,0.));
#2771=DIRECTION('ref_axis',(1.,0.,0.));
#2772=DIRECTION('',(-1.,0.,0.));
#2773=DIRECTION('',(1.,0.,0.));
#2774=DIRECTION('',(0.,0.,1.));
#2775=DIRECTION('center_axis',(1.,0.,0.));
#2776=DIRECTION('ref_axis',(0.,1.,0.));
#2777=DIRECTION('',(0.,1.,0.));
#2778=DIRECTION('',(0.,1.,0.));
#2779=DIRECTION('',(0.,0.,1.));
#2780=DIRECTION('center_axis',(2.8041142740756E-32,-1.,0.));
#2781=DIRECTION('ref_axis',(1.,2.8041142740756E-32,0.));
#2782=DIRECTION('',(-1.,-2.8041142740756E-32,0.));
#2783=DIRECTION('',(1.,2.8041142740756E-32,0.));
#2784=DIRECTION('',(0.,0.,1.));
#2785=DIRECTION('center_axis',(-1.,0.,0.));
#2786=DIRECTION('ref_axis',(0.,-1.,0.));
#2787=DIRECTION('',(0.,1.,0.));
#2788=DIRECTION('',(0.,-1.,0.));
#2789=DIRECTION('',(0.,0.,1.));
#2790=DIRECTION('center_axis',(0.,-1.,0.));
#2791=DIRECTION('ref_axis',(1.,0.,0.));
#2792=DIRECTION('',(1.,0.,0.));
#2793=DIRECTION('',(1.,0.,0.));
#2794=DIRECTION('',(0.,0.,1.));
#2795=DIRECTION('center_axis',(1.,0.,0.));
#2796=DIRECTION('ref_axis',(0.,1.,0.));
#2797=DIRECTION('',(0.,1.,0.));
#2798=DIRECTION('',(0.,1.,0.));
#2799=DIRECTION('',(0.,0.,1.));
#2800=DIRECTION('center_axis',(-2.79743200304383E-32,-1.,0.));
#2801=DIRECTION('ref_axis',(1.,-2.79743200304383E-32,0.));
#2802=DIRECTION('',(1.,-2.79743200304383E-32,0.));
#2803=DIRECTION('',(1.,-2.79743200304383E-32,0.));
#2804=DIRECTION('',(0.,0.,1.));
#2805=DIRECTION('center_axis',(-1.,0.,0.));
#2806=DIRECTION('ref_axis',(0.,-1.,0.));
#2807=DIRECTION('',(0.,-1.,0.));
#2808=DIRECTION('',(0.,-1.,0.));
#2809=DIRECTION('center_axis',(0.,0.,1.));
#2810=DIRECTION('ref_axis',(1.,0.,0.));
#2811=DIRECTION('center_axis',(0.,0.,1.));
#2812=DIRECTION('ref_axis',(1.,0.,0.));
#2813=CARTESIAN_POINT('',(0.,0.,0.));
#2814=CARTESIAN_POINT('Origin',(5.48996850393702,0.510047244094487,0.000393700787401575));
#2815=CARTESIAN_POINT('',(5.49696850393701,0.510047244094488,0.));
#2816=CARTESIAN_POINT('',(5.48996850393702,0.510047244094487,0.));
#2817=CARTESIAN_POINT('',(5.00321839161979,0.510047244094402,0.));
#2818=CARTESIAN_POINT('',(5.49696850393701,0.510047244094488,0.000393700787401575));
#2819=CARTESIAN_POINT('',(5.49696850393701,0.510047244094488,0.000393700787401575));
#2820=CARTESIAN_POINT('',(5.48996850393702,0.510047244094487,0.000393700787401575));
#2821=CARTESIAN_POINT('',(5.00321839161979,0.510047244094402,0.000393700787401575));
#2822=CARTESIAN_POINT('',(5.48996850393702,0.510047244094487,0.000393700787401575));
#2823=CARTESIAN_POINT('Origin',(5.48567586490003,0.506664298225901,0.000393700787401575));
#2824=CARTESIAN_POINT('',(5.48567586490003,0.506664298225901,0.));
#2825=CARTESIAN_POINT('',(5.19017791156705,0.273788071785757,0.));
#2826=CARTESIAN_POINT('',(5.48567586490003,0.506664298225901,0.000393700787401575));
#2827=CARTESIAN_POINT('',(5.19017791156705,0.273788071785757,0.000393700787401575));
#2828=CARTESIAN_POINT('',(5.48567586490003,0.506664298225901,0.000393700787401575));
#2829=CARTESIAN_POINT('Ctrl Pts',(5.51826114297399,0.506664298225901,0.000393700787401575));
#2830=CARTESIAN_POINT('Ctrl Pts',(5.51826114297399,0.506664298225901,-0.0346062992125984));
#2831=CARTESIAN_POINT('Ctrl Pts',(5.5181771697674,0.505403161162262,0.000393700787401575));
#2832=CARTESIAN_POINT('Ctrl Pts',(5.5181771697674,0.505403161162262,-0.0346062992125984));
#2833=CARTESIAN_POINT('Ctrl Pts',(5.51789023427588,0.502991116067323,0.000393700787401575));
#2834=CARTESIAN_POINT('Ctrl Pts',(5.51789023427588,0.502991116067323,-0.0346062992125984));
#2835=CARTESIAN_POINT('Ctrl Pts',(5.51710252920591,0.499703725858281,0.000393700787401575));
#2836=CARTESIAN_POINT('Ctrl Pts',(5.51710252920591,0.499703725858281,-0.0346062992125984));
#2837=CARTESIAN_POINT('Ctrl Pts',(5.5153287930096,0.4959928578499,0.000393700787401575));
#2838=CARTESIAN_POINT('Ctrl Pts',(5.5153287930096,0.4959928578499,-0.0346062992125984));
#2839=CARTESIAN_POINT('Ctrl Pts',(5.5118843753272,0.492550770062633,0.000393700787401575));
#2840=CARTESIAN_POINT('Ctrl Pts',(5.5118843753272,0.492550770062633,-0.0346062992125984));
#2841=CARTESIAN_POINT('Ctrl Pts',(5.50733810025796,0.490411789160185,0.000393700787401575));
#2842=CARTESIAN_POINT('Ctrl Pts',(5.50733810025796,0.490411789160185,-0.0346062992125984));
#2843=CARTESIAN_POINT('Ctrl Pts',(5.50196850393726,0.48968175674832,0.000393700787401575));
#2844=CARTESIAN_POINT('Ctrl Pts',(5.50196850393726,0.48968175674832,-0.0346062992125984));
#2845=CARTESIAN_POINT('Ctrl Pts',(5.49659890761684,0.490417539594959,0.000393700787401575));
#2846=CARTESIAN_POINT('Ctrl Pts',(5.49659890761684,0.490417539594959,-0.0346062992125984));
#2847=CARTESIAN_POINT('Ctrl Pts',(5.49205263254819,0.492560028250306,0.000393700787401575));
#2848=CARTESIAN_POINT('Ctrl Pts',(5.49205263254819,0.492560028250306,-0.0346062992125984));
#2849=CARTESIAN_POINT('Ctrl Pts',(5.48860821486622,0.496002622391427,0.000393700787401575));
#2850=CARTESIAN_POINT('Ctrl Pts',(5.48860821486622,0.496002622391427,-0.0346062992125984));
#2851=CARTESIAN_POINT('Ctrl Pts',(5.48683447866967,0.499711221119132,0.000393700787401575));
#2852=CARTESIAN_POINT('Ctrl Pts',(5.48683447866967,0.499711221119132,-0.0346062992125984));
#2853=CARTESIAN_POINT('Ctrl Pts',(5.48604677359908,0.50299543136298,0.000393700787401575));
#2854=CARTESIAN_POINT('Ctrl Pts',(5.48604677359908,0.50299543136298,-0.0346062992125984));
#2855=CARTESIAN_POINT('Ctrl Pts',(5.48575983810697,0.505404707634057,0.000393700787401575));
#2856=CARTESIAN_POINT('Ctrl Pts',(5.48575983810697,0.505404707634057,-0.0346062992125984));
#2857=CARTESIAN_POINT('Ctrl Pts',(5.48567586490003,0.506664298225901,0.000393700787401575));
#2858=CARTESIAN_POINT('Ctrl Pts',(5.48567586490003,0.506664298225901,-0.0346062992125984));
#2859=CARTESIAN_POINT('',(5.51826114297399,0.506664298225901,0.));
#2860=CARTESIAN_POINT('Ctrl Pts',(5.48567586490003,0.506664298225901,0.));
#2861=CARTESIAN_POINT('Ctrl Pts',(5.48588355146588,0.503549018317726,0.));
#2862=CARTESIAN_POINT('Ctrl Pts',(5.48652704424964,0.500833674342575,1.65473726457944E-20));
#2863=CARTESIAN_POINT('Ctrl Pts',(5.48761615735245,0.498539222620246,2.85661988776312E-21));
#2864=CARTESIAN_POINT('Ctrl Pts',(5.48847884602546,0.496721782809375,-7.98785282922669E-21));
#2865=CARTESIAN_POINT('Ctrl Pts',(5.4896243755427,0.495169652692749,2.41600079518486E-21));
#2866=CARTESIAN_POINT('Ctrl Pts',(5.49103536968334,0.493907906522241,3.57841452729795E-22));
#2867=CARTESIAN_POINT('Ctrl Pts',(5.49219815423971,0.492868115555805,-1.33826473866626E-21));
#2868=CARTESIAN_POINT('Ctrl Pts',(5.49354100611888,0.492026017239357,0.));
#2869=CARTESIAN_POINT('Ctrl Pts',(5.49502817209452,0.49139754499721,0.));
#2870=CARTESIAN_POINT('Ctrl Pts',(5.4964390706805,0.490801303143714,0.));
#2871=CARTESIAN_POINT('Ctrl Pts',(5.49798178065458,0.490397691527841,0.));
#2872=CARTESIAN_POINT('Ctrl Pts',(5.49958005039101,0.490196682062557,0.));
#2873=CARTESIAN_POINT('Ctrl Pts',(5.50164734443976,0.489936684853166,0.));
#2874=CARTESIAN_POINT('Ctrl Pts',(5.50380013272541,0.490017496797427,0.));
#2875=CARTESIAN_POINT('Ctrl Pts',(5.5058148605835,0.490435452519158,0.));
#2876=CARTESIAN_POINT('Ctrl Pts',(5.50738219944898,0.490760597299426,0.));
#2877=CARTESIAN_POINT('Ctrl Pts',(5.50886355514641,0.49128862087091,1.09221659238572E-19));
#2878=CARTESIAN_POINT('Ctrl Pts',(5.51019858292416,0.492007786854756,1.4552150253745E-19));
#2879=CARTESIAN_POINT('Ctrl Pts',(5.51192221992349,0.492936292702412,1.92387758073852E-19));
#2880=CARTESIAN_POINT('Ctrl Pts',(5.51340441810421,0.494182739949324,0.));
#2881=CARTESIAN_POINT('Ctrl Pts',(5.51459872709887,0.495717566822852,0.));
#2882=CARTESIAN_POINT('Ctrl Pts',(5.51604939751155,0.497581848130261,0.));
#2883=CARTESIAN_POINT('Ctrl Pts',(5.51707658921119,0.499869699154314,0.));
#2884=CARTESIAN_POINT('Ctrl Pts',(5.51768082102593,0.502545746933427,0.));
#2885=CARTESIAN_POINT('Ctrl Pts',(5.51797061668349,0.503829206372146,0.));
#2886=CARTESIAN_POINT('Ctrl Pts',(5.51816380227749,0.505202403829615,0.));
#2887=CARTESIAN_POINT('Ctrl Pts',(5.51826114297399,0.506664298225901,0.));
#2888=CARTESIAN_POINT('',(5.51826114297399,0.506664298225901,0.000393700787401575));
#2889=CARTESIAN_POINT('Ctrl Pts',(5.51826114297399,0.506664298225901,0.000393700787401575));
#2890=CARTESIAN_POINT('Ctrl Pts',(5.5181771697674,0.505403161162262,0.000393700787401575));
#2891=CARTESIAN_POINT('Ctrl Pts',(5.51789023427588,0.502991116067323,0.000393700787401575));
#2892=CARTESIAN_POINT('Ctrl Pts',(5.51710252920591,0.499703725858281,0.000393700787401575));
#2893=CARTESIAN_POINT('Ctrl Pts',(5.5153287930096,0.4959928578499,0.000393700787401575));
#2894=CARTESIAN_POINT('Ctrl Pts',(5.5118843753272,0.492550770062633,0.000393700787401575));
#2895=CARTESIAN_POINT('Ctrl Pts',(5.50733810025796,0.490411789160185,0.000393700787401575));
#2896=CARTESIAN_POINT('Ctrl Pts',(5.50196850393726,0.48968175674832,0.000393700787401575));
#2897=CARTESIAN_POINT('Ctrl Pts',(5.49659890761684,0.490417539594959,0.000393700787401575));
#2898=CARTESIAN_POINT('Ctrl Pts',(5.49205263254819,0.492560028250306,0.000393700787401575));
#2899=CARTESIAN_POINT('Ctrl Pts',(5.48860821486622,0.496002622391427,0.000393700787401575));
#2900=CARTESIAN_POINT('Ctrl Pts',(5.48683447866967,0.499711221119132,0.000393700787401575));
#2901=CARTESIAN_POINT('Ctrl Pts',(5.48604677359908,0.50299543136298,0.000393700787401575));
#2902=CARTESIAN_POINT('Ctrl Pts',(5.48575983810697,0.505404707634057,0.000393700787401575));
#2903=CARTESIAN_POINT('Ctrl Pts',(5.48567586490003,0.506664298225901,0.000393700787401575));
#2904=CARTESIAN_POINT('',(5.51826114297399,0.506664298225901,0.000393700787401575));
#2905=CARTESIAN_POINT('Origin',(5.51396850393701,0.510047244094487,0.000393700787401575));
#2906=CARTESIAN_POINT('',(5.51396850393701,0.510047244094487,0.));
#2907=CARTESIAN_POINT('',(5.20368127130322,0.754578615744515,0.));
#2908=CARTESIAN_POINT('',(5.51396850393701,0.510047244094487,0.000393700787401575));
#2909=CARTESIAN_POINT('',(5.20368127130322,0.754578615744515,0.000393700787401575));
#2910=CARTESIAN_POINT('',(5.51396850393701,0.510047244094487,0.000393700787401575));
#2911=CARTESIAN_POINT('Origin',(5.50696850393701,0.510047244094488,0.000393700787401575));
#2912=CARTESIAN_POINT('',(5.50696850393701,0.510047244094488,0.));
#2913=CARTESIAN_POINT('',(5.01171839161979,0.510047244094575,0.));
#2914=CARTESIAN_POINT('',(5.50696850393701,0.510047244094488,0.000393700787401575));
#2915=CARTESIAN_POINT('',(5.01171839161979,0.510047244094575,0.000393700787401575));
#2916=CARTESIAN_POINT('',(5.50696850393701,0.510047244094488,0.000393700787401575));
#2917=CARTESIAN_POINT('Origin',(5.50696850393701,0.515047244094488,0.000393700787401575));
#2918=CARTESIAN_POINT('',(5.50696850393701,0.515047244094488,0.));
#2919=CARTESIAN_POINT('',(5.50696850393701,0.517937007873877,0.));
#2920=CARTESIAN_POINT('',(5.50696850393701,0.515047244094488,0.000393700787401575));
#2921=CARTESIAN_POINT('',(5.50696850393701,0.517937007873877,0.000393700787401575));
#2922=CARTESIAN_POINT('',(5.50696850393701,0.515047244094488,0.000393700787401575));
#2923=CARTESIAN_POINT('Origin',(5.51746850393701,0.515047244094488,0.000393700787401575));
#2924=CARTESIAN_POINT('',(5.51746850393701,0.515047244094488,0.));
#2925=CARTESIAN_POINT('',(5.01696839161979,0.515047244094488,0.));
#2926=CARTESIAN_POINT('',(5.51746850393701,0.515047244094488,0.000393700787401575));
#2927=CARTESIAN_POINT('',(5.01696839161979,0.515047244094488,0.000393700787401575));
#2928=CARTESIAN_POINT('',(5.51746850393701,0.515047244094488,0.000393700787401575));
#2929=CARTESIAN_POINT('Origin',(5.51746850393701,0.546047244094488,0.000393700787401575));
#2930=CARTESIAN_POINT('',(5.51746850393701,0.546047244094488,0.));
#2931=CARTESIAN_POINT('',(5.51746850393701,0.533437007874016,0.));
#2932=CARTESIAN_POINT('',(5.51746850393701,0.546047244094488,0.000393700787401575));
#2933=CARTESIAN_POINT('',(5.51746850393701,0.533437007874016,0.000393700787401575));
#2934=CARTESIAN_POINT('',(5.51746850393701,0.546047244094488,0.000393700787401575));
#2935=CARTESIAN_POINT('Ctrl Pts',(5.48646850393701,0.546047244094488,0.000393700787401575));
#2936=CARTESIAN_POINT('Ctrl Pts',(5.48646850393701,0.546047244094488,-0.0346062992125984));
#2937=CARTESIAN_POINT('Ctrl Pts',(5.48708850393627,0.546426482140498,0.000393700787401575));
#2938=CARTESIAN_POINT('Ctrl Pts',(5.48708850393627,0.546426482140498,-0.0346062992125984));
#2939=CARTESIAN_POINT('Ctrl Pts',(5.488328503935,0.547151839554672,0.000393700787401575));
#2940=CARTESIAN_POINT('Ctrl Pts',(5.488328503935,0.547151839554672,-0.0346062992125984));
#2941=CARTESIAN_POINT('Ctrl Pts',(5.49018850393373,0.548140522687266,0.000393700787401575));
#2942=CARTESIAN_POINT('Ctrl Pts',(5.49018850393373,0.548140522687266,-0.0346062992125984));
#2943=CARTESIAN_POINT('Ctrl Pts',(5.49266850393323,0.549256765475781,0.000393700787401575));
#2944=CARTESIAN_POINT('Ctrl Pts',(5.49266850393323,0.549256765475781,-0.0346062992125984));
#2945=CARTESIAN_POINT('Ctrl Pts',(5.49576850393402,0.55029255104188,0.000393700787401575));
#2946=CARTESIAN_POINT('Ctrl Pts',(5.49576850393402,0.55029255104188,-0.0346062992125984));
#2947=CARTESIAN_POINT('Ctrl Pts',(5.49886850393555,0.550936688914256,0.000393700787401575));
#2948=CARTESIAN_POINT('Ctrl Pts',(5.49886850393555,0.550936688914256,-0.0346062992125984));
#2949=CARTESIAN_POINT('Ctrl Pts',(5.50196850393712,0.551157217662378,0.000393700787401575));
#2950=CARTESIAN_POINT('Ctrl Pts',(5.50196850393712,0.551157217662378,-0.0346062992125984));
#2951=CARTESIAN_POINT('Ctrl Pts',(5.50506850393824,0.550936688914131,0.000393700787401575));
#2952=CARTESIAN_POINT('Ctrl Pts',(5.50506850393824,0.550936688914131,-0.0346062992125984));
#2953=CARTESIAN_POINT('Ctrl Pts',(5.50816850393873,0.550292551041658,0.000393700787401575));
#2954=CARTESIAN_POINT('Ctrl Pts',(5.50816850393873,0.550292551041658,-0.0346062992125984));
#2955=CARTESIAN_POINT('Ctrl Pts',(5.51126850393865,0.549256765475524,0.000393700787401575));
#2956=CARTESIAN_POINT('Ctrl Pts',(5.51126850393865,0.549256765475524,-0.0346062992125984));
#2957=CARTESIAN_POINT('Ctrl Pts',(5.51374850393816,0.548140522687055,0.000393700787401575));
#2958=CARTESIAN_POINT('Ctrl Pts',(5.51374850393816,0.548140522687055,-0.0346062992125984));
#2959=CARTESIAN_POINT('Ctrl Pts',(5.51560850393764,0.547151839554546,0.000393700787401575));
#2960=CARTESIAN_POINT('Ctrl Pts',(5.51560850393764,0.547151839554546,-0.0346062992125984));
#2961=CARTESIAN_POINT('Ctrl Pts',(5.51684850393723,0.546426482140453,0.000393700787401575));
#2962=CARTESIAN_POINT('Ctrl Pts',(5.51684850393723,0.546426482140453,-0.0346062992125984));
#2963=CARTESIAN_POINT('Ctrl Pts',(5.51746850393701,0.546047244094488,0.000393700787401575));
#2964=CARTESIAN_POINT('Ctrl Pts',(5.51746850393701,0.546047244094488,-0.0346062992125984));
#2965=CARTESIAN_POINT('',(5.48646850393701,0.546047244094488,0.));
#2966=CARTESIAN_POINT('Ctrl Pts',(5.51746850393701,0.546047244094488,0.));
#2967=CARTESIAN_POINT('Ctrl Pts',(5.51517922148632,0.547447539261533,0.));
#2968=CARTESIAN_POINT('Ctrl Pts',(5.51288993903541,0.548581723620643,0.));
#2969=CARTESIAN_POINT('Ctrl Pts',(5.51060065658407,0.549419760038992,0.));
#2970=CARTESIAN_POINT('Ctrl Pts',(5.50844636032236,0.55020838213417,0.));
#2971=CARTESIAN_POINT('Ctrl Pts',(5.50629206406025,0.55073059276818,1.62630325872826E-19));
#2972=CARTESIAN_POINT('Ctrl Pts',(5.5041377677977,0.550941002432735,1.62630325872826E-19));
#2973=CARTESIAN_POINT('Ctrl Pts',(5.50219500501106,0.551130751667023,1.62630325872826E-19));
#2974=CARTESIAN_POINT('Ctrl Pts',(5.50025224222403,0.551063484043429,0.));
#2975=CARTESIAN_POINT('Ctrl Pts',(5.49830947943707,0.550746492355916,0.));
#2976=CARTESIAN_POINT('Ctrl Pts',(5.49573341747441,0.550326168148472,0.));
#2977=CARTESIAN_POINT('Ctrl Pts',(5.49315735551195,0.54947487241695,1.28888989240948E-19));
#2978=CARTESIAN_POINT('Ctrl Pts',(5.49058129355139,0.548269405638804,1.59346209610398E-19));
#2979=CARTESIAN_POINT('Ctrl Pts',(5.48921036367936,0.547627879758915,1.75554947545543E-19));
#2980=CARTESIAN_POINT('Ctrl Pts',(5.48783943380787,0.546885806620393,0.));
#2981=CARTESIAN_POINT('Ctrl Pts',(5.48646850393701,0.546047244094488,0.));
#2982=CARTESIAN_POINT('',(5.48646850393701,0.546047244094488,0.000393700787401575));
#2983=CARTESIAN_POINT('Ctrl Pts',(5.48646850393701,0.546047244094488,0.000393700787401575));
#2984=CARTESIAN_POINT('Ctrl Pts',(5.48708850393627,0.546426482140498,0.000393700787401575));
#2985=CARTESIAN_POINT('Ctrl Pts',(5.488328503935,0.547151839554672,0.000393700787401575));
#2986=CARTESIAN_POINT('Ctrl Pts',(5.49018850393373,0.548140522687266,0.000393700787401575));
#2987=CARTESIAN_POINT('Ctrl Pts',(5.49266850393323,0.549256765475781,0.000393700787401575));
#2988=CARTESIAN_POINT('Ctrl Pts',(5.49576850393402,0.55029255104188,0.000393700787401575));
#2989=CARTESIAN_POINT('Ctrl Pts',(5.49886850393555,0.550936688914256,0.000393700787401575));
#2990=CARTESIAN_POINT('Ctrl Pts',(5.50196850393712,0.551157217662378,0.000393700787401575));
#2991=CARTESIAN_POINT('Ctrl Pts',(5.50506850393824,0.550936688914131,0.000393700787401575));
#2992=CARTESIAN_POINT('Ctrl Pts',(5.50816850393873,0.550292551041658,0.000393700787401575));
#2993=CARTESIAN_POINT('Ctrl Pts',(5.51126850393865,0.549256765475524,0.000393700787401575));
#2994=CARTESIAN_POINT('Ctrl Pts',(5.51374850393816,0.548140522687055,0.000393700787401575));
#2995=CARTESIAN_POINT('Ctrl Pts',(5.51560850393764,0.547151839554546,0.000393700787401575));
#2996=CARTESIAN_POINT('Ctrl Pts',(5.51684850393723,0.546426482140453,0.000393700787401575));
#2997=CARTESIAN_POINT('Ctrl Pts',(5.51746850393701,0.546047244094488,0.000393700787401575));
#2998=CARTESIAN_POINT('',(5.48646850393701,0.546047244094488,0.000393700787401575));
#2999=CARTESIAN_POINT('Origin',(5.48646850393701,0.515047244094488,0.000393700787401575));
#3000=CARTESIAN_POINT('',(5.48646850393701,0.515047244094488,0.));
#3001=CARTESIAN_POINT('',(5.48646850393701,0.517937007874038,0.));
#3002=CARTESIAN_POINT('',(5.48646850393701,0.515047244094488,0.000393700787401575));
#3003=CARTESIAN_POINT('',(5.48646850393701,0.517937007874038,0.000393700787401575));
#3004=CARTESIAN_POINT('',(5.48646850393701,0.515047244094488,0.000393700787401575));
#3005=CARTESIAN_POINT('Origin',(5.49696850393701,0.515047244094488,0.000393700787401575));
#3006=CARTESIAN_POINT('',(5.49696850393701,0.515047244094488,0.));
#3007=CARTESIAN_POINT('',(5.00671839161979,0.515047244094488,0.));
#3008=CARTESIAN_POINT('',(5.49696850393701,0.515047244094488,0.000393700787401575));
#3009=CARTESIAN_POINT('',(5.00671839161979,0.515047244094488,0.000393700787401575));
#3010=CARTESIAN_POINT('',(5.49696850393701,0.515047244094488,0.000393700787401575));
#3011=CARTESIAN_POINT('Origin',(5.496968503937,0.510047244094488,0.000393700787401575));
#3012=CARTESIAN_POINT('',(5.49696850393701,0.515437007872781,0.));
#3013=CARTESIAN_POINT('',(5.49696850393701,0.515437007872781,0.000393700787401575));
#3014=CARTESIAN_POINT('Origin',(6.56077559055118,0.515047244094488,0.000393700787401575));
#3015=CARTESIAN_POINT('',(6.55027559055118,0.515047244094488,0.));
#3016=CARTESIAN_POINT('',(6.56077559055118,0.515047244094488,0.));
#3017=CARTESIAN_POINT('',(5.53862193492687,0.515047244094488,0.));
#3018=CARTESIAN_POINT('',(6.55027559055118,0.515047244094488,0.000393700787401575));
#3019=CARTESIAN_POINT('',(6.55027559055118,0.515047244094488,0.000393700787401575));
#3020=CARTESIAN_POINT('',(6.56077559055118,0.515047244094488,0.000393700787401575));
#3021=CARTESIAN_POINT('',(5.53862193492687,0.515047244094488,0.000393700787401575));
#3022=CARTESIAN_POINT('',(6.56077559055118,0.515047244094488,0.000393700787401575));
#3023=CARTESIAN_POINT('Origin',(6.56077559055118,0.546047244094488,0.000393700787401575));
#3024=CARTESIAN_POINT('',(6.56077559055118,0.546047244094488,0.));
#3025=CARTESIAN_POINT('',(6.56077559055118,0.53343700787397,0.));
#3026=CARTESIAN_POINT('',(6.56077559055118,0.546047244094488,0.000393700787401575));
#3027=CARTESIAN_POINT('',(6.56077559055118,0.53343700787397,0.000393700787401575));
#3028=CARTESIAN_POINT('',(6.56077559055118,0.546047244094488,0.000393700787401575));
#3029=CARTESIAN_POINT('Ctrl Pts',(6.52977559055118,0.546047244094488,0.000393700787401575));
#3030=CARTESIAN_POINT('Ctrl Pts',(6.52977559055118,0.546047244094488,-0.349606299212598));
#3031=CARTESIAN_POINT('Ctrl Pts',(6.53039559055096,0.546426482140453,0.000393700787401575));
#3032=CARTESIAN_POINT('Ctrl Pts',(6.53039559055096,0.546426482140453,-0.349606299212598));
#3033=CARTESIAN_POINT('Ctrl Pts',(6.53163559055055,0.547151839554546,0.000393700787401575));
#3034=CARTESIAN_POINT('Ctrl Pts',(6.53163559055055,0.547151839554546,-0.349606299212598));
#3035=CARTESIAN_POINT('Ctrl Pts',(6.53349559055003,0.548140522687055,0.000393700787401575));
#3036=CARTESIAN_POINT('Ctrl Pts',(6.53349559055003,0.548140522687055,-0.349606299212598));
#3037=CARTESIAN_POINT('Ctrl Pts',(6.53597559054954,0.549256765475524,0.000393700787401575));
#3038=CARTESIAN_POINT('Ctrl Pts',(6.53597559054954,0.549256765475524,-0.349606299212598));
#3039=CARTESIAN_POINT('Ctrl Pts',(6.53907559054946,0.550292551041658,0.000393700787401575));
#3040=CARTESIAN_POINT('Ctrl Pts',(6.53907559054946,0.550292551041658,-0.349606299212598));
#3041=CARTESIAN_POINT('Ctrl Pts',(6.54217559054995,0.550936688914131,0.000393700787401575));
#3042=CARTESIAN_POINT('Ctrl Pts',(6.54217559054995,0.550936688914131,-0.349606299212598));
#3043=CARTESIAN_POINT('Ctrl Pts',(6.54527559055107,0.551157217662378,0.000393700787401575));
#3044=CARTESIAN_POINT('Ctrl Pts',(6.54527559055107,0.551157217662378,-0.349606299212598));
#3045=CARTESIAN_POINT('Ctrl Pts',(6.54837559055264,0.550936688914256,0.000393700787401575));
#3046=CARTESIAN_POINT('Ctrl Pts',(6.54837559055264,0.550936688914256,-0.349606299212598));
#3047=CARTESIAN_POINT('Ctrl Pts',(6.55147559055417,0.55029255104188,0.000393700787401575));
#3048=CARTESIAN_POINT('Ctrl Pts',(6.55147559055417,0.55029255104188,-0.349606299212598));
#3049=CARTESIAN_POINT('Ctrl Pts',(6.55457559055496,0.549256765475781,0.000393700787401575));
#3050=CARTESIAN_POINT('Ctrl Pts',(6.55457559055496,0.549256765475781,-0.349606299212598));
#3051=CARTESIAN_POINT('Ctrl Pts',(6.55705559055446,0.548140522687266,0.000393700787401575));
#3052=CARTESIAN_POINT('Ctrl Pts',(6.55705559055446,0.548140522687266,-0.349606299212598));
#3053=CARTESIAN_POINT('Ctrl Pts',(6.55891559055319,0.547151839554672,0.000393700787401575));
#3054=CARTESIAN_POINT('Ctrl Pts',(6.55891559055319,0.547151839554672,-0.349606299212598));
#3055=CARTESIAN_POINT('Ctrl Pts',(6.56015559055192,0.546426482140498,0.000393700787401575));
#3056=CARTESIAN_POINT('Ctrl Pts',(6.56015559055192,0.546426482140498,-0.349606299212598));
#3057=CARTESIAN_POINT('Ctrl Pts',(6.56077559055118,0.546047244094488,0.000393700787401575));
#3058=CARTESIAN_POINT('Ctrl Pts',(6.56077559055118,0.546047244094488,-0.349606299212598));
#3059=CARTESIAN_POINT('',(6.52977559055118,0.546047244094488,0.));
#3060=CARTESIAN_POINT('Ctrl Pts',(6.56077559055118,0.546047244094488,5.42101086242752E-20));
#3061=CARTESIAN_POINT('Ctrl Pts',(6.55848630810169,0.547447539262135,5.42101086242752E-20));
#3062=CARTESIAN_POINT('Ctrl Pts',(6.55619702565038,0.548581723621588,5.42101086242752E-20));
#3063=CARTESIAN_POINT('Ctrl Pts',(6.55390774319794,0.549419760040006,5.42101086242752E-20));
#3064=CARTESIAN_POINT('Ctrl Pts',(6.55175344693597,0.550208382134962,5.42101086242752E-20));
#3065=CARTESIAN_POINT('Ctrl Pts',(6.54959915067308,0.550730592768699,5.42101086242752E-20));
#3066=CARTESIAN_POINT('Ctrl Pts',(6.54744485441029,0.550941002432992,5.42101086242752E-20));
#3067=CARTESIAN_POINT('Ctrl Pts',(6.54550209162313,0.551130751667074,5.42101086242752E-20));
#3068=CARTESIAN_POINT('Ctrl Pts',(6.54355932883607,0.551063484043202,5.42101086242752E-20));
#3069=CARTESIAN_POINT('Ctrl Pts',(6.54161656604941,0.550746492355396,5.42101086242752E-20));
#3070=CARTESIAN_POINT('Ctrl Pts',(6.53904050408843,0.550326168147773,5.42101086242752E-20));
#3071=CARTESIAN_POINT('Ctrl Pts',(6.53646444212811,0.549474872416481,5.42101086242752E-20));
#3072=CARTESIAN_POINT('Ctrl Pts',(6.53388838016824,0.548269405638956,5.42101086242752E-20));
#3073=CARTESIAN_POINT('Ctrl Pts',(6.53251745029578,0.547627879759021,5.42101086242752E-20));
#3074=CARTESIAN_POINT('Ctrl Pts',(6.53114652042344,0.546885806620446,5.42101086242752E-20));
#3075=CARTESIAN_POINT('Ctrl Pts',(6.52977559055118,0.546047244094488,5.42101086242752E-20));
#3076=CARTESIAN_POINT('',(6.52977559055118,0.546047244094488,0.000393700787401575));
#3077=CARTESIAN_POINT('Ctrl Pts',(6.52977559055118,0.546047244094488,0.000393700787401575));
#3078=CARTESIAN_POINT('Ctrl Pts',(6.53039559055096,0.546426482140453,0.000393700787401575));
#3079=CARTESIAN_POINT('Ctrl Pts',(6.53163559055055,0.547151839554546,0.000393700787401575));
#3080=CARTESIAN_POINT('Ctrl Pts',(6.53349559055003,0.548140522687055,0.000393700787401575));
#3081=CARTESIAN_POINT('Ctrl Pts',(6.53597559054954,0.549256765475524,0.000393700787401575));
#3082=CARTESIAN_POINT('Ctrl Pts',(6.53907559054946,0.550292551041658,0.000393700787401575));
#3083=CARTESIAN_POINT('Ctrl Pts',(6.54217559054995,0.550936688914131,0.000393700787401575));
#3084=CARTESIAN_POINT('Ctrl Pts',(6.54527559055107,0.551157217662378,0.000393700787401575));
#3085=CARTESIAN_POINT('Ctrl Pts',(6.54837559055264,0.550936688914256,0.000393700787401575));
#3086=CARTESIAN_POINT('Ctrl Pts',(6.55147559055417,0.55029255104188,0.000393700787401575));
#3087=CARTESIAN_POINT('Ctrl Pts',(6.55457559055496,0.549256765475781,0.000393700787401575));
#3088=CARTESIAN_POINT('Ctrl Pts',(6.55705559055446,0.548140522687266,0.000393700787401575));
#3089=CARTESIAN_POINT('Ctrl Pts',(6.55891559055319,0.547151839554672,0.000393700787401575));
#3090=CARTESIAN_POINT('Ctrl Pts',(6.56015559055192,0.546426482140498,0.000393700787401575));
#3091=CARTESIAN_POINT('Ctrl Pts',(6.56077559055118,0.546047244094488,0.000393700787401575));
#3092=CARTESIAN_POINT('',(6.52977559055118,0.546047244094488,0.000393700787401575));
#3093=CARTESIAN_POINT('Origin',(6.52977559055118,0.515047244094488,0.000393700787401575));
#3094=CARTESIAN_POINT('',(6.52977559055118,0.515047244094488,0.));
#3095=CARTESIAN_POINT('',(6.52977559055118,0.517937007874016,0.));
#3096=CARTESIAN_POINT('',(6.52977559055118,0.515047244094488,0.000393700787401575));
#3097=CARTESIAN_POINT('',(6.52977559055118,0.517937007874016,0.000393700787401575));
#3098=CARTESIAN_POINT('',(6.52977559055118,0.515047244094488,0.000393700787401575));
#3099=CARTESIAN_POINT('Origin',(6.54027559055118,0.515047244094488,0.000393700787401575));
#3100=CARTESIAN_POINT('',(6.54027559055118,0.515047244094488,0.));
#3101=CARTESIAN_POINT('',(5.52837193492687,0.515047244094488,0.));
#3102=CARTESIAN_POINT('',(6.54027559055118,0.515047244094488,0.000393700787401575));
#3103=CARTESIAN_POINT('',(5.52837193492687,0.515047244094488,0.000393700787401575));
#3104=CARTESIAN_POINT('',(6.54027559055118,0.515047244094488,0.000393700787401575));
#3105=CARTESIAN_POINT('Origin',(6.54027559055118,0.510047244094488,0.000393700787401575));
#3106=CARTESIAN_POINT('',(6.54027559055118,0.510047244094488,0.));
#3107=CARTESIAN_POINT('',(6.54027559055118,0.515437007874299,0.));
#3108=CARTESIAN_POINT('',(6.54027559055118,0.510047244094488,0.000393700787401575));
#3109=CARTESIAN_POINT('',(6.54027559055118,0.515437007874299,0.000393700787401575));
#3110=CARTESIAN_POINT('',(6.54027559055118,0.510047244094488,0.000393700787401575));
#3111=CARTESIAN_POINT('Origin',(6.53327559055118,0.510047244094487,0.000393700787401575));
#3112=CARTESIAN_POINT('',(6.53327559055118,0.510047244094487,0.));
#3113=CARTESIAN_POINT('',(5.52487193492688,0.510047244094311,0.));
#3114=CARTESIAN_POINT('',(6.53327559055118,0.510047244094487,0.000393700787401575));
#3115=CARTESIAN_POINT('',(5.52487193492688,0.510047244094311,0.000393700787401575));
#3116=CARTESIAN_POINT('',(6.53327559055118,0.510047244094487,0.000393700787401575));
#3117=CARTESIAN_POINT('Origin',(6.5289829515142,0.506664298225901,0.000393700787401575));
#3118=CARTESIAN_POINT('',(6.5289829515142,0.506664298225901,0.));
#3119=CARTESIAN_POINT('',(5.91168941052203,0.0201871879425046,0.));
#3120=CARTESIAN_POINT('',(6.5289829515142,0.506664298225901,0.000393700787401575));
#3121=CARTESIAN_POINT('',(5.91168941052203,0.0201871879425046,0.000393700787401575));
#3122=CARTESIAN_POINT('',(6.5289829515142,0.506664298225901,0.000393700787401575));
#3123=CARTESIAN_POINT('Ctrl Pts',(6.56156822958816,0.506664298225901,0.000393700787401575));
#3124=CARTESIAN_POINT('Ctrl Pts',(6.56156822958816,0.506664298225901,-0.349606299212598));
#3125=CARTESIAN_POINT('Ctrl Pts',(6.56148425638122,0.505404707634057,0.000393700787401575));
#3126=CARTESIAN_POINT('Ctrl Pts',(6.56148425638122,0.505404707634057,-0.349606299212598));
#3127=CARTESIAN_POINT('Ctrl Pts',(6.56119732088911,0.50299543136298,0.000393700787401575));
#3128=CARTESIAN_POINT('Ctrl Pts',(6.56119732088911,0.50299543136298,-0.349606299212598));
#3129=CARTESIAN_POINT('Ctrl Pts',(6.56040961581852,0.499711221119132,0.000393700787401575));
#3130=CARTESIAN_POINT('Ctrl Pts',(6.56040961581852,0.499711221119132,-0.349606299212598));
#3131=CARTESIAN_POINT('Ctrl Pts',(6.55863587962197,0.496002622391427,0.000393700787401575));
#3132=CARTESIAN_POINT('Ctrl Pts',(6.55863587962197,0.496002622391427,-0.349606299212598));
#3133=CARTESIAN_POINT('Ctrl Pts',(6.55519146194,0.492560028250306,0.000393700787401575));
#3134=CARTESIAN_POINT('Ctrl Pts',(6.55519146194,0.492560028250306,-0.349606299212598));
#3135=CARTESIAN_POINT('Ctrl Pts',(6.55064518687135,0.490417539594959,0.000393700787401575));
#3136=CARTESIAN_POINT('Ctrl Pts',(6.55064518687135,0.490417539594959,-0.349606299212598));
#3137=CARTESIAN_POINT('Ctrl Pts',(6.54527559055093,0.48968175674832,0.000393700787401575));
#3138=CARTESIAN_POINT('Ctrl Pts',(6.54527559055093,0.48968175674832,-0.349606299212598));
#3139=CARTESIAN_POINT('Ctrl Pts',(6.53990599423023,0.490411789160185,0.000393700787401575));
#3140=CARTESIAN_POINT('Ctrl Pts',(6.53990599423023,0.490411789160185,-0.349606299212598));
#3141=CARTESIAN_POINT('Ctrl Pts',(6.53535971916099,0.492550770062633,0.000393700787401575));
#3142=CARTESIAN_POINT('Ctrl Pts',(6.53535971916099,0.492550770062633,-0.349606299212598));
#3143=CARTESIAN_POINT('Ctrl Pts',(6.53191530147859,0.4959928578499,0.000393700787401575));
#3144=CARTESIAN_POINT('Ctrl Pts',(6.53191530147859,0.4959928578499,-0.349606299212598));
#3145=CARTESIAN_POINT('Ctrl Pts',(6.53014156528228,0.499703725858281,0.000393700787401575));
#3146=CARTESIAN_POINT('Ctrl Pts',(6.53014156528228,0.499703725858281,-0.349606299212598));
#3147=CARTESIAN_POINT('Ctrl Pts',(6.52935386021231,0.502991116067323,0.000393700787401575));
#3148=CARTESIAN_POINT('Ctrl Pts',(6.52935386021231,0.502991116067323,-0.349606299212598));
#3149=CARTESIAN_POINT('Ctrl Pts',(6.52906692472079,0.505403161162262,0.000393700787401575));
#3150=CARTESIAN_POINT('Ctrl Pts',(6.52906692472079,0.505403161162262,-0.349606299212598));
#3151=CARTESIAN_POINT('Ctrl Pts',(6.5289829515142,0.506664298225901,0.000393700787401575));
#3152=CARTESIAN_POINT('Ctrl Pts',(6.5289829515142,0.506664298225901,-0.349606299212598));
#3153=CARTESIAN_POINT('',(6.56156822958816,0.506664298225901,0.));
#3154=CARTESIAN_POINT('Ctrl Pts',(6.5289829515142,0.506664298225901,5.42101086242752E-20));
#3155=CARTESIAN_POINT('Ctrl Pts',(6.52919070817728,0.503544140753518,5.42101086242752E-20));
#3156=CARTESIAN_POINT('Ctrl Pts',(6.52983456549075,0.500825374941425,5.42101086242752E-20));
#3157=CARTESIAN_POINT('Ctrl Pts',(6.53092434690516,0.498529011708306,5.42101086242752E-20));
#3158=CARTESIAN_POINT('Ctrl Pts',(6.53178726271819,0.496710694640198,5.42101086242752E-20));
#3159=CARTESIAN_POINT('Ctrl Pts',(6.53293301376531,0.495158459698185,5.42101086242752E-20));
#3160=CARTESIAN_POINT('Ctrl Pts',(6.53434420627855,0.493897336504226,5.42101086242752E-20));
#3161=CARTESIAN_POINT('Ctrl Pts',(6.53550703385289,0.492858166574666,5.42101086242752E-20));
#3162=CARTESIAN_POINT('Ctrl Pts',(6.53684987606181,0.492017141852414,5.42101086242752E-20));
#3163=CARTESIAN_POINT('Ctrl Pts',(6.53833697790168,0.491390092344751,5.42101086242752E-20));
#3164=CARTESIAN_POINT('Ctrl Pts',(6.53974791701127,0.490795157518981,5.42101086242752E-20));
#3165=CARTESIAN_POINT('Ctrl Pts',(6.54129063551668,0.49039320003062,5.42101086242752E-20));
#3166=CARTESIAN_POINT('Ctrl Pts',(6.54288887129765,0.490193980255248,5.42101086242752E-20));
#3167=CARTESIAN_POINT('Ctrl Pts',(6.54495649304456,0.489936251611653,5.42101086242752E-20));
#3168=CARTESIAN_POINT('Ctrl Pts',(6.54710956598486,0.490019661480731,5.42101086242752E-20));
#3169=CARTESIAN_POINT('Ctrl Pts',(6.54912445507654,0.490439922427332,5.42101086242752E-20));
#3170=CARTESIAN_POINT('Ctrl Pts',(6.55069188992208,0.490766854393286,5.42101086242752E-20));
#3171=CARTESIAN_POINT('Ctrl Pts',(6.55217327348802,0.491296473192895,5.42101086242752E-20));
#3172=CARTESIAN_POINT('Ctrl Pts',(6.55350827220379,0.492016871165072,5.42101086242752E-20));
#3173=CARTESIAN_POINT('Ctrl Pts',(6.55523164178195,0.492946843557372,5.42101086242752E-20));
#3174=CARTESIAN_POINT('Ctrl Pts',(6.5567135435768,0.494194073518544,5.42101086242752E-20));
#3175=CARTESIAN_POINT('Ctrl Pts',(6.55790755650631,0.495728875475373,5.42101086242752E-20));
#3176=CARTESIAN_POINT('Ctrl Pts',(6.5593576102722,0.497592796126803,5.42101086242752E-20));
#3177=CARTESIAN_POINT('Ctrl Pts',(6.56038434064356,0.499878949928995,5.42101086242752E-20));
#3178=CARTESIAN_POINT('Ctrl Pts',(6.56098828171057,0.502551994926827,5.42101086242752E-20));
#3179=CARTESIAN_POINT('Ctrl Pts',(6.56127786948667,0.503833711303852,5.42101086242752E-20));
#3180=CARTESIAN_POINT('Ctrl Pts',(6.56147093078009,0.505204824809184,5.42101086242752E-20));
#3181=CARTESIAN_POINT('Ctrl Pts',(6.56156822958816,0.506664298225901,5.42101086242752E-20));
#3182=CARTESIAN_POINT('',(6.56156822958816,0.506664298225901,0.000393700787401575));
#3183=CARTESIAN_POINT('Ctrl Pts',(6.56156822958816,0.506664298225901,0.000393700787401575));
#3184=CARTESIAN_POINT('Ctrl Pts',(6.56148425638122,0.505404707634057,0.000393700787401575));
#3185=CARTESIAN_POINT('Ctrl Pts',(6.56119732088911,0.50299543136298,0.000393700787401575));
#3186=CARTESIAN_POINT('Ctrl Pts',(6.56040961581852,0.499711221119132,0.000393700787401575));
#3187=CARTESIAN_POINT('Ctrl Pts',(6.55863587962197,0.496002622391427,0.000393700787401575));
#3188=CARTESIAN_POINT('Ctrl Pts',(6.55519146194,0.492560028250306,0.000393700787401575));
#3189=CARTESIAN_POINT('Ctrl Pts',(6.55064518687135,0.490417539594959,0.000393700787401575));
#3190=CARTESIAN_POINT('Ctrl Pts',(6.54527559055093,0.48968175674832,0.000393700787401575));
#3191=CARTESIAN_POINT('Ctrl Pts',(6.53990599423023,0.490411789160185,0.000393700787401575));
#3192=CARTESIAN_POINT('Ctrl Pts',(6.53535971916099,0.492550770062633,0.000393700787401575));
#3193=CARTESIAN_POINT('Ctrl Pts',(6.53191530147859,0.4959928578499,0.000393700787401575));
#3194=CARTESIAN_POINT('Ctrl Pts',(6.53014156528228,0.499703725858281,0.000393700787401575));
#3195=CARTESIAN_POINT('Ctrl Pts',(6.52935386021231,0.502991116067323,0.000393700787401575));
#3196=CARTESIAN_POINT('Ctrl Pts',(6.52906692472079,0.505403161162262,0.000393700787401575));
#3197=CARTESIAN_POINT('Ctrl Pts',(6.5289829515142,0.506664298225901,0.000393700787401575));
#3198=CARTESIAN_POINT('',(6.56156822958816,0.506664298225901,0.000393700787401575));
#3199=CARTESIAN_POINT('Origin',(6.55727559055117,0.510047244094487,0.000393700787401575));
#3200=CARTESIAN_POINT('',(6.55727559055117,0.510047244094487,0.));
#3201=CARTESIAN_POINT('',(5.92519277025843,1.00817949958782,0.));
#3202=CARTESIAN_POINT('',(6.55727559055117,0.510047244094487,0.000393700787401575));
#3203=CARTESIAN_POINT('',(5.92519277025843,1.00817949958782,0.000393700787401575));
#3204=CARTESIAN_POINT('',(6.55727559055117,0.510047244094487,0.000393700787401575));
#3205=CARTESIAN_POINT('Origin',(6.55027559055119,0.510047244094488,0.000393700787401575));
#3206=CARTESIAN_POINT('',(6.55027559055119,0.510047244094488,0.));
#3207=CARTESIAN_POINT('',(5.53337193492688,0.510047244094666,0.));
#3208=CARTESIAN_POINT('',(6.55027559055119,0.510047244094488,0.000393700787401575));
#3209=CARTESIAN_POINT('',(5.53337193492688,0.510047244094666,0.000393700787401575));
#3210=CARTESIAN_POINT('',(6.55027559055119,0.510047244094488,0.000393700787401575));
#3211=CARTESIAN_POINT('Origin',(6.55027559055118,0.515047244094488,0.000393700787401575));
#3212=CARTESIAN_POINT('',(6.55027559055117,0.517937007876576,0.));
#3213=CARTESIAN_POINT('',(6.55027559055117,0.517937007876576,0.000393700787401575));
#3214=CARTESIAN_POINT('Origin',(4.4482543583492,0.510805357481504,0.000393700787401575));
#3215=CARTESIAN_POINT('',(4.45416141732283,0.510805357481501,0.));
#3216=CARTESIAN_POINT('',(4.4482543583492,0.510805357481504,0.));
#3217=CARTESIAN_POINT('',(4.48236131882588,0.510805357481492,0.));
#3218=CARTESIAN_POINT('',(4.45416141732283,0.510805357481501,0.000393700787401575));
#3219=CARTESIAN_POINT('',(4.45416141732283,0.510805357481501,0.000393700787401575));
#3220=CARTESIAN_POINT('',(4.4482543583492,0.510805357481504,0.000393700787401575));
#3221=CARTESIAN_POINT('',(4.48236131882588,0.510805357481492,0.000393700787401575));
#3222=CARTESIAN_POINT('',(4.4482543583492,0.510805357481504,0.000393700787401575));
#3223=CARTESIAN_POINT('Origin',(4.44461250265238,0.508047244038262,0.000393700787401575));
#3224=CARTESIAN_POINT('',(4.44461250265238,0.508047244038262,0.));
#3225=CARTESIAN_POINT('',(4.47052006117478,0.527668006471185,0.));
#3226=CARTESIAN_POINT('',(4.44461250265238,0.508047244038262,0.000393700787401575));
#3227=CARTESIAN_POINT('',(4.47052006117478,0.527668006471185,0.000393700787401575));
#3228=CARTESIAN_POINT('',(4.44461250265238,0.508047244038262,0.000393700787401575));
#3229=CARTESIAN_POINT('Ctrl Pts',(4.47271033199329,0.508047244038257,0.000393700787401575));
#3230=CARTESIAN_POINT('Ctrl Pts',(4.47271033199329,0.508047244038257,-0.0796062992125984));
#3231=CARTESIAN_POINT('Ctrl Pts',(4.47269259376382,0.506891183383285,0.000393700787401575));
#3232=CARTESIAN_POINT('Ctrl Pts',(4.47269259376382,0.506891183383285,-0.0796062992125984));
#3233=CARTESIAN_POINT('Ctrl Pts',(4.47254305644475,0.504680020299442,0.000393700787401575));
#3234=CARTESIAN_POINT('Ctrl Pts',(4.47254305644475,0.504680020299442,-0.0796062992125984));
#3235=CARTESIAN_POINT('Ctrl Pts',(4.47197624714615,0.501666141070067,0.000393700787401575));
#3236=CARTESIAN_POINT('Ctrl Pts',(4.47197624714615,0.501666141070067,-0.0796062992125984));
#3237=CARTESIAN_POINT('Ctrl Pts',(4.47052700259143,0.498263411879639,0.000393700787401575));
#3238=CARTESIAN_POINT('Ctrl Pts',(4.47052700259143,0.498263411879639,-0.0796062992125984));
#3239=CARTESIAN_POINT('Ctrl Pts',(4.46753902885782,0.495105946660416,0.000393700787401575));
#3240=CARTESIAN_POINT('Ctrl Pts',(4.46753902885782,0.495105946660416,-0.0796062992125984));
#3241=CARTESIAN_POINT('Ctrl Pts',(4.46349483380409,0.493142371384705,0.000393700787401575));
#3242=CARTESIAN_POINT('Ctrl Pts',(4.46349483380409,0.493142371384705,-0.0796062992125984));
#3243=CARTESIAN_POINT('Ctrl Pts',(4.4586614173231,0.492470116552261,0.000393700787401575));
#3244=CARTESIAN_POINT('Ctrl Pts',(4.4586614173231,0.492470116552261,-0.0796062992125984));
#3245=CARTESIAN_POINT('Ctrl Pts',(4.45382800084206,0.493142371384799,0.000393700787401575));
#3246=CARTESIAN_POINT('Ctrl Pts',(4.45382800084206,0.493142371384799,-0.0796062992125984));
#3247=CARTESIAN_POINT('Ctrl Pts',(4.44978380578818,0.495105946660554,0.000393700787401575));
#3248=CARTESIAN_POINT('Ctrl Pts',(4.44978380578818,0.495105946660554,-0.0796062992125984));
#3249=CARTESIAN_POINT('Ctrl Pts',(4.44679583205439,0.49826341187977,0.000393700787401575));
#3250=CARTESIAN_POINT('Ctrl Pts',(4.44679583205439,0.49826341187977,-0.0796062992125984));
#3251=CARTESIAN_POINT('Ctrl Pts',(4.4453465874995,0.501666141070156,0.000393700787401575));
#3252=CARTESIAN_POINT('Ctrl Pts',(4.4453465874995,0.501666141070156,-0.0796062992125984));
#3253=CARTESIAN_POINT('Ctrl Pts',(4.44477977820085,0.504680020299491,0.000393700787401575));
#3254=CARTESIAN_POINT('Ctrl Pts',(4.44477977820085,0.504680020299491,-0.0796062992125984));
#3255=CARTESIAN_POINT('Ctrl Pts',(4.44463024088181,0.506891183383305,0.000393700787401575));
#3256=CARTESIAN_POINT('Ctrl Pts',(4.44463024088181,0.506891183383305,-0.0796062992125984));
#3257=CARTESIAN_POINT('Ctrl Pts',(4.44461250265238,0.508047244038262,0.000393700787401575));
#3258=CARTESIAN_POINT('Ctrl Pts',(4.44461250265238,0.508047244038262,-0.0796062992125984));
#3259=CARTESIAN_POINT('',(4.47271033199329,0.508047244038257,0.));
#3260=CARTESIAN_POINT('Ctrl Pts',(4.44461250265238,0.508047244038262,5.42101086242752E-20));
#3261=CARTESIAN_POINT('Ctrl Pts',(4.44465705460782,0.5051436417941,5.42101086242752E-20));
#3262=CARTESIAN_POINT('Ctrl Pts',(4.44513244167659,0.502618818980444,5.42101086242752E-20));
#3263=CARTESIAN_POINT('Ctrl Pts',(4.4460484850223,0.500493210797506,5.42101086242752E-20));
#3264=CARTESIAN_POINT('Ctrl Pts',(4.44676848974033,0.498822495183938,5.42101086242752E-20));
#3265=CARTESIAN_POINT('Ctrl Pts',(4.44776393415225,0.497399616895363,5.42101086242752E-20));
#3266=CARTESIAN_POINT('Ctrl Pts',(4.44901676235583,0.496248274195377,5.42101086242752E-20));
#3267=CARTESIAN_POINT('Ctrl Pts',(4.45004821194855,0.495300377304498,5.42101086242752E-20));
#3268=CARTESIAN_POINT('Ctrl Pts',(4.45125398695763,0.494536993425558,5.42101086242752E-20));
#3269=CARTESIAN_POINT('Ctrl Pts',(4.45259791129655,0.493972942736864,5.42101086242752E-20));
#3270=CARTESIAN_POINT('Ctrl Pts',(4.45388943510437,0.493430884771124,5.42101086242752E-20));
#3271=CARTESIAN_POINT('Ctrl Pts',(4.45531041286721,0.493073284084969,5.42101086242752E-20));
#3272=CARTESIAN_POINT('Ctrl Pts',(4.4567805699704,0.492909393426299,5.42101086242752E-20));
#3273=CARTESIAN_POINT('Ctrl Pts',(4.4586113673798,0.492705299188569,5.42101086242752E-20));
#3274=CARTESIAN_POINT('Ctrl Pts',(4.46051096780938,0.492803058102162,5.42101086242752E-20));
#3275=CARTESIAN_POINT('Ctrl Pts',(4.46227742980464,0.493198111966631,5.42101086242752E-20));
#3276=CARTESIAN_POINT('Ctrl Pts',(4.46369864509201,0.493515954407071,5.42101086242752E-20));
#3277=CARTESIAN_POINT('Ctrl Pts',(4.46503148706462,0.49402521752483,5.42101086242752E-20));
#3278=CARTESIAN_POINT('Ctrl Pts',(4.46621785794963,0.494714353099447,5.42101086242752E-20));
#3279=CARTESIAN_POINT('Ctrl Pts',(4.46774806298737,0.495603214029276,5.42101086242752E-20));
#3280=CARTESIAN_POINT('Ctrl Pts',(4.46903703583742,0.496790643947513,5.42101086242752E-20));
#3281=CARTESIAN_POINT('Ctrl Pts',(4.4700408925854,0.498248416099705,5.42101086242752E-20));
#3282=CARTESIAN_POINT('Ctrl Pts',(4.47129455043152,0.500068942285462,5.42101086242752E-20));
#3283=CARTESIAN_POINT('Ctrl Pts',(4.4721053817358,0.502308984798639,5.42101086242752E-20));
#3284=CARTESIAN_POINT('Ctrl Pts',(4.47247669263148,0.504933932645017,5.42101086242752E-20));
#3285=CARTESIAN_POINT('Ctrl Pts',(4.47261581662157,0.505917456754905,5.42101086242752E-20));
#3286=CARTESIAN_POINT('Ctrl Pts',(4.47269357858982,0.506955367838196,5.42101086242752E-20));
#3287=CARTESIAN_POINT('Ctrl Pts',(4.47271033199329,0.508047244038257,5.42101086242752E-20));
#3288=CARTESIAN_POINT('',(4.47271033199329,0.508047244038257,0.000393700787401575));
#3289=CARTESIAN_POINT('Ctrl Pts',(4.47271033199329,0.508047244038257,0.000393700787401575));
#3290=CARTESIAN_POINT('Ctrl Pts',(4.47269259376382,0.506891183383285,0.000393700787401575));
#3291=CARTESIAN_POINT('Ctrl Pts',(4.47254305644475,0.504680020299442,0.000393700787401575));
#3292=CARTESIAN_POINT('Ctrl Pts',(4.47197624714615,0.501666141070067,0.000393700787401575));
#3293=CARTESIAN_POINT('Ctrl Pts',(4.47052700259143,0.498263411879639,0.000393700787401575));
#3294=CARTESIAN_POINT('Ctrl Pts',(4.46753902885782,0.495105946660416,0.000393700787401575));
#3295=CARTESIAN_POINT('Ctrl Pts',(4.46349483380409,0.493142371384705,0.000393700787401575));
#3296=CARTESIAN_POINT('Ctrl Pts',(4.4586614173231,0.492470116552261,0.000393700787401575));
#3297=CARTESIAN_POINT('Ctrl Pts',(4.45382800084206,0.493142371384799,0.000393700787401575));
#3298=CARTESIAN_POINT('Ctrl Pts',(4.44978380578818,0.495105946660554,0.000393700787401575));
#3299=CARTESIAN_POINT('Ctrl Pts',(4.44679583205439,0.49826341187977,0.000393700787401575));
#3300=CARTESIAN_POINT('Ctrl Pts',(4.4453465874995,0.501666141070156,0.000393700787401575));
#3301=CARTESIAN_POINT('Ctrl Pts',(4.44477977820085,0.504680020299491,0.000393700787401575));
#3302=CARTESIAN_POINT('Ctrl Pts',(4.44463024088181,0.506891183383305,0.000393700787401575));
#3303=CARTESIAN_POINT('Ctrl Pts',(4.44461250265238,0.508047244038262,0.000393700787401575));
#3304=CARTESIAN_POINT('',(4.47271033199329,0.508047244038257,0.000393700787401575));
#3305=CARTESIAN_POINT('Origin',(4.46906847629647,0.510805357481501,0.000393700787401575));
#3306=CARTESIAN_POINT('',(4.46906847629647,0.510805357481501,0.));
#3307=CARTESIAN_POINT('',(4.48171820491038,0.501225245184923,0.));
#3308=CARTESIAN_POINT('',(4.46906847629647,0.510805357481501,0.000393700787401575));
#3309=CARTESIAN_POINT('',(4.48171820491038,0.501225245184923,0.000393700787401575));
#3310=CARTESIAN_POINT('',(4.46906847629647,0.510805357481501,0.000393700787401575));
#3311=CARTESIAN_POINT('Origin',(4.46316141732283,0.510805357481501,0.000393700787401575));
#3312=CARTESIAN_POINT('',(4.46316141732283,0.510805357481501,0.));
#3313=CARTESIAN_POINT('',(4.4898148483127,0.510805357481501,0.));
#3314=CARTESIAN_POINT('',(4.46316141732283,0.510805357481501,0.000393700787401575));
#3315=CARTESIAN_POINT('',(4.4898148483127,0.510805357481501,0.000393700787401575));
#3316=CARTESIAN_POINT('',(4.46316141732283,0.510805357481501,0.000393700787401575));
#3317=CARTESIAN_POINT('Origin',(4.46316141732283,0.5148053574815,0.000393700787401575));
#3318=CARTESIAN_POINT('',(4.46316141732283,0.5148053574815,0.));
#3319=CARTESIAN_POINT('',(4.46316141732283,0.517816064567522,0.));
#3320=CARTESIAN_POINT('',(4.46316141732283,0.5148053574815,0.000393700787401575));
#3321=CARTESIAN_POINT('',(4.46316141732283,0.517816064567522,0.000393700787401575));
#3322=CARTESIAN_POINT('',(4.46316141732283,0.5148053574815,0.000393700787401575));
#3323=CARTESIAN_POINT('Origin',(4.47266141732283,0.5148053574815,0.000393700787401575));
#3324=CARTESIAN_POINT('',(4.47266141732283,0.5148053574815,0.));
#3325=CARTESIAN_POINT('',(4.4945648483127,0.5148053574815,0.));
#3326=CARTESIAN_POINT('',(4.47266141732283,0.5148053574815,0.000393700787401575));
#3327=CARTESIAN_POINT('',(4.4945648483127,0.5148053574815,0.000393700787401575));
#3328=CARTESIAN_POINT('',(4.47266141732283,0.5148053574815,0.000393700787401575));
#3329=CARTESIAN_POINT('Origin',(4.47266141732283,0.5428053574815,0.000393700787401575));
#3330=CARTESIAN_POINT('',(4.47266141732283,0.5428053574815,0.));
#3331=CARTESIAN_POINT('',(4.47266141732283,0.531816064567522,0.));
#3332=CARTESIAN_POINT('',(4.47266141732283,0.5428053574815,0.000393700787401575));
#3333=CARTESIAN_POINT('',(4.47266141732283,0.531816064567522,0.000393700787401575));
#3334=CARTESIAN_POINT('',(4.47266141732283,0.5428053574815,0.000393700787401575));
#3335=CARTESIAN_POINT('Ctrl Pts',(4.44466141732283,0.5428053574815,0.000393700787401575));
#3336=CARTESIAN_POINT('Ctrl Pts',(4.44466141732283,0.5428053574815,-0.0796062992125984));
#3337=CARTESIAN_POINT('Ctrl Pts',(4.44522141732241,0.54326044313672,0.000393700787401575));
#3338=CARTESIAN_POINT('Ctrl Pts',(4.44522141732241,0.54326044313672,-0.0796062992125984));
#3339=CARTESIAN_POINT('Ctrl Pts',(4.44634141732167,0.544130872033746,0.000393700787401575));
#3340=CARTESIAN_POINT('Ctrl Pts',(4.44634141732167,0.544130872033746,-0.0796062992125984));
#3341=CARTESIAN_POINT('Ctrl Pts',(4.44802141732086,0.545317291792893,0.000393700787401575));
#3342=CARTESIAN_POINT('Ctrl Pts',(4.44802141732086,0.545317291792893,-0.0796062992125984));
#3343=CARTESIAN_POINT('Ctrl Pts',(4.45026141732041,0.546656783139166,0.000393700787401575));
#3344=CARTESIAN_POINT('Ctrl Pts',(4.45026141732041,0.546656783139166,-0.0796062992125984));
#3345=CARTESIAN_POINT('Ctrl Pts',(4.45306141732068,0.547899725818529,0.000393700787401575));
#3346=CARTESIAN_POINT('Ctrl Pts',(4.45306141732068,0.547899725818529,-0.0796062992125984));
#3347=CARTESIAN_POINT('Ctrl Pts',(4.45586141732159,0.548672691265358,0.000393700787401575));
#3348=CARTESIAN_POINT('Ctrl Pts',(4.45586141732159,0.548672691265358,-0.0796062992125984));
#3349=CARTESIAN_POINT('Ctrl Pts',(4.45866141732282,0.548937325762989,0.000393700787401575));
#3350=CARTESIAN_POINT('Ctrl Pts',(4.45866141732282,0.548937325762989,-0.0796062992125984));
#3351=CARTESIAN_POINT('Ctrl Pts',(4.4614614173241,0.548672691264894,0.000393700787401575));
#3352=CARTESIAN_POINT('Ctrl Pts',(4.4614614173241,0.548672691264894,-0.0796062992125984));
#3353=CARTESIAN_POINT('Ctrl Pts',(4.46426141732509,0.547899725817717,0.000393700787401575));
#3354=CARTESIAN_POINT('Ctrl Pts',(4.46426141732509,0.547899725817717,-0.0796062992125984));
#3355=CARTESIAN_POINT('Ctrl Pts',(4.46706141732549,0.546656783138233,0.000393700787401575));
#3356=CARTESIAN_POINT('Ctrl Pts',(4.46706141732549,0.546656783138233,-0.0796062992125984));
#3357=CARTESIAN_POINT('Ctrl Pts',(4.46930141732504,0.545317291792128,0.000393700787401575));
#3358=CARTESIAN_POINT('Ctrl Pts',(4.46930141732504,0.545317291792128,-0.0796062992125984));
#3359=CARTESIAN_POINT('Ctrl Pts',(4.47098141732417,0.544130872033289,0.000393700787401575));
#3360=CARTESIAN_POINT('Ctrl Pts',(4.47098141732417,0.544130872033289,-0.0796062992125984));
#3361=CARTESIAN_POINT('Ctrl Pts',(4.47210141732332,0.543260443136554,0.000393700787401575));
#3362=CARTESIAN_POINT('Ctrl Pts',(4.47210141732332,0.543260443136554,-0.0796062992125984));
#3363=CARTESIAN_POINT('Ctrl Pts',(4.47266141732283,0.5428053574815,0.000393700787401575));
#3364=CARTESIAN_POINT('Ctrl Pts',(4.47266141732283,0.5428053574815,-0.0796062992125984));
#3365=CARTESIAN_POINT('',(4.44466141732283,0.5428053574815,0.));
#3366=CARTESIAN_POINT('Ctrl Pts',(4.47266141732283,0.5428053574815,5.42101086242752E-20));
#3367=CARTESIAN_POINT('Ctrl Pts',(4.47069961672205,0.544399620539121,5.42101086242752E-20));
#3368=CARTESIAN_POINT('Ctrl Pts',(4.46873781612027,0.545705972468723,5.42101086242752E-20));
#3369=CARTESIAN_POINT('Ctrl Pts',(4.46677601551779,0.546694977504653,5.42101086242752E-20));
#3370=CARTESIAN_POINT('Ctrl Pts',(4.464890660686,0.547645443836856,5.42101086242752E-20));
#3371=CARTESIAN_POINT('Ctrl Pts',(4.4630053058536,0.548298936354598,5.42101086242752E-20));
#3372=CARTESIAN_POINT('Ctrl Pts',(4.46111995102104,0.548604953951377,5.42101086242752E-20));
#3373=CARTESIAN_POINT('Ctrl Pts',(4.4594838444458,0.548870515316049,5.42101086242752E-20));
#3374=CARTESIAN_POINT('Ctrl Pts',(4.45784773787044,0.548871003592755,5.42101086242752E-20));
#3375=CARTESIAN_POINT('Ctrl Pts',(4.45621163129524,0.548606371328694,5.42101086242752E-20));
#3376=CARTESIAN_POINT('Ctrl Pts',(4.45388004092032,0.548229247949858,5.42101086242752E-20));
#3377=CARTESIAN_POINT('Ctrl Pts',(4.45154845054574,0.547320944492347,5.42101086242752E-20));
#3378=CARTESIAN_POINT('Ctrl Pts',(4.44921686017214,0.545975827119206,5.42101086242752E-20));
#3379=CARTESIAN_POINT('Ctrl Pts',(4.44769837922194,0.545099800553811,5.42101086242752E-20));
#3380=CARTESIAN_POINT('Ctrl Pts',(4.44617989827215,0.544039355514145,5.42101086242752E-20));
#3381=CARTESIAN_POINT('Ctrl Pts',(4.44466141732283,0.5428053574815,5.42101086242752E-20));
#3382=CARTESIAN_POINT('',(4.44466141732283,0.5428053574815,0.000393700787401575));
#3383=CARTESIAN_POINT('Ctrl Pts',(4.44466141732283,0.5428053574815,0.000393700787401575));
#3384=CARTESIAN_POINT('Ctrl Pts',(4.44522141732241,0.54326044313672,0.000393700787401575));
#3385=CARTESIAN_POINT('Ctrl Pts',(4.44634141732167,0.544130872033746,0.000393700787401575));
#3386=CARTESIAN_POINT('Ctrl Pts',(4.44802141732086,0.545317291792893,0.000393700787401575));
#3387=CARTESIAN_POINT('Ctrl Pts',(4.45026141732041,0.546656783139166,0.000393700787401575));
#3388=CARTESIAN_POINT('Ctrl Pts',(4.45306141732068,0.547899725818529,0.000393700787401575));
#3389=CARTESIAN_POINT('Ctrl Pts',(4.45586141732159,0.548672691265358,0.000393700787401575));
#3390=CARTESIAN_POINT('Ctrl Pts',(4.45866141732282,0.548937325762989,0.000393700787401575));
#3391=CARTESIAN_POINT('Ctrl Pts',(4.4614614173241,0.548672691264894,0.000393700787401575));
#3392=CARTESIAN_POINT('Ctrl Pts',(4.46426141732509,0.547899725817717,0.000393700787401575));
#3393=CARTESIAN_POINT('Ctrl Pts',(4.46706141732549,0.546656783138233,0.000393700787401575));
#3394=CARTESIAN_POINT('Ctrl Pts',(4.46930141732504,0.545317291792128,0.000393700787401575));
#3395=CARTESIAN_POINT('Ctrl Pts',(4.47098141732417,0.544130872033289,0.000393700787401575));
#3396=CARTESIAN_POINT('Ctrl Pts',(4.47210141732332,0.543260443136554,0.000393700787401575));
#3397=CARTESIAN_POINT('Ctrl Pts',(4.47266141732283,0.5428053574815,0.000393700787401575));
#3398=CARTESIAN_POINT('',(4.44466141732283,0.5428053574815,0.000393700787401575));
#3399=CARTESIAN_POINT('Origin',(4.44466141732283,0.5148053574815,0.000393700787401575));
#3400=CARTESIAN_POINT('',(4.44466141732283,0.5148053574815,0.));
#3401=CARTESIAN_POINT('',(4.44466141732283,0.517816064567522,0.));
#3402=CARTESIAN_POINT('',(4.44466141732283,0.5148053574815,0.000393700787401575));
#3403=CARTESIAN_POINT('',(4.44466141732283,0.517816064567522,0.000393700787401575));
#3404=CARTESIAN_POINT('',(4.44466141732283,0.5148053574815,0.000393700787401575));
#3405=CARTESIAN_POINT('Origin',(4.45416141732283,0.5148053574815,0.000393700787401575));
#3406=CARTESIAN_POINT('',(4.45416141732283,0.5148053574815,0.));
#3407=CARTESIAN_POINT('',(4.4853148483127,0.5148053574815,0.));
#3408=CARTESIAN_POINT('',(4.45416141732283,0.5148053574815,0.000393700787401575));
#3409=CARTESIAN_POINT('',(4.4853148483127,0.5148053574815,0.000393700787401575));
#3410=CARTESIAN_POINT('',(4.45416141732283,0.5148053574815,0.000393700787401575));
#3411=CARTESIAN_POINT('Origin',(4.45416141732283,0.510805357481501,0.000393700787401575));
#3412=CARTESIAN_POINT('',(4.45416141732283,0.515816064567522,0.));
#3413=CARTESIAN_POINT('',(4.45416141732283,0.515816064567522,0.000393700787401575));
#3414=CARTESIAN_POINT('Origin',(5.90551181102362,0.522007874015748,0.));
#3415=CARTESIAN_POINT('',(5.90551181102362,0.522007874015748,0.));
#3416=CARTESIAN_POINT('',(6.02114173228347,0.522007874015748,0.));
#3417=CARTESIAN_POINT('',(5.90551181102362,0.522007874015748,0.));
#3418=CARTESIAN_POINT('',(6.02114173228347,0.522007874015748,0.000393700787401575));
#3419=CARTESIAN_POINT('',(6.02114173228347,0.522007874015748,0.));
#3420=CARTESIAN_POINT('',(5.90551181102362,0.522007874015748,0.000393700787401575));
#3421=CARTESIAN_POINT('',(5.90551181102362,0.522007874015748,0.000393700787401575));
#3422=CARTESIAN_POINT('',(5.90551181102362,0.522007874015748,0.));
#3423=CARTESIAN_POINT('Origin',(5.90551181102362,0.517047244094488,0.));
#3424=CARTESIAN_POINT('',(5.90551181102362,0.517047244094488,0.));
#3425=CARTESIAN_POINT('',(5.90551181102362,0.522007874015748,0.));
#3426=CARTESIAN_POINT('',(5.90551181102362,0.517047244094488,0.000393700787401575));
#3427=CARTESIAN_POINT('',(5.90551181102362,0.522007874015748,0.000393700787401575));
#3428=CARTESIAN_POINT('',(5.90551181102362,0.517047244094488,0.));
#3429=CARTESIAN_POINT('Origin',(6.14173228346457,0.517047244094488,0.));
#3430=CARTESIAN_POINT('',(6.14173228346457,0.517047244094488,0.));
#3431=CARTESIAN_POINT('',(6.0236220472441,0.517047244094488,0.));
#3432=CARTESIAN_POINT('',(6.14173228346457,0.517047244094488,0.000393700787401575));
#3433=CARTESIAN_POINT('',(6.0236220472441,0.517047244094488,0.000393700787401575));
#3434=CARTESIAN_POINT('',(6.14173228346457,0.517047244094488,0.));
#3435=CARTESIAN_POINT('Origin',(6.14173228346457,0.522007874015748,0.));
#3436=CARTESIAN_POINT('',(6.14173228346457,0.522007874015748,0.));
#3437=CARTESIAN_POINT('',(6.14173228346457,0.522007874015748,0.));
#3438=CARTESIAN_POINT('',(6.14173228346457,0.522007874015748,0.000393700787401575));
#3439=CARTESIAN_POINT('',(6.14173228346457,0.522007874015748,0.000393700787401575));
#3440=CARTESIAN_POINT('',(6.14173228346457,0.522007874015748,0.));
#3441=CARTESIAN_POINT('Origin',(6.02610236220472,0.522007874015748,0.));
#3442=CARTESIAN_POINT('',(6.02610236220472,0.522007874015748,0.));
#3443=CARTESIAN_POINT('',(6.14173228346457,0.522007874015748,0.));
#3444=CARTESIAN_POINT('',(6.02610236220472,0.522007874015748,0.000393700787401575));
#3445=CARTESIAN_POINT('',(6.14173228346457,0.522007874015748,0.000393700787401575));
#3446=CARTESIAN_POINT('',(6.02610236220472,0.522007874015748,0.));
#3447=CARTESIAN_POINT('Origin',(6.02610236220472,0.566732283464567,0.));
#3448=CARTESIAN_POINT('',(6.02610236220472,0.566732283464567,0.));
#3449=CARTESIAN_POINT('',(6.02610236220472,0.519527559055118,0.));
#3450=CARTESIAN_POINT('',(6.02610236220472,0.566732283464567,0.000393700787401575));
#3451=CARTESIAN_POINT('',(6.02610236220472,0.519527559055118,0.000393700787401575));
#3452=CARTESIAN_POINT('',(6.02610236220472,0.566732283464567,0.));
#3453=CARTESIAN_POINT('Origin',(6.14173228346457,0.566732283464567,0.));
#3454=CARTESIAN_POINT('',(6.14173228346457,0.566732283464567,0.));
#3455=CARTESIAN_POINT('',(6.0236220472441,0.566732283464567,0.));
#3456=CARTESIAN_POINT('',(6.14173228346457,0.566732283464567,0.000393700787401575));
#3457=CARTESIAN_POINT('',(6.0236220472441,0.566732283464567,0.000393700787401575));
#3458=CARTESIAN_POINT('',(6.14173228346457,0.566732283464567,0.));
#3459=CARTESIAN_POINT('Origin',(6.14173228346457,0.571692913385827,0.));
#3460=CARTESIAN_POINT('',(6.14173228346457,0.571692913385827,0.));
#3461=CARTESIAN_POINT('',(6.14173228346457,0.571692913385827,0.));
#3462=CARTESIAN_POINT('',(6.14173228346457,0.571692913385827,0.000393700787401575));
#3463=CARTESIAN_POINT('',(6.14173228346457,0.571692913385827,0.000393700787401575));
#3464=CARTESIAN_POINT('',(6.14173228346457,0.571692913385827,0.));
#3465=CARTESIAN_POINT('Origin',(5.90551181102362,0.571692913385827,0.));
#3466=CARTESIAN_POINT('',(5.90551181102362,0.571692913385827,0.));
#3467=CARTESIAN_POINT('',(5.90551181102362,0.571692913385827,0.));
#3468=CARTESIAN_POINT('',(5.90551181102362,0.571692913385827,0.000393700787401575));
#3469=CARTESIAN_POINT('',(5.90551181102362,0.571692913385827,0.000393700787401575));
#3470=CARTESIAN_POINT('',(5.90551181102362,0.571692913385827,0.));
#3471=CARTESIAN_POINT('Origin',(5.90551181102362,0.566732283464567,0.));
#3472=CARTESIAN_POINT('',(5.90551181102362,0.566732283464567,0.));
#3473=CARTESIAN_POINT('',(5.90551181102362,0.571692913385827,0.));
#3474=CARTESIAN_POINT('',(5.90551181102362,0.566732283464567,0.000393700787401575));
#3475=CARTESIAN_POINT('',(5.90551181102362,0.571692913385827,0.000393700787401575));
#3476=CARTESIAN_POINT('',(5.90551181102362,0.566732283464567,0.));
#3477=CARTESIAN_POINT('Origin',(6.02114173228347,0.566732283464567,0.));
#3478=CARTESIAN_POINT('',(6.02114173228347,0.566732283464567,0.));
#3479=CARTESIAN_POINT('',(6.02362204724409,0.566732283464567,0.));
#3480=CARTESIAN_POINT('',(6.02114173228347,0.566732283464567,0.000393700787401575));
#3481=CARTESIAN_POINT('',(6.02362204724409,0.566732283464567,0.000393700787401575));
#3482=CARTESIAN_POINT('',(6.02114173228347,0.566732283464567,0.));
#3483=CARTESIAN_POINT('Origin',(6.02114173228347,0.522007874015748,0.));
#3484=CARTESIAN_POINT('',(6.02114173228347,0.519527559055118,0.));
#3485=CARTESIAN_POINT('',(6.02114173228347,0.519527559055118,0.000393700787401575));
#3486=CARTESIAN_POINT('Origin',(5.95964566929134,0.47492125984252,0.));
#3487=CARTESIAN_POINT('',(5.93799212598425,0.47492125984252,0.000393700787401575));
#3488=CARTESIAN_POINT('Origin',(5.95964566929134,0.47492125984252,0.000393700787401575));
#3489=CARTESIAN_POINT('',(5.93799212598425,0.47492125984252,0.));
#3490=CARTESIAN_POINT('',(5.93799212598425,0.47492125984252,0.));
#3491=CARTESIAN_POINT('Origin',(5.95964566929134,0.47492125984252,0.));
#3492=CARTESIAN_POINT('Origin',(6.08759842519685,0.47492125984252,0.));
#3493=CARTESIAN_POINT('',(6.06594488188976,0.47492125984252,0.000393700787401575));
#3494=CARTESIAN_POINT('Origin',(6.08759842519685,0.47492125984252,0.000393700787401575));
#3495=CARTESIAN_POINT('',(6.06594488188976,0.47492125984252,0.));
#3496=CARTESIAN_POINT('',(6.06594488188976,0.47492125984252,0.));
#3497=CARTESIAN_POINT('Origin',(6.08759842519685,0.47492125984252,0.));
#3498=CARTESIAN_POINT('Origin',(4.86220472440945,0.517047244094488,0.));
#3499=CARTESIAN_POINT('',(4.86220472440945,0.522007874015748,0.));
#3500=CARTESIAN_POINT('',(4.86220472440945,0.517047244094488,0.));
#3501=CARTESIAN_POINT('',(4.86220472440945,0.522007874015748,0.));
#3502=CARTESIAN_POINT('',(4.86220472440945,0.522007874015748,0.000393700787401575));
#3503=CARTESIAN_POINT('',(4.86220472440945,0.522007874015748,0.));
#3504=CARTESIAN_POINT('',(4.86220472440945,0.517047244094488,0.000393700787401575));
#3505=CARTESIAN_POINT('',(4.86220472440945,0.522007874015748,0.000393700787401575));
#3506=CARTESIAN_POINT('',(4.86220472440945,0.517047244094488,0.));
#3507=CARTESIAN_POINT('Origin',(5.09842519685039,0.517047244094488,0.));
#3508=CARTESIAN_POINT('',(5.09842519685039,0.517047244094488,0.));
#3509=CARTESIAN_POINT('',(4.98031496062992,0.517047244094488,0.));
#3510=CARTESIAN_POINT('',(5.09842519685039,0.517047244094488,0.000393700787401575));
#3511=CARTESIAN_POINT('',(4.98031496062992,0.517047244094488,0.000393700787401575));
#3512=CARTESIAN_POINT('',(5.09842519685039,0.517047244094488,0.));
#3513=CARTESIAN_POINT('Origin',(5.09842519685039,0.522007874015748,0.));
#3514=CARTESIAN_POINT('',(5.09842519685039,0.522007874015748,0.));
#3515=CARTESIAN_POINT('',(5.09842519685039,0.522007874015748,0.));
#3516=CARTESIAN_POINT('',(5.09842519685039,0.522007874015748,0.000393700787401575));
#3517=CARTESIAN_POINT('',(5.09842519685039,0.522007874015748,0.000393700787401575));
#3518=CARTESIAN_POINT('',(5.09842519685039,0.522007874015748,0.));
#3519=CARTESIAN_POINT('Origin',(4.98279527559055,0.522007874015748,0.));
#3520=CARTESIAN_POINT('',(4.98279527559055,0.522007874015748,0.));
#3521=CARTESIAN_POINT('',(5.09842519685039,0.522007874015748,0.));
#3522=CARTESIAN_POINT('',(4.98279527559055,0.522007874015748,0.000393700787401575));
#3523=CARTESIAN_POINT('',(5.09842519685039,0.522007874015748,0.000393700787401575));
#3524=CARTESIAN_POINT('',(4.98279527559055,0.522007874015748,0.));
#3525=CARTESIAN_POINT('Origin',(4.98279527559055,0.566732283464567,0.));
#3526=CARTESIAN_POINT('',(4.98279527559055,0.566732283464567,0.));
#3527=CARTESIAN_POINT('',(4.98279527559055,0.519527559055118,0.));
#3528=CARTESIAN_POINT('',(4.98279527559055,0.566732283464567,0.000393700787401575));
#3529=CARTESIAN_POINT('',(4.98279527559055,0.519527559055118,0.000393700787401575));
#3530=CARTESIAN_POINT('',(4.98279527559055,0.566732283464567,0.));
#3531=CARTESIAN_POINT('Origin',(5.09842519685039,0.566732283464567,0.));
#3532=CARTESIAN_POINT('',(5.09842519685039,0.566732283464567,0.));
#3533=CARTESIAN_POINT('',(4.98031496062992,0.566732283464567,0.));
#3534=CARTESIAN_POINT('',(5.09842519685039,0.566732283464567,0.000393700787401575));
#3535=CARTESIAN_POINT('',(4.98031496062992,0.566732283464567,0.000393700787401575));
#3536=CARTESIAN_POINT('',(5.09842519685039,0.566732283464567,0.));
#3537=CARTESIAN_POINT('Origin',(5.09842519685039,0.571692913385827,0.));
#3538=CARTESIAN_POINT('',(5.09842519685039,0.571692913385827,0.));
#3539=CARTESIAN_POINT('',(5.09842519685039,0.571692913385827,0.));
#3540=CARTESIAN_POINT('',(5.09842519685039,0.571692913385827,0.000393700787401575));
#3541=CARTESIAN_POINT('',(5.09842519685039,0.571692913385827,0.000393700787401575));
#3542=CARTESIAN_POINT('',(5.09842519685039,0.571692913385827,0.));
#3543=CARTESIAN_POINT('Origin',(4.86220472440945,0.571692913385827,0.));
#3544=CARTESIAN_POINT('',(4.86220472440945,0.571692913385827,0.));
#3545=CARTESIAN_POINT('',(4.86220472440945,0.571692913385827,0.));
#3546=CARTESIAN_POINT('',(4.86220472440945,0.571692913385827,0.000393700787401575));
#3547=CARTESIAN_POINT('',(4.86220472440945,0.571692913385827,0.000393700787401575));
#3548=CARTESIAN_POINT('',(4.86220472440945,0.571692913385827,0.));
#3549=CARTESIAN_POINT('Origin',(4.86220472440945,0.566732283464567,0.));
#3550=CARTESIAN_POINT('',(4.86220472440945,0.566732283464567,0.));
#3551=CARTESIAN_POINT('',(4.86220472440945,0.571692913385827,0.));
#3552=CARTESIAN_POINT('',(4.86220472440945,0.566732283464567,0.000393700787401575));
#3553=CARTESIAN_POINT('',(4.86220472440945,0.571692913385827,0.000393700787401575));
#3554=CARTESIAN_POINT('',(4.86220472440945,0.566732283464567,0.));
#3555=CARTESIAN_POINT('Origin',(4.97783464566929,0.566732283464567,0.));
#3556=CARTESIAN_POINT('',(4.97783464566929,0.566732283464567,0.));
#3557=CARTESIAN_POINT('',(4.98031496062992,0.566732283464567,0.));
#3558=CARTESIAN_POINT('',(4.97783464566929,0.566732283464567,0.000393700787401575));
#3559=CARTESIAN_POINT('',(4.98031496062992,0.566732283464567,0.000393700787401575));
#3560=CARTESIAN_POINT('',(4.97783464566929,0.566732283464567,0.));
#3561=CARTESIAN_POINT('Origin',(4.97783464566929,0.522007874015748,0.));
#3562=CARTESIAN_POINT('',(4.97783464566929,0.522007874015748,0.));
#3563=CARTESIAN_POINT('',(4.97783464566929,0.519527559055118,0.));
#3564=CARTESIAN_POINT('',(4.97783464566929,0.522007874015748,0.000393700787401575));
#3565=CARTESIAN_POINT('',(4.97783464566929,0.519527559055118,0.000393700787401575));
#3566=CARTESIAN_POINT('',(4.97783464566929,0.522007874015748,0.));
#3567=CARTESIAN_POINT('Origin',(4.86220472440945,0.522007874015748,0.));
#3568=CARTESIAN_POINT('',(4.86220472440945,0.522007874015748,0.));
#3569=CARTESIAN_POINT('',(4.86220472440945,0.522007874015748,0.000393700787401575));
#3570=CARTESIAN_POINT('Origin',(5.04429133858268,0.47492125984252,0.));
#3571=CARTESIAN_POINT('',(5.02263779527559,0.47492125984252,0.000393700787401575));
#3572=CARTESIAN_POINT('Origin',(5.04429133858268,0.47492125984252,0.000393700787401575));
#3573=CARTESIAN_POINT('',(5.02263779527559,0.47492125984252,0.));
#3574=CARTESIAN_POINT('',(5.02263779527559,0.47492125984252,0.));
#3575=CARTESIAN_POINT('Origin',(5.04429133858268,0.47492125984252,0.));
#3576=CARTESIAN_POINT('Origin',(4.91633858267716,0.47492125984252,0.));
#3577=CARTESIAN_POINT('',(4.89468503937008,0.47492125984252,0.000393700787401575));
#3578=CARTESIAN_POINT('Origin',(4.91633858267716,0.47492125984252,0.000393700787401575));
#3579=CARTESIAN_POINT('',(4.89468503937008,0.47492125984252,0.));
#3580=CARTESIAN_POINT('',(4.89468503937008,0.47492125984252,0.));
#3581=CARTESIAN_POINT('Origin',(4.91633858267716,0.47492125984252,0.));
#3582=CARTESIAN_POINT('Origin',(7.00295275590551,0.47492125984252,0.));
#3583=CARTESIAN_POINT('',(6.98129921259843,0.47492125984252,0.000393700787401575));
#3584=CARTESIAN_POINT('Origin',(7.00295275590551,0.47492125984252,0.000393700787401575));
#3585=CARTESIAN_POINT('',(6.98129921259843,0.47492125984252,0.));
#3586=CARTESIAN_POINT('',(6.98129921259843,0.47492125984252,0.));
#3587=CARTESIAN_POINT('Origin',(7.00295275590551,0.47492125984252,0.));
#3588=CARTESIAN_POINT('Origin',(4.0009842519685,0.47492125984252,0.));
#3589=CARTESIAN_POINT('',(3.97933070866142,0.47492125984252,0.000393700787401575));
#3590=CARTESIAN_POINT('Origin',(4.0009842519685,0.47492125984252,0.000393700787401575));
#3591=CARTESIAN_POINT('',(3.97933070866142,0.47492125984252,0.));
#3592=CARTESIAN_POINT('',(3.97933070866142,0.47492125984252,0.));
#3593=CARTESIAN_POINT('Origin',(4.0009842519685,0.47492125984252,0.));
#3594=CARTESIAN_POINT('Origin',(4.05511811023622,0.517047244094488,0.));
#3595=CARTESIAN_POINT('',(3.93700787401575,0.517047244094488,0.));
#3596=CARTESIAN_POINT('',(4.05511811023622,0.517047244094488,0.));
#3597=CARTESIAN_POINT('',(3.93700787401575,0.517047244094488,0.));
#3598=CARTESIAN_POINT('',(3.93700787401575,0.517047244094488,0.000393700787401575));
#3599=CARTESIAN_POINT('',(3.93700787401575,0.517047244094488,0.));
#3600=CARTESIAN_POINT('',(4.05511811023622,0.517047244094488,0.000393700787401575));
#3601=CARTESIAN_POINT('',(3.93700787401575,0.517047244094488,0.000393700787401575));
#3602=CARTESIAN_POINT('',(4.05511811023622,0.517047244094488,0.));
#3603=CARTESIAN_POINT('Origin',(4.05511811023622,0.522007874015748,0.));
#3604=CARTESIAN_POINT('',(4.05511811023622,0.522007874015748,0.));
#3605=CARTESIAN_POINT('',(4.05511811023622,0.522007874015748,0.));
#3606=CARTESIAN_POINT('',(4.05511811023622,0.522007874015748,0.000393700787401575));
#3607=CARTESIAN_POINT('',(4.05511811023622,0.522007874015748,0.000393700787401575));
#3608=CARTESIAN_POINT('',(4.05511811023622,0.522007874015748,0.));
#3609=CARTESIAN_POINT('Origin',(3.93700787401575,0.522007874015748,0.));
#3610=CARTESIAN_POINT('',(3.93700787401575,0.522007874015748,0.));
#3611=CARTESIAN_POINT('',(4.05511811023622,0.522007874015748,0.));
#3612=CARTESIAN_POINT('',(3.93700787401575,0.522007874015748,0.000393700787401575));
#3613=CARTESIAN_POINT('',(4.05511811023622,0.522007874015748,0.000393700787401575));
#3614=CARTESIAN_POINT('',(3.93700787401575,0.522007874015748,0.));
#3615=CARTESIAN_POINT('Origin',(3.93700787401575,0.566732283464567,0.));
#3616=CARTESIAN_POINT('',(3.93700787401575,0.566732283464567,0.));
#3617=CARTESIAN_POINT('',(3.93700787401575,0.569212598425197,0.));
#3618=CARTESIAN_POINT('',(3.93700787401575,0.566732283464567,0.000393700787401575));
#3619=CARTESIAN_POINT('',(3.93700787401575,0.569212598425197,0.000393700787401575));
#3620=CARTESIAN_POINT('',(3.93700787401575,0.566732283464567,0.));
#3621=CARTESIAN_POINT('Origin',(4.05511811023622,0.566732283464567,0.));
#3622=CARTESIAN_POINT('',(4.05511811023622,0.566732283464567,0.));
#3623=CARTESIAN_POINT('',(4.05511811023622,0.566732283464567,0.));
#3624=CARTESIAN_POINT('',(4.05511811023622,0.566732283464567,0.000393700787401575));
#3625=CARTESIAN_POINT('',(4.05511811023622,0.566732283464567,0.000393700787401575));
#3626=CARTESIAN_POINT('',(4.05511811023622,0.566732283464567,0.));
#3627=CARTESIAN_POINT('Origin',(4.05511811023622,0.571692913385827,0.));
#3628=CARTESIAN_POINT('',(4.05511811023622,0.571692913385827,0.));
#3629=CARTESIAN_POINT('',(4.05511811023622,0.571692913385827,0.));
#3630=CARTESIAN_POINT('',(4.05511811023622,0.571692913385827,0.000393700787401575));
#3631=CARTESIAN_POINT('',(4.05511811023622,0.571692913385827,0.000393700787401575));
#3632=CARTESIAN_POINT('',(4.05511811023622,0.571692913385827,0.));
#3633=CARTESIAN_POINT('Origin',(3.93700787401575,0.571692913385827,0.));
#3634=CARTESIAN_POINT('',(3.93700787401575,0.571692913385827,0.));
#3635=CARTESIAN_POINT('',(3.93700787401575,0.571692913385827,0.));
#3636=CARTESIAN_POINT('',(3.93700787401575,0.571692913385827,0.000393700787401575));
#3637=CARTESIAN_POINT('',(3.93700787401575,0.571692913385827,0.000393700787401575));
#3638=CARTESIAN_POINT('',(3.93700787401575,0.571692913385827,0.));
#3639=CARTESIAN_POINT('Origin',(3.93700787401575,1.04165354330709,0.));
#3640=CARTESIAN_POINT('',(3.93700787401575,0.941653543307087,0.));
#3641=CARTESIAN_POINT('',(3.93700787401575,1.04165354330709,0.));
#3642=CARTESIAN_POINT('',(3.93700787401575,0.941653543307087,0.000393700787401575));
#3643=CARTESIAN_POINT('',(3.93700787401575,1.04165354330709,0.000393700787401575));
#3644=CARTESIAN_POINT('',(3.93700787401575,0.941653543307087,0.));
#3645=CARTESIAN_POINT('Origin',(4.97783464566929,0.941653543307087,0.));
#3646=CARTESIAN_POINT('',(4.97783464566929,0.941653543307087,0.));
#3647=CARTESIAN_POINT('',(4.74715146248593,0.941653543307087,0.));
#3648=CARTESIAN_POINT('',(4.97783464566929,0.941653543307087,0.000393700787401575));
#3649=CARTESIAN_POINT('',(4.74715146248593,0.941653543307087,0.000393700787401575));
#3650=CARTESIAN_POINT('',(4.97783464566929,0.941653543307087,0.));
#3651=CARTESIAN_POINT('Origin',(4.97783464566929,0.923543307086614,0.));
#3652=CARTESIAN_POINT('',(4.97783464566929,0.823543307086614,0.));
#3653=CARTESIAN_POINT('',(4.97783464566929,1.04165354330709,0.));
#3654=CARTESIAN_POINT('',(4.97783464566929,0.823543307086614,0.000393700787401575));
#3655=CARTESIAN_POINT('',(4.97783464566929,1.04165354330709,0.000393700787401575));
#3656=CARTESIAN_POINT('',(4.97783464566929,0.823543307086614,0.));
#3657=CARTESIAN_POINT('Origin',(4.98279527559055,0.823543307086614,0.));
#3658=CARTESIAN_POINT('',(4.98279527559055,0.823543307086614,0.));
#3659=CARTESIAN_POINT('',(4.74963177744656,0.823543307086614,0.));
#3660=CARTESIAN_POINT('',(4.98279527559055,0.823543307086614,0.000393700787401575));
#3661=CARTESIAN_POINT('',(4.74963177744656,0.823543307086614,0.000393700787401575));
#3662=CARTESIAN_POINT('',(4.98279527559055,0.823543307086614,0.));
#3663=CARTESIAN_POINT('Origin',(4.98279527559055,1.04165354330709,0.));
#3664=CARTESIAN_POINT('',(4.98279527559055,0.941653543307087,0.));
#3665=CARTESIAN_POINT('',(4.98279527559055,1.04165354330709,0.));
#3666=CARTESIAN_POINT('',(4.98279527559055,0.941653543307087,0.000393700787401575));
#3667=CARTESIAN_POINT('',(4.98279527559055,1.04165354330709,0.000393700787401575));
#3668=CARTESIAN_POINT('',(4.98279527559055,0.941653543307087,0.));
#3669=CARTESIAN_POINT('Origin',(6.02114173228347,0.941653543307087,0.));
#3670=CARTESIAN_POINT('',(6.02114173228347,0.941653543307087,0.));
#3671=CARTESIAN_POINT('',(5.26880500579302,0.941653543307087,0.));
#3672=CARTESIAN_POINT('',(6.02114173228347,0.941653543307087,0.000393700787401575));
#3673=CARTESIAN_POINT('',(5.26880500579302,0.941653543307087,0.000393700787401575));
#3674=CARTESIAN_POINT('',(6.02114173228347,0.941653543307087,0.));
#3675=CARTESIAN_POINT('Origin',(6.02114173228347,0.923543307086614,0.));
#3676=CARTESIAN_POINT('',(6.02114173228347,0.823543307086614,0.));
#3677=CARTESIAN_POINT('',(6.02114173228347,1.04165354330709,0.));
#3678=CARTESIAN_POINT('',(6.02114173228347,0.823543307086614,0.000393700787401575));
#3679=CARTESIAN_POINT('',(6.02114173228347,1.04165354330709,0.000393700787401575));
#3680=CARTESIAN_POINT('',(6.02114173228347,0.823543307086614,0.));
#3681=CARTESIAN_POINT('Origin',(6.02610236220472,0.823543307086614,0.));
#3682=CARTESIAN_POINT('',(6.02610236220472,0.823543307086614,0.));
#3683=CARTESIAN_POINT('',(5.27128532075364,0.823543307086614,0.));
#3684=CARTESIAN_POINT('',(6.02610236220472,0.823543307086614,0.000393700787401575));
#3685=CARTESIAN_POINT('',(5.27128532075364,0.823543307086614,0.000393700787401575));
#3686=CARTESIAN_POINT('',(6.02610236220472,0.823543307086614,0.));
#3687=CARTESIAN_POINT('Origin',(6.02610236220472,1.04165354330709,0.));
#3688=CARTESIAN_POINT('',(6.02610236220472,0.941653543307087,0.));
#3689=CARTESIAN_POINT('',(6.02610236220472,1.04165354330709,0.));
#3690=CARTESIAN_POINT('',(6.02610236220472,0.941653543307087,0.000393700787401575));
#3691=CARTESIAN_POINT('',(6.02610236220472,1.04165354330709,0.000393700787401575));
#3692=CARTESIAN_POINT('',(6.02610236220472,0.941653543307087,0.));
#3693=CARTESIAN_POINT('Origin',(7.06692913385827,0.941653543307087,0.));
#3694=CARTESIAN_POINT('',(7.06692913385827,0.941653543307087,0.));
#3695=CARTESIAN_POINT('',(5.79169870658042,0.941653543307087,0.));
#3696=CARTESIAN_POINT('',(7.06692913385827,0.941653543307087,0.000393700787401575));
#3697=CARTESIAN_POINT('',(5.79169870658042,0.941653543307087,0.000393700787401575));
#3698=CARTESIAN_POINT('',(7.06692913385827,0.941653543307087,0.));
#3699=CARTESIAN_POINT('Origin',(7.06692913385827,0.571692913385827,0.));
#3700=CARTESIAN_POINT('',(7.06692913385827,0.571692913385827,0.));
#3701=CARTESIAN_POINT('',(7.06692913385827,1.04165354330709,0.));
#3702=CARTESIAN_POINT('',(7.06692913385827,0.571692913385827,0.000393700787401575));
#3703=CARTESIAN_POINT('',(7.06692913385827,1.04165354330709,0.000393700787401575));
#3704=CARTESIAN_POINT('',(7.06692913385827,0.571692913385827,0.));
#3705=CARTESIAN_POINT('Origin',(6.9488188976378,0.571692913385827,0.));
#3706=CARTESIAN_POINT('',(6.9488188976378,0.571692913385827,0.));
#3707=CARTESIAN_POINT('',(6.9488188976378,0.571692913385827,0.));
#3708=CARTESIAN_POINT('',(6.9488188976378,0.571692913385827,0.000393700787401575));
#3709=CARTESIAN_POINT('',(6.9488188976378,0.571692913385827,0.000393700787401575));
#3710=CARTESIAN_POINT('',(6.9488188976378,0.571692913385827,0.));
#3711=CARTESIAN_POINT('Origin',(6.9488188976378,0.566732283464567,0.));
#3712=CARTESIAN_POINT('',(6.9488188976378,0.566732283464567,0.));
#3713=CARTESIAN_POINT('',(6.9488188976378,0.571692913385827,0.));
#3714=CARTESIAN_POINT('',(6.9488188976378,0.566732283464567,0.000393700787401575));
#3715=CARTESIAN_POINT('',(6.9488188976378,0.571692913385827,0.000393700787401575));
#3716=CARTESIAN_POINT('',(6.9488188976378,0.566732283464567,0.));
#3717=CARTESIAN_POINT('Origin',(7.06692913385827,0.566732283464567,0.));
#3718=CARTESIAN_POINT('',(7.06692913385827,0.566732283464567,0.));
#3719=CARTESIAN_POINT('',(6.9488188976378,0.566732283464567,0.));
#3720=CARTESIAN_POINT('',(7.06692913385827,0.566732283464567,0.000393700787401575));
#3721=CARTESIAN_POINT('',(6.9488188976378,0.566732283464567,0.000393700787401575));
#3722=CARTESIAN_POINT('',(7.06692913385827,0.566732283464567,0.));
#3723=CARTESIAN_POINT('Origin',(7.06692913385827,0.522007874015748,0.));
#3724=CARTESIAN_POINT('',(7.06692913385827,0.522007874015748,0.));
#3725=CARTESIAN_POINT('',(7.06692913385827,0.569212598425197,0.));
#3726=CARTESIAN_POINT('',(7.06692913385827,0.522007874015748,0.000393700787401575));
#3727=CARTESIAN_POINT('',(7.06692913385827,0.569212598425197,0.000393700787401575));
#3728=CARTESIAN_POINT('',(7.06692913385827,0.522007874015748,0.));
#3729=CARTESIAN_POINT('Origin',(6.9488188976378,0.522007874015748,0.));
#3730=CARTESIAN_POINT('',(6.9488188976378,0.522007874015748,0.));
#3731=CARTESIAN_POINT('',(6.9488188976378,0.522007874015748,0.));
#3732=CARTESIAN_POINT('',(6.9488188976378,0.522007874015748,0.000393700787401575));
#3733=CARTESIAN_POINT('',(6.9488188976378,0.522007874015748,0.000393700787401575));
#3734=CARTESIAN_POINT('',(6.9488188976378,0.522007874015748,0.));
#3735=CARTESIAN_POINT('Origin',(6.9488188976378,0.517047244094488,0.));
#3736=CARTESIAN_POINT('',(6.9488188976378,0.517047244094488,0.));
#3737=CARTESIAN_POINT('',(6.9488188976378,0.522007874015748,0.));
#3738=CARTESIAN_POINT('',(6.9488188976378,0.517047244094488,0.000393700787401575));
#3739=CARTESIAN_POINT('',(6.9488188976378,0.522007874015748,0.000393700787401575));
#3740=CARTESIAN_POINT('',(6.9488188976378,0.517047244094488,0.));
#3741=CARTESIAN_POINT('Origin',(7.06692913385827,0.517047244094488,0.));
#3742=CARTESIAN_POINT('',(7.06692913385827,0.517047244094488,0.));
#3743=CARTESIAN_POINT('',(7.06692913385827,0.517047244094488,0.));
#3744=CARTESIAN_POINT('',(7.06692913385827,0.517047244094488,0.000393700787401575));
#3745=CARTESIAN_POINT('',(7.06692913385827,0.517047244094488,0.000393700787401575));
#3746=CARTESIAN_POINT('',(7.06692913385827,0.517047244094488,0.));
#3747=CARTESIAN_POINT('Origin',(7.06692913385827,0.,0.));
#3748=CARTESIAN_POINT('',(7.06692913385827,0.,0.));
#3749=CARTESIAN_POINT('',(7.06692913385827,0.519527559055118,0.));
#3750=CARTESIAN_POINT('',(7.06692913385827,0.,0.000393700787401575));
#3751=CARTESIAN_POINT('',(7.06692913385827,0.519527559055118,0.000393700787401575));
#3752=CARTESIAN_POINT('',(7.06692913385827,0.,0.));
#3753=CARTESIAN_POINT('Origin',(6.02610236220472,0.,0.));
#3754=CARTESIAN_POINT('',(6.02610236220472,0.,0.));
#3755=CARTESIAN_POINT('',(7.06692913385827,0.,0.));
#3756=CARTESIAN_POINT('',(6.02610236220472,0.,0.000393700787401575));
#3757=CARTESIAN_POINT('',(7.06692913385827,0.,0.000393700787401575));
#3758=CARTESIAN_POINT('',(6.02610236220472,0.,0.));
#3759=CARTESIAN_POINT('Origin',(6.02610236220472,0.118110237980452,0.));
#3760=CARTESIAN_POINT('',(6.02610236220472,0.118110237980452,0.));
#3761=CARTESIAN_POINT('',(6.02610236220472,0.,0.));
#3762=CARTESIAN_POINT('',(6.02610236220472,0.118110237980452,0.000393700787401575));
#3763=CARTESIAN_POINT('',(6.02610236220472,0.,0.000393700787401575));
#3764=CARTESIAN_POINT('',(6.02610236220472,0.118110237980452,0.));
#3765=CARTESIAN_POINT('Origin',(6.02114173228347,0.118110237980452,0.));
#3766=CARTESIAN_POINT('',(6.02114173228347,0.118110237980452,0.));
#3767=CARTESIAN_POINT('',(6.02610236220472,0.118110237980452,0.));
#3768=CARTESIAN_POINT('',(6.02114173228347,0.118110237980452,0.000393700787401575));
#3769=CARTESIAN_POINT('',(6.02610236220472,0.118110237980452,0.000393700787401575));
#3770=CARTESIAN_POINT('',(6.02114173228347,0.118110237980452,0.));
#3771=CARTESIAN_POINT('Origin',(6.02114173228347,0.,0.));
#3772=CARTESIAN_POINT('',(6.02114173228347,0.,0.));
#3773=CARTESIAN_POINT('',(6.02114173228347,0.,0.));
#3774=CARTESIAN_POINT('',(6.02114173228347,0.,0.000393700787401575));
#3775=CARTESIAN_POINT('',(6.02114173228347,0.,0.000393700787401575));
#3776=CARTESIAN_POINT('',(6.02114173228347,0.,0.));
#3777=CARTESIAN_POINT('Origin',(4.98279527559055,-2.91164212064842E-32,
0.));
#3778=CARTESIAN_POINT('',(4.98279527559055,-2.91164212064842E-32,0.));
#3779=CARTESIAN_POINT('',(6.02114173228347,0.,0.));
#3780=CARTESIAN_POINT('',(4.98279527559055,0.,0.000393700787401575));
#3781=CARTESIAN_POINT('',(6.02114173228347,0.,0.000393700787401575));
#3782=CARTESIAN_POINT('',(4.98279527559055,-2.91164212064842E-32,0.));
#3783=CARTESIAN_POINT('Origin',(4.98279527559055,0.118110237980452,0.));
#3784=CARTESIAN_POINT('',(4.98279527559055,0.118110237980452,0.));
#3785=CARTESIAN_POINT('',(4.98279527559055,-2.91164212064842E-32,0.));
#3786=CARTESIAN_POINT('',(4.98279527559055,0.118110237980452,0.000393700787401575));
#3787=CARTESIAN_POINT('',(4.98279527559055,-2.91164212064842E-32,0.000393700787401575));
#3788=CARTESIAN_POINT('',(4.98279527559055,0.118110237980452,0.));
#3789=CARTESIAN_POINT('Origin',(4.97783464566929,0.118110237980452,0.));
#3790=CARTESIAN_POINT('',(4.97783464566929,0.118110237980452,0.));
#3791=CARTESIAN_POINT('',(4.97783464566929,0.118110237980452,0.));
#3792=CARTESIAN_POINT('',(4.97783464566929,0.118110237980452,0.000393700787401575));
#3793=CARTESIAN_POINT('',(4.97783464566929,0.118110237980452,0.000393700787401575));
#3794=CARTESIAN_POINT('',(4.97783464566929,0.118110237980452,0.));
#3795=CARTESIAN_POINT('Origin',(4.97783464566929,-2.91164212064842E-32,
0.));
#3796=CARTESIAN_POINT('',(4.97783464566929,-2.91164212064842E-32,0.));
#3797=CARTESIAN_POINT('',(4.97783464566929,-2.91164212064842E-32,0.));
#3798=CARTESIAN_POINT('',(4.97783464566929,0.,0.000393700787401575));
#3799=CARTESIAN_POINT('',(4.97783464566929,-2.91164212064842E-32,0.000393700787401575));
#3800=CARTESIAN_POINT('',(4.97783464566929,-2.91164212064842E-32,0.));
#3801=CARTESIAN_POINT('Origin',(3.93700787401575,0.,0.));
#3802=CARTESIAN_POINT('',(3.93700787401575,0.,0.));
#3803=CARTESIAN_POINT('',(3.93700787401575,0.,0.));
#3804=CARTESIAN_POINT('',(3.93700787401575,0.,0.000393700787401575));
#3805=CARTESIAN_POINT('',(3.93700787401575,0.,0.000393700787401575));
#3806=CARTESIAN_POINT('',(3.93700787401575,0.,0.));
#3807=CARTESIAN_POINT('Origin',(3.93700787401575,0.517047244094488,0.));
#3808=CARTESIAN_POINT('',(3.93700787401575,0.519527559055118,0.));
#3809=CARTESIAN_POINT('',(3.93700787401575,0.519527559055118,0.000393700787401575));
#3810=CARTESIAN_POINT('Origin',(4.51646827930257,0.520826771653543,0.000393700787401575));
#3811=CARTESIAN_POINT('Origin',(4.51646827930257,0.520826771653543,0.));
#3812=UNCERTAINTY_MEASURE_WITH_UNIT(LENGTH_MEASURE(0.000393700787401575),
#3817,'DISTANCE_ACCURACY_VALUE',
'Maximum model space distance between geometric entities at asserted c
onnectivities');
#3813=UNCERTAINTY_MEASURE_WITH_UNIT(LENGTH_MEASURE(0.000393700787401575),
#3817,'DISTANCE_ACCURACY_VALUE',
'Maximum model space distance between geometric entities at asserted c
onnectivities');
#3814=(
GEOMETRIC_REPRESENTATION_CONTEXT(3)
GLOBAL_UNCERTAINTY_ASSIGNED_CONTEXT((#3812))
GLOBAL_UNIT_ASSIGNED_CONTEXT((#3817,#3821,#3822))
REPRESENTATION_CONTEXT('','3D')
);
#3815=(
GEOMETRIC_REPRESENTATION_CONTEXT(3)
GLOBAL_UNCERTAINTY_ASSIGNED_CONTEXT((#3813))
GLOBAL_UNIT_ASSIGNED_CONTEXT((#3817,#3821,#3822))
REPRESENTATION_CONTEXT('','3D')
);
#3816=DIMENSIONAL_EXPONENTS(1.,0.,0.,0.,0.,0.,0.);
#3817=(
CONVERSION_BASED_UNIT('inch',#3820)
LENGTH_UNIT()
NAMED_UNIT(#3816)
);
#3818=(
LENGTH_UNIT()
NAMED_UNIT(*)
SI_UNIT(.MILLI.,.METRE.)
);
#3819=(
LENGTH_UNIT()
NAMED_UNIT(*)
SI_UNIT($,.METRE.)
);
#3820=LENGTH_MEASURE_WITH_UNIT(LENGTH_MEASURE(25.4),#3818);
#3821=(
NAMED_UNIT(*)
PLANE_ANGLE_UNIT()
SI_UNIT($,.RADIAN.)
);
#3822=(
NAMED_UNIT(*)
SI_UNIT($,.STERADIAN.)
SOLID_ANGLE_UNIT()
);
#3823=SHAPE_DEFINITION_REPRESENTATION(#3824,#3825);
#3824=PRODUCT_DEFINITION_SHAPE('',$,#3827);
#3825=SHAPE_REPRESENTATION('',(#2198),#3814);
#3826=PRODUCT_DEFINITION_CONTEXT('part definition',#3831,'design');
#3827=PRODUCT_DEFINITION('FlyMetal_AL_M_S','FlyMetal_AL_M_S v3',#3828,#3826);
#3828=PRODUCT_DEFINITION_FORMATION('',$,#3833);
#3829=PRODUCT_RELATED_PRODUCT_CATEGORY('FlyMetal_AL_M_S v3',
'FlyMetal_AL_M_S v3',(#3833));
#3830=APPLICATION_PROTOCOL_DEFINITION('international standard',
'automotive_design',2009,#3831);
#3831=APPLICATION_CONTEXT(
'Core Data for Automotive Mechanical Design Process');
#3832=PRODUCT_CONTEXT('part definition',#3831,'mechanical');
#3833=PRODUCT('FlyMetal_AL_M_S','FlyMetal_AL_M_S v3',$,(#3832));
#3834=PRESENTATION_STYLE_ASSIGNMENT((#3835));
#3835=SURFACE_STYLE_USAGE(.BOTH.,#3836);
#3836=SURFACE_SIDE_STYLE('',(#3837));
#3837=SURFACE_STYLE_FILL_AREA(#3838);
#3838=FILL_AREA_STYLE('Steel - Satin',(#3839));
#3839=FILL_AREA_STYLE_COLOUR('Steel - Satin',#3840);
#3840=COLOUR_RGB('Steel - Satin',0.627450980392157,0.627450980392157,0.627450980392157);
ENDSEC;
END-ISO-10303-21;
