ISO-10303-21;
HEADER;
/* Generated by software containing ST-Developer
 * from STEP Tools, Inc. (www.steptools.com) 
 */

FILE_DESCRIPTION(
/* description */ (''),
/* implementation_level */ '2;1');

FILE_NAME(
/* name */ 'base-peltrier-station.step',
/* time_stamp */ '2026-08-18T12:25:25-04:00',
/* author */ (''),
/* organization */ (''),
/* preprocessor_version */ 'ST-DEVELOPER v20.1',
/* originating_system */ 'Autodesk Translation Framework v15.8.0.0',
/* authorisation */ '');

FILE_SCHEMA (('AUTOMOTIVE_DESIGN { 1 0 10303 214 3 1 1 }'));
ENDSEC;

DATA;
#10=MECHANICAL_DESIGN_GEOMETRIC_PRESENTATION_REPRESENTATION('',(#13),#6519);
#11=SHAPE_REPRESENTATION_RELATIONSHIP('SRR','None',#6529,#12);
#12=ADVANCED_BREP_SHAPE_REPRESENTATION('',(#14),#6518);
#13=STYLED_ITEM('',(#6538),#14);
#14=MANIFOLD_SOLID_BREP('Body1',#1667);
#15=FACE_BOUND('',#209,.T.);
#16=FACE_BOUND('',#212,.T.);
#17=FACE_BOUND('',#215,.T.);
#18=FACE_BOUND('',#218,.T.);
#19=FACE_BOUND('',#225,.T.);
#20=FACE_BOUND('',#226,.T.);
#21=FACE_BOUND('',#227,.T.);
#22=FACE_BOUND('',#228,.T.);
#23=FACE_BOUND('',#229,.T.);
#24=FACE_BOUND('',#230,.T.);
#25=FACE_BOUND('',#231,.T.);
#26=FACE_BOUND('',#232,.T.);
#27=FACE_BOUND('',#237,.T.);
#28=FACE_BOUND('',#238,.T.);
#29=FACE_BOUND('',#239,.T.);
#30=FACE_BOUND('',#240,.T.);
#31=FACE_BOUND('',#241,.T.);
#32=FACE_BOUND('',#242,.T.);
#33=FACE_BOUND('',#243,.T.);
#34=FACE_BOUND('',#244,.T.);
#35=PLANE('',#1760);
#36=PLANE('',#1765);
#37=PLANE('',#1770);
#38=PLANE('',#1775);
#39=PLANE('',#1785);
#40=PLANE('',#1786);
#41=PLANE('',#1787);
#42=PLANE('',#1788);
#43=PLANE('',#1789);
#44=PLANE('',#1790);
#45=B_SPLINE_SURFACE_WITH_KNOTS('',3,3,((#4044,#4045,#4046,#4047,#4048,
#4049,#4050,#4051,#4052,#4053,#4054,#4055,#4056,#4057,#4058,#4059,#4060,
#4061,#4062,#4063,#4064,#4065,#4066,#4067,#4068,#4069,#4070,#4071,#4072,
#4073,#4074,#4075,#4076,#4077,#4078,#4079,#4080,#4081,#4082,#4083,#4084,
#4085,#4086),(#4087,#4088,#4089,#4090,#4091,#4092,#4093,#4094,#4095,#4096,
#4097,#4098,#4099,#4100,#4101,#4102,#4103,#4104,#4105,#4106,#4107,#4108,
#4109,#4110,#4111,#4112,#4113,#4114,#4115,#4116,#4117,#4118,#4119,#4120,
#4121,#4122,#4123,#4124,#4125,#4126,#4127,#4128,#4129),(#4130,#4131,#4132,
#4133,#4134,#4135,#4136,#4137,#4138,#4139,#4140,#4141,#4142,#4143,#4144,
#4145,#4146,#4147,#4148,#4149,#4150,#4151,#4152,#4153,#4154,#4155,#4156,
#4157,#4158,#4159,#4160,#4161,#4162,#4163,#4164,#4165,#4166,#4167,#4168,
#4169,#4170,#4171,#4172),(#4173,#4174,#4175,#4176,#4177,#4178,#4179,#4180,
#4181,#4182,#4183,#4184,#4185,#4186,#4187,#4188,#4189,#4190,#4191,#4192,
#4193,#4194,#4195,#4196,#4197,#4198,#4199,#4200,#4201,#4202,#4203,#4204,
#4205,#4206,#4207,#4208,#4209,#4210,#4211,#4212,#4213,#4214,#4215)),
 .UNSPECIFIED.,.F.,.F.,.F.,(4,4),(4,1,1,1,1,1,1,1,1,1,1,1,1,1,1,1,1,1,1,
1,1,1,1,1,1,1,1,1,1,1,1,1,1,1,1,1,1,1,1,1,4),(0.,0.0588054343180403),(11.9264621986573,
12.9125800074377,13.8986978162181,14.8848156249986,15.870933433779,16.8570512425594,
17.8431690513398,18.8292868601202,19.8154046689006,20.801522477681,21.7876402864615,
22.7737580952419,23.7598759040223,24.7459937128027,25.7321115215831,26.7182293303635,
27.7043471391439,28.6904649479244,29.6765827567048,30.6627005654852,31.6488183742656,
32.634936183046,33.6210539918264,34.6071718006068,35.5932896093872,36.5794074181677,
37.5655252269481,38.5516430357285,39.5377608445089,40.5238786532893,41.5099964620697,
42.4961142708501,43.4822320796305,44.468349888411,45.4544676971914,46.4405855059718,
47.4267033147522,48.4128211235326,49.398938932313,50.3850567410935,51.3711745498739),
 .UNSPECIFIED.);
#46=B_SPLINE_SURFACE_WITH_KNOTS('',3,3,((#4315,#4316,#4317,#4318,#4319,
#4320,#4321,#4322,#4323,#4324,#4325,#4326,#4327,#4328,#4329,#4330,#4331,
#4332,#4333,#4334,#4335,#4336,#4337,#4338,#4339,#4340,#4341,#4342,#4343,
#4344,#4345,#4346,#4347,#4348,#4349,#4350,#4351,#4352,#4353,#4354,#4355,
#4356,#4357),(#4358,#4359,#4360,#4361,#4362,#4363,#4364,#4365,#4366,#4367,
#4368,#4369,#4370,#4371,#4372,#4373,#4374,#4375,#4376,#4377,#4378,#4379,
#4380,#4381,#4382,#4383,#4384,#4385,#4386,#4387,#4388,#4389,#4390,#4391,
#4392,#4393,#4394,#4395,#4396,#4397,#4398,#4399,#4400),(#4401,#4402,#4403,
#4404,#4405,#4406,#4407,#4408,#4409,#4410,#4411,#4412,#4413,#4414,#4415,
#4416,#4417,#4418,#4419,#4420,#4421,#4422,#4423,#4424,#4425,#4426,#4427,
#4428,#4429,#4430,#4431,#4432,#4433,#4434,#4435,#4436,#4437,#4438,#4439,
#4440,#4441,#4442,#4443),(#4444,#4445,#4446,#4447,#4448,#4449,#4450,#4451,
#4452,#4453,#4454,#4455,#4456,#4457,#4458,#4459,#4460,#4461,#4462,#4463,
#4464,#4465,#4466,#4467,#4468,#4469,#4470,#4471,#4472,#4473,#4474,#4475,
#4476,#4477,#4478,#4479,#4480,#4481,#4482,#4483,#4484,#4485,#4486)),
 .UNSPECIFIED.,.F.,.F.,.F.,(4,4),(4,1,1,1,1,1,1,1,1,1,1,1,1,1,1,1,1,1,1,
1,1,1,1,1,1,1,1,1,1,1,1,1,1,1,1,1,1,1,1,1,4),(0.,0.0588054343180403),(14.6022711755118,
15.5883889842922,16.5745067930726,17.560624601853,18.5467424106334,19.5328602194138,
20.5189780281943,21.5050958369747,22.4912136457551,23.4773314545355,24.4634492633159,
25.4495670720963,26.4356848808767,27.4218026896571,28.4079204984376,29.394038307218,
30.3801561159984,31.3662739247788,32.3523917335592,33.3385095423396,34.32462735112,
35.3107451599004,36.2968629686809,37.2829807774613,38.2690985862417,39.2552163950221,
40.2413342038025,41.2274520125829,42.2135698213633,43.1996876301438,44.1858054389242,
45.1719232477046,46.158041056485,47.1441588652654,48.1302766740458,49.1163944828262,
50.1025122916066,51.0886301003871,52.0747479091675,53.0608657179479,54.0469835267283),
 .UNSPECIFIED.);
#47=B_SPLINE_SURFACE_WITH_KNOTS('',3,3,((#4605,#4606,#4607,#4608,#4609,
#4610,#4611,#4612,#4613,#4614,#4615,#4616,#4617,#4618,#4619,#4620,#4621,
#4622,#4623,#4624,#4625,#4626,#4627,#4628,#4629,#4630,#4631,#4632,#4633,
#4634,#4635,#4636,#4637,#4638,#4639,#4640,#4641,#4642,#4643,#4644,#4645,
#4646,#4647),(#4648,#4649,#4650,#4651,#4652,#4653,#4654,#4655,#4656,#4657,
#4658,#4659,#4660,#4661,#4662,#4663,#4664,#4665,#4666,#4667,#4668,#4669,
#4670,#4671,#4672,#4673,#4674,#4675,#4676,#4677,#4678,#4679,#4680,#4681,
#4682,#4683,#4684,#4685,#4686,#4687,#4688,#4689,#4690),(#4691,#4692,#4693,
#4694,#4695,#4696,#4697,#4698,#4699,#4700,#4701,#4702,#4703,#4704,#4705,
#4706,#4707,#4708,#4709,#4710,#4711,#4712,#4713,#4714,#4715,#4716,#4717,
#4718,#4719,#4720,#4721,#4722,#4723,#4724,#4725,#4726,#4727,#4728,#4729,
#4730,#4731,#4732,#4733),(#4734,#4735,#4736,#4737,#4738,#4739,#4740,#4741,
#4742,#4743,#4744,#4745,#4746,#4747,#4748,#4749,#4750,#4751,#4752,#4753,
#4754,#4755,#4756,#4757,#4758,#4759,#4760,#4761,#4762,#4763,#4764,#4765,
#4766,#4767,#4768,#4769,#4770,#4771,#4772,#4773,#4774,#4775,#4776)),
 .UNSPECIFIED.,.F.,.F.,.F.,(4,4),(4,1,1,1,1,1,1,1,1,1,1,1,1,1,1,1,1,1,1,
1,1,1,1,1,1,1,1,1,1,1,1,1,1,1,1,1,1,1,1,1,4),(0.,0.0588054343180403),(11.9264621986573,
12.9125800074377,13.8986978162181,14.8848156249986,15.870933433779,16.8570512425594,
17.8431690513398,18.8292868601202,19.8154046689006,20.801522477681,21.7876402864615,
22.7737580952419,23.7598759040223,24.7459937128027,25.7321115215831,26.7182293303635,
27.7043471391439,28.6904649479244,29.6765827567048,30.6627005654852,31.6488183742656,
32.634936183046,33.6210539918264,34.6071718006068,35.5932896093872,36.5794074181677,
37.5655252269481,38.5516430357285,39.5377608445089,40.5238786532893,41.5099964620697,
42.4961142708501,43.4822320796305,44.468349888411,45.4544676971914,46.4405855059718,
47.4267033147522,48.4128211235326,49.398938932313,50.3850567410935,51.3711745498739),
 .UNSPECIFIED.);
#48=B_SPLINE_SURFACE_WITH_KNOTS('',3,3,((#4876,#4877,#4878,#4879,#4880,
#4881,#4882,#4883,#4884,#4885,#4886,#4887,#4888,#4889,#4890,#4891,#4892,
#4893,#4894,#4895,#4896,#4897,#4898,#4899,#4900,#4901,#4902,#4903,#4904,
#4905,#4906,#4907,#4908,#4909,#4910,#4911,#4912,#4913,#4914,#4915,#4916,
#4917,#4918),(#4919,#4920,#4921,#4922,#4923,#4924,#4925,#4926,#4927,#4928,
#4929,#4930,#4931,#4932,#4933,#4934,#4935,#4936,#4937,#4938,#4939,#4940,
#4941,#4942,#4943,#4944,#4945,#4946,#4947,#4948,#4949,#4950,#4951,#4952,
#4953,#4954,#4955,#4956,#4957,#4958,#4959,#4960,#4961),(#4962,#4963,#4964,
#4965,#4966,#4967,#4968,#4969,#4970,#4971,#4972,#4973,#4974,#4975,#4976,
#4977,#4978,#4979,#4980,#4981,#4982,#4983,#4984,#4985,#4986,#4987,#4988,
#4989,#4990,#4991,#4992,#4993,#4994,#4995,#4996,#4997,#4998,#4999,#5000,
#5001,#5002,#5003,#5004),(#5005,#5006,#5007,#5008,#5009,#5010,#5011,#5012,
#5013,#5014,#5015,#5016,#5017,#5018,#5019,#5020,#5021,#5022,#5023,#5024,
#5025,#5026,#5027,#5028,#5029,#5030,#5031,#5032,#5033,#5034,#5035,#5036,
#5037,#5038,#5039,#5040,#5041,#5042,#5043,#5044,#5045,#5046,#5047)),
 .UNSPECIFIED.,.F.,.F.,.F.,(4,4),(4,1,1,1,1,1,1,1,1,1,1,1,1,1,1,1,1,1,1,
1,1,1,1,1,1,1,1,1,1,1,1,1,1,1,1,1,1,1,1,1,4),(0.,0.0588054343180403),(14.6022711755118,
15.5883889842922,16.5745067930726,17.560624601853,18.5467424106334,19.5328602194138,
20.5189780281943,21.5050958369747,22.4912136457551,23.4773314545355,24.4634492633159,
25.4495670720963,26.4356848808767,27.4218026896571,28.4079204984376,29.394038307218,
30.3801561159984,31.3662739247788,32.3523917335592,33.3385095423396,34.32462735112,
35.3107451599004,36.2968629686809,37.2829807774613,38.2690985862417,39.2552163950221,
40.2413342038025,41.2274520125829,42.2135698213633,43.1996876301438,44.1858054389242,
45.1719232477046,46.158041056485,47.1441588652654,48.1302766740458,49.1163944828262,
50.1025122916066,51.0886301003871,52.0747479091675,53.0608657179479,54.0469835267283),
 .UNSPECIFIED.);
#49=B_SPLINE_SURFACE_WITH_KNOTS('',3,3,((#5518,#5519,#5520,#5521,#5522,
#5523,#5524,#5525,#5526,#5527,#5528,#5529,#5530,#5531,#5532,#5533,#5534,
#5535,#5536,#5537,#5538,#5539,#5540,#5541,#5542,#5543,#5544,#5545,#5546,
#5547,#5548,#5549,#5550,#5551,#5552,#5553,#5554,#5555,#5556,#5557,#5558,
#5559,#5560,#5561,#5562,#5563,#5564,#5565,#5566,#5567,#5568,#5569,#5570,
#5571,#5572),(#5573,#5574,#5575,#5576,#5577,#5578,#5579,#5580,#5581,#5582,
#5583,#5584,#5585,#5586,#5587,#5588,#5589,#5590,#5591,#5592,#5593,#5594,
#5595,#5596,#5597,#5598,#5599,#5600,#5601,#5602,#5603,#5604,#5605,#5606,
#5607,#5608,#5609,#5610,#5611,#5612,#5613,#5614,#5615,#5616,#5617,#5618,
#5619,#5620,#5621,#5622,#5623,#5624,#5625,#5626,#5627),(#5628,#5629,#5630,
#5631,#5632,#5633,#5634,#5635,#5636,#5637,#5638,#5639,#5640,#5641,#5642,
#5643,#5644,#5645,#5646,#5647,#5648,#5649,#5650,#5651,#5652,#5653,#5654,
#5655,#5656,#5657,#5658,#5659,#5660,#5661,#5662,#5663,#5664,#5665,#5666,
#5667,#5668,#5669,#5670,#5671,#5672,#5673,#5674,#5675,#5676,#5677,#5678,
#5679,#5680,#5681,#5682),(#5683,#5684,#5685,#5686,#5687,#5688,#5689,#5690,
#5691,#5692,#5693,#5694,#5695,#5696,#5697,#5698,#5699,#5700,#5701,#5702,
#5703,#5704,#5705,#5706,#5707,#5708,#5709,#5710,#5711,#5712,#5713,#5714,
#5715,#5716,#5717,#5718,#5719,#5720,#5721,#5722,#5723,#5724,#5725,#5726,
#5727,#5728,#5729,#5730,#5731,#5732,#5733,#5734,#5735,#5736,#5737)),
 .UNSPECIFIED.,.F.,.F.,.F.,(4,4),(4,1,1,1,1,1,1,1,1,1,1,1,1,1,1,1,1,1,1,
1,1,1,1,1,1,1,1,1,1,1,1,1,1,1,1,1,1,1,1,1,1,1,1,1,1,1,1,1,1,1,1,1,4),(0.,
0.042527620828508),(11.9801506598387,12.9791638957511,13.9781771316635,
14.9771903675759,15.9762036034884,16.9752168394008,17.9742300753132,18.9732433112256,
19.9722565471381,20.9712697830505,21.9702830189629,22.9692962548753,23.9683094907877,
24.9673227267002,25.9663359626126,26.965349198525,27.9643624344374,28.9633756703499,
29.9623889062623,30.9614021421747,31.9604153780871,32.9594286139996,33.958441849912,
34.9574550858244,35.9564683217368,36.9554815576493,37.9544947935617,38.9535080294741,
39.9525212653865,40.951534501299,41.9505477372114,42.9495609731238,43.9485742090362,
44.9475874449487,45.9466006808611,46.9456139167735,47.9446271526859,48.9436403885984,
49.9426536245108,50.9416668604232,51.9406800963356,52.939693332248,53.9387065681605,
54.9377198040729,55.9367330399853,56.9357462758977,57.9347595118102,58.9337727477226,
59.932785983635,60.9317992195474,61.9308124554599,62.9298256913723,63.9288389272847),
 .UNSPECIFIED.);
#50=B_SPLINE_SURFACE_WITH_KNOTS('',3,3,((#5763,#5764,#5765,#5766,#5767,
#5768,#5769,#5770,#5771,#5772,#5773,#5774,#5775,#5776,#5777,#5778,#5779,
#5780,#5781,#5782,#5783,#5784,#5785,#5786,#5787,#5788,#5789,#5790,#5791,
#5792,#5793,#5794,#5795,#5796,#5797,#5798,#5799,#5800,#5801,#5802,#5803,
#5804,#5805,#5806,#5807,#5808,#5809,#5810,#5811,#5812,#5813,#5814,#5815,
#5816,#5817),(#5818,#5819,#5820,#5821,#5822,#5823,#5824,#5825,#5826,#5827,
#5828,#5829,#5830,#5831,#5832,#5833,#5834,#5835,#5836,#5837,#5838,#5839,
#5840,#5841,#5842,#5843,#5844,#5845,#5846,#5847,#5848,#5849,#5850,#5851,
#5852,#5853,#5854,#5855,#5856,#5857,#5858,#5859,#5860,#5861,#5862,#5863,
#5864,#5865,#5866,#5867,#5868,#5869,#5870,#5871,#5872),(#5873,#5874,#5875,
#5876,#5877,#5878,#5879,#5880,#5881,#5882,#5883,#5884,#5885,#5886,#5887,
#5888,#5889,#5890,#5891,#5892,#5893,#5894,#5895,#5896,#5897,#5898,#5899,
#5900,#5901,#5902,#5903,#5904,#5905,#5906,#5907,#5908,#5909,#5910,#5911,
#5912,#5913,#5914,#5915,#5916,#5917,#5918,#5919,#5920,#5921,#5922,#5923,
#5924,#5925,#5926,#5927),(#5928,#5929,#5930,#5931,#5932,#5933,#5934,#5935,
#5936,#5937,#5938,#5939,#5940,#5941,#5942,#5943,#5944,#5945,#5946,#5947,
#5948,#5949,#5950,#5951,#5952,#5953,#5954,#5955,#5956,#5957,#5958,#5959,
#5960,#5961,#5962,#5963,#5964,#5965,#5966,#5967,#5968,#5969,#5970,#5971,
#5972,#5973,#5974,#5975,#5976,#5977,#5978,#5979,#5980,#5981,#5982)),
 .UNSPECIFIED.,.F.,.F.,.F.,(4,4),(4,1,1,1,1,1,1,1,1,1,1,1,1,1,1,1,1,1,1,
1,1,1,1,1,1,1,1,1,1,1,1,1,1,1,1,1,1,1,1,1,1,1,1,1,1,1,1,1,1,1,1,1,4),(0.,
0.042527620828508),(14.6109774124601,15.6099906483725,16.6090038842849,
17.6080171201974,18.6070303561098,19.6060435920222,20.6050568279346,21.6040700638471,
22.6030832997595,23.6020965356719,24.6011097715843,25.6001230074967,26.5991362434092,
27.5981494793216,28.597162715234,29.5961759511464,30.5951891870589,31.5942024229713,
32.5932156588837,33.5922288947961,34.5912421307086,35.590255366621,36.5892686025334,
37.5882818384458,38.5872950743583,39.5863083102707,40.5853215461831,41.5843347820955,
42.583348018008,43.5823612539204,44.5813744898328,45.5803877257452,46.5794009616577,
47.5784141975701,48.5774274334825,49.5764406693949,50.5754539053073,51.5744671412198,
52.5734803771322,53.5724936130446,54.571506848957,55.5705200848695,56.5695333207819,
57.5685465566943,58.5675597926067,59.5665730285192,60.5655862644316,61.564599500344,
62.5636127362564,63.5626259721689,64.5616392080813,65.5606524439937,66.5596656799061),
 .UNSPECIFIED.);
#51=B_SPLINE_SURFACE_WITH_KNOTS('',3,3,((#6027,#6028,#6029,#6030,#6031,
#6032,#6033,#6034,#6035,#6036,#6037,#6038,#6039,#6040,#6041,#6042,#6043,
#6044,#6045,#6046,#6047,#6048,#6049,#6050,#6051,#6052,#6053,#6054,#6055,
#6056,#6057,#6058,#6059,#6060,#6061,#6062,#6063,#6064,#6065,#6066,#6067,
#6068,#6069,#6070,#6071,#6072,#6073,#6074,#6075,#6076,#6077,#6078,#6079,
#6080,#6081),(#6082,#6083,#6084,#6085,#6086,#6087,#6088,#6089,#6090,#6091,
#6092,#6093,#6094,#6095,#6096,#6097,#6098,#6099,#6100,#6101,#6102,#6103,
#6104,#6105,#6106,#6107,#6108,#6109,#6110,#6111,#6112,#6113,#6114,#6115,
#6116,#6117,#6118,#6119,#6120,#6121,#6122,#6123,#6124,#6125,#6126,#6127,
#6128,#6129,#6130,#6131,#6132,#6133,#6134,#6135,#6136),(#6137,#6138,#6139,
#6140,#6141,#6142,#6143,#6144,#6145,#6146,#6147,#6148,#6149,#6150,#6151,
#6152,#6153,#6154,#6155,#6156,#6157,#6158,#6159,#6160,#6161,#6162,#6163,
#6164,#6165,#6166,#6167,#6168,#6169,#6170,#6171,#6172,#6173,#6174,#6175,
#6176,#6177,#6178,#6179,#6180,#6181,#6182,#6183,#6184,#6185,#6186,#6187,
#6188,#6189,#6190,#6191),(#6192,#6193,#6194,#6195,#6196,#6197,#6198,#6199,
#6200,#6201,#6202,#6203,#6204,#6205,#6206,#6207,#6208,#6209,#6210,#6211,
#6212,#6213,#6214,#6215,#6216,#6217,#6218,#6219,#6220,#6221,#6222,#6223,
#6224,#6225,#6226,#6227,#6228,#6229,#6230,#6231,#6232,#6233,#6234,#6235,
#6236,#6237,#6238,#6239,#6240,#6241,#6242,#6243,#6244,#6245,#6246)),
 .UNSPECIFIED.,.F.,.F.,.F.,(4,4),(4,1,1,1,1,1,1,1,1,1,1,1,1,1,1,1,1,1,1,
1,1,1,1,1,1,1,1,1,1,1,1,1,1,1,1,1,1,1,1,1,1,1,1,1,1,1,1,1,1,1,1,1,4),(0.,
0.042527620828508),(11.9801506598387,12.9791638957511,13.9781771316635,
14.9771903675759,15.9762036034883,16.9752168394008,17.9742300753132,18.9732433112256,
19.972256547138,20.9712697830505,21.9702830189629,22.9692962548753,23.9683094907877,
24.9673227267002,25.9663359626126,26.965349198525,27.9643624344374,28.9633756703499,
29.9623889062623,30.9614021421747,31.9604153780871,32.9594286139996,33.958441849912,
34.9574550858244,35.9564683217368,36.9554815576493,37.9544947935617,38.9535080294741,
39.9525212653865,40.951534501299,41.9505477372114,42.9495609731238,43.9485742090362,
44.9475874449486,45.9466006808611,46.9456139167735,47.9446271526859,48.9436403885983,
49.9426536245108,50.9416668604232,51.9406800963356,52.939693332248,53.9387065681605,
54.9377198040729,55.9367330399853,56.9357462758977,57.9347595118102,58.9337727477226,
59.932785983635,60.9317992195474,61.9308124554599,62.9298256913723,63.9288389272847),
 .UNSPECIFIED.);
#52=B_SPLINE_SURFACE_WITH_KNOTS('',3,3,((#6272,#6273,#6274,#6275,#6276,
#6277,#6278,#6279,#6280,#6281,#6282,#6283,#6284,#6285,#6286,#6287,#6288,
#6289,#6290,#6291,#6292,#6293,#6294,#6295,#6296,#6297,#6298,#6299,#6300,
#6301,#6302,#6303,#6304,#6305,#6306,#6307,#6308,#6309,#6310,#6311,#6312,
#6313,#6314,#6315,#6316,#6317,#6318,#6319,#6320,#6321,#6322,#6323,#6324,
#6325,#6326),(#6327,#6328,#6329,#6330,#6331,#6332,#6333,#6334,#6335,#6336,
#6337,#6338,#6339,#6340,#6341,#6342,#6343,#6344,#6345,#6346,#6347,#6348,
#6349,#6350,#6351,#6352,#6353,#6354,#6355,#6356,#6357,#6358,#6359,#6360,
#6361,#6362,#6363,#6364,#6365,#6366,#6367,#6368,#6369,#6370,#6371,#6372,
#6373,#6374,#6375,#6376,#6377,#6378,#6379,#6380,#6381),(#6382,#6383,#6384,
#6385,#6386,#6387,#6388,#6389,#6390,#6391,#6392,#6393,#6394,#6395,#6396,
#6397,#6398,#6399,#6400,#6401,#6402,#6403,#6404,#6405,#6406,#6407,#6408,
#6409,#6410,#6411,#6412,#6413,#6414,#6415,#6416,#6417,#6418,#6419,#6420,
#6421,#6422,#6423,#6424,#6425,#6426,#6427,#6428,#6429,#6430,#6431,#6432,
#6433,#6434,#6435,#6436),(#6437,#6438,#6439,#6440,#6441,#6442,#6443,#6444,
#6445,#6446,#6447,#6448,#6449,#6450,#6451,#6452,#6453,#6454,#6455,#6456,
#6457,#6458,#6459,#6460,#6461,#6462,#6463,#6464,#6465,#6466,#6467,#6468,
#6469,#6470,#6471,#6472,#6473,#6474,#6475,#6476,#6477,#6478,#6479,#6480,
#6481,#6482,#6483,#6484,#6485,#6486,#6487,#6488,#6489,#6490,#6491)),
 .UNSPECIFIED.,.F.,.F.,.F.,(4,4),(4,1,1,1,1,1,1,1,1,1,1,1,1,1,1,1,1,1,1,
1,1,1,1,1,1,1,1,1,1,1,1,1,1,1,1,1,1,1,1,1,1,1,1,1,1,1,1,1,1,1,1,1,4),(0.,
0.042527620828508),(14.6109774124601,15.6099906483725,16.6090038842849,
17.6080171201973,18.6070303561098,19.6060435920222,20.6050568279346,21.604070063847,
22.6030832997595,23.6020965356719,24.6011097715843,25.6001230074967,26.5991362434092,
27.5981494793216,28.597162715234,29.5961759511464,30.5951891870589,31.5942024229713,
32.5932156588837,33.5922288947961,34.5912421307086,35.590255366621,36.5892686025334,
37.5882818384458,38.5872950743583,39.5863083102707,40.5853215461831,41.5843347820955,
42.5833480180079,43.5823612539204,44.5813744898328,45.5803877257452,46.5794009616576,
47.5784141975701,48.5774274334825,49.5764406693949,50.5754539053073,51.5744671412198,
52.5734803771322,53.5724936130446,54.571506848957,55.5705200848695,56.5695333207819,
57.5685465566943,58.5675597926067,59.5665730285192,60.5655862644316,61.564599500344,
62.5636127362564,63.5626259721688,64.5616392080813,65.5606524439937,66.5596656799061),
 .UNSPECIFIED.);
#53=FACE_OUTER_BOUND('',#143,.T.);
#54=FACE_OUTER_BOUND('',#144,.T.);
#55=FACE_OUTER_BOUND('',#145,.T.);
#56=FACE_OUTER_BOUND('',#146,.T.);
#57=FACE_OUTER_BOUND('',#147,.T.);
#58=FACE_OUTER_BOUND('',#148,.T.);
#59=FACE_OUTER_BOUND('',#149,.T.);
#60=FACE_OUTER_BOUND('',#150,.T.);
#61=FACE_OUTER_BOUND('',#151,.T.);
#62=FACE_OUTER_BOUND('',#152,.T.);
#63=FACE_OUTER_BOUND('',#153,.T.);
#64=FACE_OUTER_BOUND('',#154,.T.);
#65=FACE_OUTER_BOUND('',#155,.T.);
#66=FACE_OUTER_BOUND('',#156,.T.);
#67=FACE_OUTER_BOUND('',#157,.T.);
#68=FACE_OUTER_BOUND('',#158,.T.);
#69=FACE_OUTER_BOUND('',#159,.T.);
#70=FACE_OUTER_BOUND('',#160,.T.);
#71=FACE_OUTER_BOUND('',#161,.T.);
#72=FACE_OUTER_BOUND('',#162,.T.);
#73=FACE_OUTER_BOUND('',#163,.T.);
#74=FACE_OUTER_BOUND('',#164,.T.);
#75=FACE_OUTER_BOUND('',#165,.T.);
#76=FACE_OUTER_BOUND('',#166,.T.);
#77=FACE_OUTER_BOUND('',#167,.T.);
#78=FACE_OUTER_BOUND('',#168,.T.);
#79=FACE_OUTER_BOUND('',#169,.T.);
#80=FACE_OUTER_BOUND('',#170,.T.);
#81=FACE_OUTER_BOUND('',#171,.T.);
#82=FACE_OUTER_BOUND('',#172,.T.);
#83=FACE_OUTER_BOUND('',#173,.T.);
#84=FACE_OUTER_BOUND('',#174,.T.);
#85=FACE_OUTER_BOUND('',#175,.T.);
#86=FACE_OUTER_BOUND('',#176,.T.);
#87=FACE_OUTER_BOUND('',#177,.T.);
#88=FACE_OUTER_BOUND('',#178,.T.);
#89=FACE_OUTER_BOUND('',#179,.T.);
#90=FACE_OUTER_BOUND('',#180,.T.);
#91=FACE_OUTER_BOUND('',#181,.T.);
#92=FACE_OUTER_BOUND('',#182,.T.);
#93=FACE_OUTER_BOUND('',#183,.T.);
#94=FACE_OUTER_BOUND('',#184,.T.);
#95=FACE_OUTER_BOUND('',#185,.T.);
#96=FACE_OUTER_BOUND('',#186,.T.);
#97=FACE_OUTER_BOUND('',#187,.T.);
#98=FACE_OUTER_BOUND('',#188,.T.);
#99=FACE_OUTER_BOUND('',#189,.T.);
#100=FACE_OUTER_BOUND('',#190,.T.);
#101=FACE_OUTER_BOUND('',#191,.T.);
#102=FACE_OUTER_BOUND('',#192,.T.);
#103=FACE_OUTER_BOUND('',#193,.T.);
#104=FACE_OUTER_BOUND('',#194,.T.);
#105=FACE_OUTER_BOUND('',#195,.T.);
#106=FACE_OUTER_BOUND('',#196,.T.);
#107=FACE_OUTER_BOUND('',#197,.T.);
#108=FACE_OUTER_BOUND('',#198,.T.);
#109=FACE_OUTER_BOUND('',#199,.T.);
#110=FACE_OUTER_BOUND('',#200,.T.);
#111=FACE_OUTER_BOUND('',#201,.T.);
#112=FACE_OUTER_BOUND('',#202,.T.);
#113=FACE_OUTER_BOUND('',#203,.T.);
#114=FACE_OUTER_BOUND('',#204,.T.);
#115=FACE_OUTER_BOUND('',#205,.T.);
#116=FACE_OUTER_BOUND('',#206,.T.);
#117=FACE_OUTER_BOUND('',#207,.T.);
#118=FACE_OUTER_BOUND('',#208,.T.);
#119=FACE_OUTER_BOUND('',#210,.T.);
#120=FACE_OUTER_BOUND('',#211,.T.);
#121=FACE_OUTER_BOUND('',#213,.T.);
#122=FACE_OUTER_BOUND('',#214,.T.);
#123=FACE_OUTER_BOUND('',#216,.T.);
#124=FACE_OUTER_BOUND('',#217,.T.);
#125=FACE_OUTER_BOUND('',#219,.T.);
#126=FACE_OUTER_BOUND('',#220,.T.);
#127=FACE_OUTER_BOUND('',#221,.T.);
#128=FACE_OUTER_BOUND('',#222,.T.);
#129=FACE_OUTER_BOUND('',#223,.T.);
#130=FACE_OUTER_BOUND('',#224,.T.);
#131=FACE_OUTER_BOUND('',#233,.T.);
#132=FACE_OUTER_BOUND('',#234,.T.);
#133=FACE_OUTER_BOUND('',#235,.T.);
#134=FACE_OUTER_BOUND('',#236,.T.);
#135=FACE_OUTER_BOUND('',#245,.T.);
#136=FACE_OUTER_BOUND('',#246,.T.);
#137=FACE_OUTER_BOUND('',#247,.T.);
#138=FACE_OUTER_BOUND('',#248,.T.);
#139=FACE_OUTER_BOUND('',#249,.T.);
#140=FACE_OUTER_BOUND('',#250,.T.);
#141=FACE_OUTER_BOUND('',#251,.T.);
#142=FACE_OUTER_BOUND('',#252,.T.);
#143=EDGE_LOOP('',(#1001,#1002,#1003,#1004));
#144=EDGE_LOOP('',(#1005,#1006,#1007,#1008));
#145=EDGE_LOOP('',(#1009,#1010,#1011,#1012));
#146=EDGE_LOOP('',(#1013,#1014,#1015,#1016));
#147=EDGE_LOOP('',(#1017,#1018,#1019,#1020));
#148=EDGE_LOOP('',(#1021,#1022,#1023,#1024));
#149=EDGE_LOOP('',(#1025,#1026,#1027,#1028));
#150=EDGE_LOOP('',(#1029,#1030,#1031,#1032));
#151=EDGE_LOOP('',(#1033,#1034,#1035,#1036));
#152=EDGE_LOOP('',(#1037,#1038,#1039,#1040));
#153=EDGE_LOOP('',(#1041,#1042,#1043,#1044));
#154=EDGE_LOOP('',(#1045,#1046,#1047,#1048));
#155=EDGE_LOOP('',(#1049,#1050,#1051,#1052));
#156=EDGE_LOOP('',(#1053,#1054,#1055,#1056));
#157=EDGE_LOOP('',(#1057,#1058,#1059,#1060));
#158=EDGE_LOOP('',(#1061,#1062,#1063,#1064));
#159=EDGE_LOOP('',(#1065,#1066,#1067,#1068));
#160=EDGE_LOOP('',(#1069,#1070,#1071,#1072));
#161=EDGE_LOOP('',(#1073,#1074,#1075,#1076));
#162=EDGE_LOOP('',(#1077,#1078,#1079,#1080));
#163=EDGE_LOOP('',(#1081,#1082,#1083,#1084));
#164=EDGE_LOOP('',(#1085,#1086,#1087,#1088));
#165=EDGE_LOOP('',(#1089,#1090,#1091,#1092));
#166=EDGE_LOOP('',(#1093,#1094,#1095,#1096));
#167=EDGE_LOOP('',(#1097,#1098,#1099,#1100));
#168=EDGE_LOOP('',(#1101,#1102,#1103,#1104));
#169=EDGE_LOOP('',(#1105,#1106,#1107,#1108));
#170=EDGE_LOOP('',(#1109,#1110,#1111,#1112));
#171=EDGE_LOOP('',(#1113,#1114,#1115,#1116));
#172=EDGE_LOOP('',(#1117,#1118,#1119,#1120));
#173=EDGE_LOOP('',(#1121,#1122,#1123,#1124));
#174=EDGE_LOOP('',(#1125,#1126,#1127,#1128));
#175=EDGE_LOOP('',(#1129,#1130,#1131,#1132));
#176=EDGE_LOOP('',(#1133,#1134,#1135,#1136));
#177=EDGE_LOOP('',(#1137,#1138,#1139,#1140));
#178=EDGE_LOOP('',(#1141,#1142,#1143,#1144));
#179=EDGE_LOOP('',(#1145,#1146,#1147,#1148));
#180=EDGE_LOOP('',(#1149,#1150,#1151,#1152));
#181=EDGE_LOOP('',(#1153,#1154,#1155,#1156));
#182=EDGE_LOOP('',(#1157,#1158,#1159,#1160));
#183=EDGE_LOOP('',(#1161,#1162,#1163,#1164));
#184=EDGE_LOOP('',(#1165,#1166,#1167,#1168));
#185=EDGE_LOOP('',(#1169,#1170,#1171,#1172));
#186=EDGE_LOOP('',(#1173,#1174,#1175,#1176));
#187=EDGE_LOOP('',(#1177,#1178,#1179,#1180));
#188=EDGE_LOOP('',(#1181,#1182,#1183,#1184));
#189=EDGE_LOOP('',(#1185,#1186,#1187,#1188));
#190=EDGE_LOOP('',(#1189,#1190,#1191,#1192));
#191=EDGE_LOOP('',(#1193,#1194,#1195,#1196));
#192=EDGE_LOOP('',(#1197,#1198,#1199,#1200));
#193=EDGE_LOOP('',(#1201,#1202,#1203,#1204));
#194=EDGE_LOOP('',(#1205,#1206,#1207,#1208));
#195=EDGE_LOOP('',(#1209,#1210,#1211,#1212));
#196=EDGE_LOOP('',(#1213,#1214,#1215,#1216));
#197=EDGE_LOOP('',(#1217,#1218,#1219,#1220));
#198=EDGE_LOOP('',(#1221,#1222,#1223,#1224));
#199=EDGE_LOOP('',(#1225,#1226,#1227,#1228));
#200=EDGE_LOOP('',(#1229,#1230,#1231,#1232,#1233,#1234,#1235,#1236,#1237,
#1238,#1239,#1240,#1241,#1242,#1243,#1244));
#201=EDGE_LOOP('',(#1245,#1246,#1247,#1248,#1249,#1250,#1251,#1252,#1253,
#1254,#1255,#1256,#1257,#1258,#1259,#1260));
#202=EDGE_LOOP('',(#1261,#1262,#1263,#1264));
#203=EDGE_LOOP('',(#1265,#1266,#1267,#1268,#1269,#1270,#1271,#1272,#1273,
#1274,#1275,#1276,#1277,#1278,#1279,#1280));
#204=EDGE_LOOP('',(#1281,#1282,#1283,#1284,#1285,#1286,#1287,#1288,#1289,
#1290,#1291,#1292,#1293,#1294,#1295,#1296));
#205=EDGE_LOOP('',(#1297,#1298,#1299,#1300));
#206=EDGE_LOOP('',(#1301,#1302,#1303,#1304));
#207=EDGE_LOOP('',(#1305,#1306,#1307,#1308));
#208=EDGE_LOOP('',(#1309));
#209=EDGE_LOOP('',(#1310));
#210=EDGE_LOOP('',(#1311,#1312,#1313,#1314));
#211=EDGE_LOOP('',(#1315));
#212=EDGE_LOOP('',(#1316));
#213=EDGE_LOOP('',(#1317,#1318,#1319,#1320));
#214=EDGE_LOOP('',(#1321));
#215=EDGE_LOOP('',(#1322));
#216=EDGE_LOOP('',(#1323,#1324,#1325,#1326));
#217=EDGE_LOOP('',(#1327));
#218=EDGE_LOOP('',(#1328));
#219=EDGE_LOOP('',(#1329,#1330,#1331,#1332));
#220=EDGE_LOOP('',(#1333,#1334,#1335,#1336));
#221=EDGE_LOOP('',(#1337,#1338,#1339,#1340));
#222=EDGE_LOOP('',(#1341,#1342,#1343,#1344));
#223=EDGE_LOOP('',(#1345,#1346,#1347,#1348));
#224=EDGE_LOOP('',(#1349,#1350,#1351,#1352));
#225=EDGE_LOOP('',(#1353));
#226=EDGE_LOOP('',(#1354));
#227=EDGE_LOOP('',(#1355));
#228=EDGE_LOOP('',(#1356));
#229=EDGE_LOOP('',(#1357,#1358,#1359,#1360));
#230=EDGE_LOOP('',(#1361,#1362,#1363,#1364));
#231=EDGE_LOOP('',(#1365,#1366,#1367,#1368));
#232=EDGE_LOOP('',(#1369,#1370,#1371,#1372));
#233=EDGE_LOOP('',(#1373,#1374,#1375,#1376));
#234=EDGE_LOOP('',(#1377,#1378,#1379,#1380));
#235=EDGE_LOOP('',(#1381,#1382,#1383,#1384));
#236=EDGE_LOOP('',(#1385,#1386,#1387,#1388));
#237=EDGE_LOOP('',(#1389,#1390,#1391,#1392));
#238=EDGE_LOOP('',(#1393));
#239=EDGE_LOOP('',(#1394));
#240=EDGE_LOOP('',(#1395));
#241=EDGE_LOOP('',(#1396));
#242=EDGE_LOOP('',(#1397,#1398,#1399,#1400));
#243=EDGE_LOOP('',(#1401,#1402,#1403,#1404));
#244=EDGE_LOOP('',(#1405,#1406,#1407,#1408));
#245=EDGE_LOOP('',(#1409,#1410,#1411,#1412));
#246=EDGE_LOOP('',(#1413,#1414,#1415,#1416,#1417,#1418,#1419,#1420,#1421,
#1422,#1423,#1424,#1425,#1426,#1427,#1428,#1429,#1430,#1431,#1432));
#247=EDGE_LOOP('',(#1433,#1434,#1435,#1436,#1437,#1438,#1439,#1440,#1441,
#1442,#1443,#1444,#1445,#1446,#1447,#1448,#1449,#1450,#1451,#1452));
#248=EDGE_LOOP('',(#1453,#1454,#1455,#1456));
#249=EDGE_LOOP('',(#1457,#1458,#1459,#1460,#1461,#1462,#1463,#1464,#1465,
#1466,#1467,#1468,#1469,#1470,#1471,#1472,#1473,#1474,#1475,#1476));
#250=EDGE_LOOP('',(#1477,#1478,#1479,#1480,#1481,#1482,#1483,#1484,#1485,
#1486,#1487,#1488,#1489,#1490,#1491,#1492,#1493,#1494,#1495,#1496));
#251=EDGE_LOOP('',(#1497,#1498,#1499,#1500));
#252=EDGE_LOOP('',(#1501,#1502,#1503,#1504));
#253=CIRCLE('',#1682,0.0545);
#254=CIRCLE('',#1690,0.0545);
#255=CIRCLE('',#1692,0.0545);
#256=CIRCLE('',#1700,0.0545);
#257=CIRCLE('',#1702,0.069);
#258=CIRCLE('',#1710,0.0690000000000001);
#259=CIRCLE('',#1712,0.069);
#260=CIRCLE('',#1720,0.0690000000000001);
#261=CIRCLE('',#1722,0.08795);
#262=CIRCLE('',#1728,0.08795);
#263=CIRCLE('',#1730,0.08795);
#264=CIRCLE('',#1736,0.08795);
#265=CIRCLE('',#1738,0.108);
#266=CIRCLE('',#1744,0.108);
#267=CIRCLE('',#1746,0.108);
#268=CIRCLE('',#1752,0.108);
#269=CIRCLE('',#1758,0.155);
#270=CIRCLE('',#1759,0.155);
#271=CIRCLE('',#1761,0.0901387756906245);
#272=CIRCLE('',#1763,0.155);
#273=CIRCLE('',#1764,0.155);
#274=CIRCLE('',#1766,0.0901388376506448);
#275=CIRCLE('',#1768,0.155);
#276=CIRCLE('',#1769,0.155);
#277=CIRCLE('',#1771,0.0900000000000001);
#278=CIRCLE('',#1773,0.155);
#279=CIRCLE('',#1774,0.155);
#280=CIRCLE('',#1776,0.0900000000000001);
#281=CIRCLE('',#1778,0.0901387756906245);
#282=CIRCLE('',#1780,0.0900000000000001);
#283=CIRCLE('',#1782,0.0900000000000001);
#284=CIRCLE('',#1784,0.0901388376506448);
#285=B_SPLINE_CURVE_WITH_KNOTS('',3,(#2107,#2108,#2109,#2110),
 .UNSPECIFIED.,.F.,.F.,(4,4),(51.3624683129256,51.948688267446),
 .UNSPECIFIED.);
#286=B_SPLINE_CURVE_WITH_KNOTS('',3,(#2113,#2114,#2115,#2116,#2117,#2118,
#2119,#2120,#2121,#2122,#2123,#2124,#2125),.UNSPECIFIED.,.F.,.F.,(4,3,3,
3,4),(-50.2654824574367,-49.9506617956212,-48.9516485597088,-47.9526353237964,
-47.7101097583674),.UNSPECIFIED.);
#287=B_SPLINE_CURVE_WITH_KNOTS('',3,(#2130,#2131,#2132,#2133,#2134,#2135,
#2136,#2137,#2138,#2139,#2140,#2141,#2142,#2143,#2144,#2145,#2146,#2147,
#2148,#2149,#2150,#2151),.UNSPECIFIED.,.F.,.F.,(4,3,3,3,3,3,3,4),(45.079283005746,
45.9546088519715,46.9536220878839,47.9526353237963,48.9516485597088,49.9506617956212,
50.9496750315336,51.3624683129256),.UNSPECIFIED.);
#288=B_SPLINE_CURVE_WITH_KNOTS('',3,(#2152,#2153,#2154,#2155,#2156,#2157,
#2158,#2159,#2160,#2161,#2162,#2163,#2164,#2165,#2166,#2167,#2168,#2169,
#2170,#2171,#2172,#2173),.UNSPECIFIED.,.F.,.F.,(4,3,3,3,3,3,3,4),(-47.7101097583674,
-46.9536220878839,-45.9546088519715,-44.9555956160591,-43.9565823801466,
-42.9575691442342,-41.9585559083218,-41.4269244511878),.UNSPECIFIED.);
#289=B_SPLINE_CURVE_WITH_KNOTS('',3,(#2178,#2179,#2180,#2181,#2182,#2183,
#2184,#2185,#2186,#2187,#2188,#2189,#2190,#2191,#2192,#2193,#2194,#2195,
#2196,#2197,#2198,#2199,#2200,#2201,#2202),.UNSPECIFIED.,.F.,.F.,(4,3,3,
3,3,3,3,3,4),(38.7960976985664,38.9615162005845,39.960529436497,40.9595426724094,
41.9585559083218,42.9575691442342,43.9565823801467,44.9555956160591,45.079283005746),
 .UNSPECIFIED.);
#290=B_SPLINE_CURVE_WITH_KNOTS('',3,(#2203,#2204,#2205,#2206,#2207,#2208,
#2209,#2210,#2211,#2212,#2213,#2214,#2215,#2216,#2217,#2218,#2219,#2220,
#2221,#2222,#2223,#2224),.UNSPECIFIED.,.F.,.F.,(4,3,3,3,3,3,3,4),(-41.4269244511878,
-40.9595426724094,-39.960529436497,-38.9615162005845,-37.9625029646721,
-36.9634897287597,-35.9644764928473,-35.1437391440082),.UNSPECIFIED.);
#291=B_SPLINE_CURVE_WITH_KNOTS('',3,(#2229,#2230,#2231,#2232,#2233,#2234,
#2235,#2236,#2237,#2238,#2239,#2240,#2241,#2242,#2243,#2244,#2245,#2246,
#2247,#2248,#2249,#2250),.UNSPECIFIED.,.F.,.F.,(4,3,3,3,3,3,3,4),(32.5129123913868,
32.96743678511,33.9664500210224,34.9654632569348,35.9644764928473,36.9634897287597,
37.9625029646721,38.7960976985664),.UNSPECIFIED.);
#292=B_SPLINE_CURVE_WITH_KNOTS('',3,(#2251,#2252,#2253,#2254,#2255,#2256,
#2257,#2258,#2259,#2260,#2261,#2262,#2263,#2264,#2265,#2266,#2267,#2268,
#2269,#2270,#2271,#2272,#2273,#2274,#2275),.UNSPECIFIED.,.F.,.F.,(4,3,3,
3,3,3,3,3,4),(-35.1437391440082,-34.9654632569348,-33.9664500210224,-32.96743678511,
-31.9684235491976,-30.9694103132851,-29.9703970773727,-28.9713838414603,
-28.8605538368286),.UNSPECIFIED.);
#293=B_SPLINE_CURVE_WITH_KNOTS('',3,(#2280,#2281,#2282,#2283,#2284,#2285,
#2286,#2287,#2288,#2289,#2290,#2291,#2292,#2293,#2294,#2295,#2296,#2297,
#2298,#2299,#2300,#2301),.UNSPECIFIED.,.F.,.F.,(4,3,3,3,3,3,3,4),(26.2297270842072,
26.9733573696355,27.9723706055479,28.9713838414603,29.9703970773727,30.9694103132851,
31.9684235491976,32.5129123913868),.UNSPECIFIED.);
#294=B_SPLINE_CURVE_WITH_KNOTS('',3,(#2302,#2303,#2304,#2305,#2306,#2307,
#2308,#2309,#2310,#2311,#2312,#2313,#2314,#2315,#2316,#2317,#2318,#2319,
#2320,#2321,#2322,#2323),.UNSPECIFIED.,.F.,.F.,(4,3,3,3,3,3,3,4),(-28.8605538368286,
-27.9723706055479,-26.9733573696355,-25.974344133723,-24.9753308978106,
-23.9763176618982,-22.9773044259858,-22.577368529649),.UNSPECIFIED.);
#295=B_SPLINE_CURVE_WITH_KNOTS('',3,(#2328,#2329,#2330,#2331,#2332,#2333,
#2334,#2335,#2336,#2337,#2338,#2339,#2340,#2341,#2342,#2343,#2344,#2345,
#2346,#2347,#2348,#2349,#2350,#2351,#2352),.UNSPECIFIED.,.F.,.F.,(4,3,3,
3,3,3,3,3,4),(19.9465417770276,19.9802647182485,20.9792779541609,21.9782911900733,
22.9773044259857,23.9763176618982,24.9753308978106,25.974344133723,26.2297270842072),
 .UNSPECIFIED.);
#296=B_SPLINE_CURVE_WITH_KNOTS('',3,(#2353,#2354,#2355,#2356,#2357,#2358,
#2359,#2360,#2361,#2362,#2363,#2364,#2365,#2366,#2367,#2368,#2369,#2370,
#2371,#2372,#2373,#2374),.UNSPECIFIED.,.F.,.F.,(4,3,3,3,3,3,3,4),(-22.577368529649,
-21.9782911900733,-20.9792779541609,-19.9802647182485,-18.9812514823361,
-17.9822382464236,-16.9832250105112,-16.2941832224695),.UNSPECIFIED.);
#297=B_SPLINE_CURVE_WITH_KNOTS('',3,(#2379,#2380,#2381,#2382,#2383,#2384,
#2385,#2386,#2387,#2388,#2389,#2390,#2391,#2392,#2393,#2394,#2395,#2396,
#2397,#2398,#2399,#2400),.UNSPECIFIED.,.F.,.F.,(4,3,3,3,3,3,3,4),(13.663356469848,
13.9861853027739,14.9851985386864,15.9842117745988,16.9832250105112,17.9822382464236,
18.9812514823361,19.9465417770276),.UNSPECIFIED.);
#298=B_SPLINE_CURVE_WITH_KNOTS('',3,(#2401,#2402,#2403,#2404,#2405,#2406,
#2407,#2408,#2409,#2410,#2411,#2412,#2413,#2414,#2415,#2416,#2417,#2418,
#2419,#2420,#2421,#2422),.UNSPECIFIED.,.F.,.F.,(4,3,3,3,3,3,3,4),(-16.2941832224695,
-15.9842117745988,-14.9851985386864,-13.9861853027739,-12.9871720668615,
-11.9881588309491,-10.9891455950367,-10.0109979152899),.UNSPECIFIED.);
#299=B_SPLINE_CURVE_WITH_KNOTS('',3,(#2428,#2429,#2430,#2431,#2432,#2433,
#2434,#2435,#2436,#2437,#2438,#2439,#2440),.UNSPECIFIED.,.F.,.F.,(4,3,3,
3,4),(-3.72781260811029,-2.99703970773727,-1.99802647182485,-0.999013235912424,
0.),.UNSPECIFIED.);
#300=B_SPLINE_CURVE_WITH_KNOTS('',3,(#2443,#2444,#2445,#2446,#2447,#2448,
#2449,#2450,#2451,#2452,#2453,#2454,#2455,#2456,#2457,#2458,#2459,#2460,
#2461,#2462,#2463,#2464),.UNSPECIFIED.,.F.,.F.,(4,3,3,3,3,3,3,4),(1.68320581000936,
1.99802647182485,2.99703970773727,3.99605294364969,4.99506617956212,5.99407941547454,
6.99309265138697,7.38017116266843),.UNSPECIFIED.);
#301=B_SPLINE_CURVE_WITH_KNOTS('',3,(#2470,#2471,#2472,#2473),
 .UNSPECIFIED.,.F.,.F.,(4,4),(51.3624683129256,51.948688267446),
 .UNSPECIFIED.);
#302=B_SPLINE_CURVE_WITH_KNOTS('',3,(#2476,#2477,#2478,#2479,#2480,#2481,
#2482,#2483,#2484,#2485,#2486,#2487,#2488),.UNSPECIFIED.,.F.,.F.,(4,3,3,
3,4),(-50.2654824574367,-49.9506617956212,-48.9516485597088,-47.9526353237964,
-47.7101097583674),.UNSPECIFIED.);
#303=B_SPLINE_CURVE_WITH_KNOTS('',3,(#2493,#2494,#2495,#2496,#2497,#2498,
#2499,#2500,#2501,#2502,#2503,#2504,#2505,#2506,#2507,#2508,#2509,#2510,
#2511,#2512,#2513,#2514),.UNSPECIFIED.,.F.,.F.,(4,3,3,3,3,3,3,4),(45.079283005746,
45.9546088519715,46.9536220878839,47.9526353237964,48.9516485597088,49.9506617956212,
50.9496750315336,51.3624683129256),.UNSPECIFIED.);
#304=B_SPLINE_CURVE_WITH_KNOTS('',3,(#2515,#2516,#2517,#2518,#2519,#2520,
#2521,#2522,#2523,#2524,#2525,#2526,#2527,#2528,#2529,#2530,#2531,#2532,
#2533,#2534,#2535,#2536),.UNSPECIFIED.,.F.,.F.,(4,3,3,3,3,3,3,4),(-47.7101097583674,
-46.9536220878839,-45.9546088519715,-44.9555956160591,-43.9565823801466,
-42.9575691442342,-41.9585559083218,-41.4269244511878),.UNSPECIFIED.);
#305=B_SPLINE_CURVE_WITH_KNOTS('',3,(#2541,#2542,#2543,#2544,#2545,#2546,
#2547,#2548,#2549,#2550,#2551,#2552,#2553,#2554,#2555,#2556,#2557,#2558,
#2559,#2560,#2561,#2562,#2563,#2564,#2565),.UNSPECIFIED.,.F.,.F.,(4,3,3,
3,3,3,3,3,4),(38.7960976985664,38.9615162005845,39.960529436497,40.9595426724094,
41.9585559083218,42.9575691442342,43.9565823801467,44.9555956160591,45.079283005746),
 .UNSPECIFIED.);
#306=B_SPLINE_CURVE_WITH_KNOTS('',3,(#2566,#2567,#2568,#2569,#2570,#2571,
#2572,#2573,#2574,#2575,#2576,#2577,#2578,#2579,#2580,#2581,#2582,#2583,
#2584,#2585,#2586,#2587),.UNSPECIFIED.,.F.,.F.,(4,3,3,3,3,3,3,4),(-41.4269244511878,
-40.9595426724094,-39.9605294364969,-38.9615162005845,-37.9625029646721,
-36.9634897287597,-35.9644764928473,-35.1437391440082),.UNSPECIFIED.);
#307=B_SPLINE_CURVE_WITH_KNOTS('',3,(#2592,#2593,#2594,#2595,#2596,#2597,
#2598,#2599,#2600,#2601,#2602,#2603,#2604,#2605,#2606,#2607,#2608,#2609,
#2610,#2611,#2612,#2613),.UNSPECIFIED.,.F.,.F.,(4,3,3,3,3,3,3,4),(32.5129123913868,
32.96743678511,33.9664500210224,34.9654632569348,35.9644764928473,36.9634897287597,
37.9625029646721,38.7960976985664),.UNSPECIFIED.);
#308=B_SPLINE_CURVE_WITH_KNOTS('',3,(#2614,#2615,#2616,#2617,#2618,#2619,
#2620,#2621,#2622,#2623,#2624,#2625,#2626,#2627,#2628,#2629,#2630,#2631,
#2632,#2633,#2634,#2635,#2636,#2637,#2638),.UNSPECIFIED.,.F.,.F.,(4,3,3,
3,3,3,3,3,4),(-35.1437391440082,-34.9654632569348,-33.9664500210224,-32.96743678511,
-31.9684235491976,-30.9694103132851,-29.9703970773727,-28.9713838414603,
-28.8605538368286),.UNSPECIFIED.);
#309=B_SPLINE_CURVE_WITH_KNOTS('',3,(#2643,#2644,#2645,#2646,#2647,#2648,
#2649,#2650,#2651,#2652,#2653,#2654,#2655,#2656,#2657,#2658,#2659,#2660,
#2661,#2662,#2663,#2664),.UNSPECIFIED.,.F.,.F.,(4,3,3,3,3,3,3,4),(26.2297270842072,
26.9733573696355,27.9723706055479,28.9713838414603,29.9703970773727,30.9694103132851,
31.9684235491976,32.5129123913868),.UNSPECIFIED.);
#310=B_SPLINE_CURVE_WITH_KNOTS('',3,(#2665,#2666,#2667,#2668,#2669,#2670,
#2671,#2672,#2673,#2674,#2675,#2676,#2677,#2678,#2679,#2680,#2681,#2682,
#2683,#2684,#2685,#2686),.UNSPECIFIED.,.F.,.F.,(4,3,3,3,3,3,3,4),(-28.8605538368286,
-27.9723706055479,-26.9733573696354,-25.974344133723,-24.9753308978106,
-23.9763176618982,-22.9773044259857,-22.577368529649),.UNSPECIFIED.);
#311=B_SPLINE_CURVE_WITH_KNOTS('',3,(#2691,#2692,#2693,#2694,#2695,#2696,
#2697,#2698,#2699,#2700,#2701,#2702,#2703,#2704,#2705,#2706,#2707,#2708,
#2709,#2710,#2711,#2712,#2713,#2714,#2715),.UNSPECIFIED.,.F.,.F.,(4,3,3,
3,3,3,3,3,4),(19.9465417770276,19.9802647182485,20.9792779541609,21.9782911900733,
22.9773044259858,23.9763176618982,24.9753308978106,25.974344133723,26.2297270842072),
 .UNSPECIFIED.);
#312=B_SPLINE_CURVE_WITH_KNOTS('',3,(#2716,#2717,#2718,#2719,#2720,#2721,
#2722,#2723,#2724,#2725,#2726,#2727,#2728,#2729,#2730,#2731,#2732,#2733,
#2734,#2735,#2736,#2737),.UNSPECIFIED.,.F.,.F.,(4,3,3,3,3,3,3,4),(-22.577368529649,
-21.9782911900733,-20.9792779541609,-19.9802647182485,-18.9812514823361,
-17.9822382464236,-16.9832250105112,-16.2941832224695),.UNSPECIFIED.);
#313=B_SPLINE_CURVE_WITH_KNOTS('',3,(#2742,#2743,#2744,#2745,#2746,#2747,
#2748,#2749,#2750,#2751,#2752,#2753,#2754,#2755,#2756,#2757,#2758,#2759,
#2760,#2761,#2762,#2763),.UNSPECIFIED.,.F.,.F.,(4,3,3,3,3,3,3,4),(13.663356469848,
13.9861853027739,14.9851985386864,15.9842117745988,16.9832250105112,17.9822382464236,
18.9812514823361,19.9465417770276),.UNSPECIFIED.);
#314=B_SPLINE_CURVE_WITH_KNOTS('',3,(#2764,#2765,#2766,#2767,#2768,#2769,
#2770,#2771,#2772,#2773,#2774,#2775,#2776,#2777,#2778,#2779,#2780,#2781,
#2782,#2783,#2784,#2785),.UNSPECIFIED.,.F.,.F.,(4,3,3,3,3,3,3,4),(-16.2941832224695,
-15.9842117745988,-14.9851985386864,-13.9861853027739,-12.9871720668615,
-11.9881588309491,-10.9891455950367,-10.0109979152899),.UNSPECIFIED.);
#315=B_SPLINE_CURVE_WITH_KNOTS('',3,(#2791,#2792,#2793,#2794,#2795,#2796,
#2797,#2798,#2799,#2800,#2801,#2802,#2803),.UNSPECIFIED.,.F.,.F.,(4,3,3,
3,4),(-3.72781260811028,-2.99703970773727,-1.99802647182485,-0.999013235912423,
0.),.UNSPECIFIED.);
#316=B_SPLINE_CURVE_WITH_KNOTS('',3,(#2806,#2807,#2808,#2809,#2810,#2811,
#2812,#2813,#2814,#2815,#2816,#2817,#2818,#2819,#2820,#2821,#2822,#2823,
#2824,#2825,#2826,#2827),.UNSPECIFIED.,.F.,.F.,(4,3,3,3,3,3,3,4),(1.68320581000937,
1.99802647182485,2.99703970773727,3.9960529436497,4.99506617956212,5.99407941547454,
6.99309265138697,7.38017116266843),.UNSPECIFIED.);
#317=B_SPLINE_CURVE_WITH_KNOTS('',3,(#2833,#2834,#2835,#2836,#2837,#2838,
#2839,#2840),.UNSPECIFIED.,.F.,.F.,(4,1,1,1,1,4),(59.6902604182061,59.932785983635,
60.9317992195474,61.9308124554599,62.9298256913723,63.9288389272847),
 .UNSPECIFIED.);
#318=B_SPLINE_CURVE_WITH_KNOTS('',3,(#2843,#2844,#2845,#2846,#2847,#2848,
#2849,#2850,#2851),.UNSPECIFIED.,.F.,.F.,(4,1,1,1,1,1,4),(59.6902604182061,
60.5655862644316,61.564599500344,62.5636127362564,63.5626259721688,64.5616392080813,
64.8764598698968),.UNSPECIFIED.);
#319=B_SPLINE_CURVE_WITH_KNOTS('',3,(#2856,#2857,#2858,#2859,#2860,#2861,
#2862,#2863,#2864,#2865),.UNSPECIFIED.,.F.,.F.,(4,1,1,1,1,1,1,4),(53.4070751110265,
53.9387065681605,54.9377198040729,55.9367330399853,56.9357462758977,57.9347595118102,
58.9337727477226,59.6902604182061),.UNSPECIFIED.);
#320=B_SPLINE_CURVE_WITH_KNOTS('',3,(#2866,#2867,#2868,#2869,#2870,#2871,
#2872,#2873,#2874,#2875,#2876),.UNSPECIFIED.,.F.,.F.,(4,1,1,1,1,1,1,1,4),
(53.4070751110265,53.5724936130446,54.571506848957,55.5705200848695,56.5695333207819,
57.5685465566943,58.5675597926067,59.5665730285192,59.6902604182061),
 .UNSPECIFIED.);
#321=B_SPLINE_CURVE_WITH_KNOTS('',3,(#2881,#2882,#2883,#2884,#2885,#2886,
#2887,#2888,#2889,#2890),.UNSPECIFIED.,.F.,.F.,(4,1,1,1,1,1,1,4),(47.1238898038469,
47.9446271526859,48.9436403885983,49.9426536245108,50.9416668604232,51.9406800963356,
52.939693332248,53.4070751110265),.UNSPECIFIED.);
#322=B_SPLINE_CURVE_WITH_KNOTS('',3,(#2891,#2892,#2893,#2894,#2895,#2896,
#2897,#2898,#2899,#2900),.UNSPECIFIED.,.F.,.F.,(4,1,1,1,1,1,1,4),(47.1238898038469,
47.5784141975701,48.5774274334825,49.5764406693949,50.5754539053073,51.5744671412198,
52.5734803771322,53.4070751110265),.UNSPECIFIED.);
#323=B_SPLINE_CURVE_WITH_KNOTS('',3,(#2905,#2906,#2907,#2908,#2909,#2910,
#2911,#2912,#2913,#2914,#2915),.UNSPECIFIED.,.F.,.F.,(4,1,1,1,1,1,1,1,4),
(40.8407044966673,40.951534501299,41.9505477372114,42.9495609731238,43.9485742090362,
44.9475874449486,45.9466006808611,46.9456139167735,47.1238898038469),
 .UNSPECIFIED.);
#324=B_SPLINE_CURVE_WITH_KNOTS('',3,(#2916,#2917,#2918,#2919,#2920,#2921,
#2922,#2923,#2924,#2925),.UNSPECIFIED.,.F.,.F.,(4,1,1,1,1,1,1,4),(40.8407044966673,
41.5843347820955,42.5833480180079,43.5823612539204,44.5813744898328,45.5803877257452,
46.5794009616576,47.1238898038469),.UNSPECIFIED.);
#325=B_SPLINE_CURVE_WITH_KNOTS('',3,(#2930,#2931,#2932,#2933,#2934,#2935,
#2936,#2937,#2938,#2939),.UNSPECIFIED.,.F.,.F.,(4,1,1,1,1,1,1,4),(34.5575191894877,
34.9574550858244,35.9564683217368,36.9554815576493,37.9544947935617,38.9535080294741,
39.9525212653865,40.8407044966673),.UNSPECIFIED.);
#326=B_SPLINE_CURVE_WITH_KNOTS('',3,(#2940,#2941,#2942,#2943,#2944,#2945,
#2946,#2947,#2948,#2949,#2950),.UNSPECIFIED.,.F.,.F.,(4,1,1,1,1,1,1,1,4),
(34.5575191894877,34.5912421307086,35.590255366621,36.5892686025334,37.5882818384458,
38.5872950743583,39.5863083102707,40.5853215461831,40.8407044966673),
 .UNSPECIFIED.);
#327=B_SPLINE_CURVE_WITH_KNOTS('',3,(#2955,#2956,#2957,#2958,#2959,#2960,
#2961,#2962,#2963,#2964),.UNSPECIFIED.,.F.,.F.,(4,1,1,1,1,1,1,4),(28.2743338823081,
28.9633756703499,29.9623889062623,30.9614021421747,31.9604153780871,32.9594286139996,
33.958441849912,34.5575191894877),.UNSPECIFIED.);
#328=B_SPLINE_CURVE_WITH_KNOTS('',3,(#2965,#2966,#2967,#2968,#2969,#2970,
#2971,#2972,#2973,#2974),.UNSPECIFIED.,.F.,.F.,(4,1,1,1,1,1,1,4),(28.2743338823081,
28.597162715234,29.5961759511464,30.5951891870589,31.5942024229713,32.5932156588837,
33.5922288947961,34.5575191894877),.UNSPECIFIED.);
#329=B_SPLINE_CURVE_WITH_KNOTS('',3,(#2979,#2980,#2981,#2982,#2983,#2984,
#2985,#2986,#2987,#2988),.UNSPECIFIED.,.F.,.F.,(4,1,1,1,1,1,1,4),(21.9911485751285,
22.9692962548753,23.9683094907877,24.9673227267002,25.9663359626126,26.965349198525,
27.9643624344374,28.2743338823081),.UNSPECIFIED.);
#330=B_SPLINE_CURVE_WITH_KNOTS('',3,(#2989,#2990,#2991,#2992,#2993,#2994,
#2995,#2996,#2997,#2998),.UNSPECIFIED.,.F.,.F.,(4,1,1,1,1,1,1,4),(21.9911485751285,
22.6030832997595,23.6020965356719,24.6011097715843,25.6001230074967,26.5991362434092,
27.5981494793216,28.2743338823081),.UNSPECIFIED.);
#331=B_SPLINE_CURVE_WITH_KNOTS('',3,(#3004,#3005,#3006,#3007,#3008),
 .UNSPECIFIED.,.F.,.F.,(4,1,4),(14.6109774124601,15.6099906483725,15.7079632679489),
 .UNSPECIFIED.);
#332=B_SPLINE_CURVE_WITH_KNOTS('',3,(#3011,#3012,#3013,#3014,#3015,#3016),
 .UNSPECIFIED.,.F.,.F.,(4,1,1,4),(13.663356469848,13.9781771316635,14.9771903675759,
15.707963267949),.UNSPECIFIED.);
#333=B_SPLINE_CURVE_WITH_KNOTS('',3,(#3022,#3023,#3024,#3025,#3026,#3027,
#3028,#3029),.UNSPECIFIED.,.F.,.F.,(4,1,1,1,1,4),(59.6902604182061,59.932785983635,
60.9317992195474,61.9308124554599,62.9298256913723,63.9288389272847),
 .UNSPECIFIED.);
#334=B_SPLINE_CURVE_WITH_KNOTS('',3,(#3032,#3033,#3034,#3035,#3036,#3037,
#3038,#3039,#3040),.UNSPECIFIED.,.F.,.F.,(4,1,1,1,1,1,4),(59.6902604182061,
60.5655862644316,61.564599500344,62.5636127362564,63.5626259721689,64.5616392080813,
64.8764598698968),.UNSPECIFIED.);
#335=B_SPLINE_CURVE_WITH_KNOTS('',3,(#3045,#3046,#3047,#3048,#3049,#3050,
#3051,#3052,#3053,#3054),.UNSPECIFIED.,.F.,.F.,(4,1,1,1,1,1,1,4),(53.4070751110265,
53.9387065681605,54.9377198040729,55.9367330399853,56.9357462758977,57.9347595118102,
58.9337727477226,59.6902604182061),.UNSPECIFIED.);
#336=B_SPLINE_CURVE_WITH_KNOTS('',3,(#3055,#3056,#3057,#3058,#3059,#3060,
#3061,#3062,#3063,#3064,#3065),.UNSPECIFIED.,.F.,.F.,(4,1,1,1,1,1,1,1,4),
(53.4070751110265,53.5724936130446,54.571506848957,55.5705200848695,56.5695333207819,
57.5685465566943,58.5675597926067,59.5665730285192,59.6902604182061),
 .UNSPECIFIED.);
#337=B_SPLINE_CURVE_WITH_KNOTS('',3,(#3070,#3071,#3072,#3073,#3074,#3075,
#3076,#3077,#3078,#3079),.UNSPECIFIED.,.F.,.F.,(4,1,1,1,1,1,1,4),(47.1238898038469,
47.9446271526859,48.9436403885984,49.9426536245108,50.9416668604232,51.9406800963356,
52.939693332248,53.4070751110265),.UNSPECIFIED.);
#338=B_SPLINE_CURVE_WITH_KNOTS('',3,(#3080,#3081,#3082,#3083,#3084,#3085,
#3086,#3087,#3088,#3089),.UNSPECIFIED.,.F.,.F.,(4,1,1,1,1,1,1,4),(47.1238898038469,
47.5784141975701,48.5774274334825,49.5764406693949,50.5754539053073,51.5744671412198,
52.5734803771322,53.4070751110265),.UNSPECIFIED.);
#339=B_SPLINE_CURVE_WITH_KNOTS('',3,(#3094,#3095,#3096,#3097,#3098,#3099,
#3100,#3101,#3102,#3103,#3104),.UNSPECIFIED.,.F.,.F.,(4,1,1,1,1,1,1,1,4),
(40.8407044966673,40.951534501299,41.9505477372114,42.9495609731238,43.9485742090362,
44.9475874449487,45.9466006808611,46.9456139167735,47.1238898038469),
 .UNSPECIFIED.);
#340=B_SPLINE_CURVE_WITH_KNOTS('',3,(#3105,#3106,#3107,#3108,#3109,#3110,
#3111,#3112,#3113,#3114),.UNSPECIFIED.,.F.,.F.,(4,1,1,1,1,1,1,4),(40.8407044966673,
41.5843347820955,42.583348018008,43.5823612539204,44.5813744898328,45.5803877257452,
46.5794009616577,47.1238898038469),.UNSPECIFIED.);
#341=B_SPLINE_CURVE_WITH_KNOTS('',3,(#3119,#3120,#3121,#3122,#3123,#3124,
#3125,#3126,#3127,#3128),.UNSPECIFIED.,.F.,.F.,(4,1,1,1,1,1,1,4),(34.5575191894877,
34.9574550858244,35.9564683217368,36.9554815576493,37.9544947935617,38.9535080294741,
39.9525212653865,40.8407044966673),.UNSPECIFIED.);
#342=B_SPLINE_CURVE_WITH_KNOTS('',3,(#3129,#3130,#3131,#3132,#3133,#3134,
#3135,#3136,#3137,#3138,#3139),.UNSPECIFIED.,.F.,.F.,(4,1,1,1,1,1,1,1,4),
(34.5575191894877,34.5912421307086,35.590255366621,36.5892686025334,37.5882818384458,
38.5872950743583,39.5863083102707,40.5853215461831,40.8407044966673),
 .UNSPECIFIED.);
#343=B_SPLINE_CURVE_WITH_KNOTS('',3,(#3144,#3145,#3146,#3147,#3148,#3149,
#3150,#3151,#3152,#3153),.UNSPECIFIED.,.F.,.F.,(4,1,1,1,1,1,1,4),(28.2743338823081,
28.9633756703499,29.9623889062623,30.9614021421747,31.9604153780871,32.9594286139996,
33.958441849912,34.5575191894877),.UNSPECIFIED.);
#344=B_SPLINE_CURVE_WITH_KNOTS('',3,(#3154,#3155,#3156,#3157,#3158,#3159,
#3160,#3161,#3162,#3163),.UNSPECIFIED.,.F.,.F.,(4,1,1,1,1,1,1,4),(28.2743338823081,
28.597162715234,29.5961759511464,30.5951891870589,31.5942024229713,32.5932156588837,
33.5922288947961,34.5575191894877),.UNSPECIFIED.);
#345=B_SPLINE_CURVE_WITH_KNOTS('',3,(#3168,#3169,#3170,#3171,#3172,#3173,
#3174,#3175,#3176,#3177),.UNSPECIFIED.,.F.,.F.,(4,1,1,1,1,1,1,4),(21.9911485751285,
22.9692962548753,23.9683094907877,24.9673227267002,25.9663359626126,26.965349198525,
27.9643624344374,28.2743338823081),.UNSPECIFIED.);
#346=B_SPLINE_CURVE_WITH_KNOTS('',3,(#3178,#3179,#3180,#3181,#3182,#3183,
#3184,#3185,#3186,#3187),.UNSPECIFIED.,.F.,.F.,(4,1,1,1,1,1,1,4),(21.9911485751285,
22.6030832997595,23.6020965356719,24.6011097715843,25.6001230074967,26.5991362434092,
27.5981494793216,28.2743338823081),.UNSPECIFIED.);
#347=B_SPLINE_CURVE_WITH_KNOTS('',3,(#3193,#3194,#3195,#3196,#3197),
 .UNSPECIFIED.,.F.,.F.,(4,1,4),(14.6109774124601,15.6099906483725,15.7079632679489),
 .UNSPECIFIED.);
#348=B_SPLINE_CURVE_WITH_KNOTS('',3,(#3200,#3201,#3202,#3203,#3204,#3205),
 .UNSPECIFIED.,.F.,.F.,(4,1,1,4),(13.663356469848,13.9781771316635,14.9771903675759,
15.707963267949),.UNSPECIFIED.);
#349=B_SPLINE_CURVE_WITH_KNOTS('',3,(#3211,#3212,#3213,#3214),
 .UNSPECIFIED.,.F.,.F.,(4,4),(38.8048039355147,39.4447123512165),
 .UNSPECIFIED.);
#350=B_SPLINE_CURVE_WITH_KNOTS('',3,(#3217,#3218,#3219,#3220,#3221,#3222,
#3223,#3224,#3225,#3226,#3227,#3228,#3229),.UNSPECIFIED.,.F.,.F.,(4,3,3,
3,4),(-37.6991118430775,-37.4724767336557,-36.4863589248753,-35.5002411160949,
-35.1974276051896),.UNSPECIFIED.);
#351=B_SPLINE_CURVE_WITH_KNOTS('',3,(#3234,#3235,#3236,#3237,#3238,#3239,
#3240,#3241,#3242,#3243,#3244,#3245,#3246,#3247,#3248,#3249,#3250,#3251,
#3252,#3253,#3254,#3255,#3256,#3257,#3258),.UNSPECIFIED.,.F.,.F.,(4,3,3,
3,3,3,3,3,4),(32.5216186283351,32.5418876897536,33.528005498534,34.5141233073145,
35.5002411160949,36.4863589248753,37.4724767336557,38.4585945424361,38.8048039355147),
 .UNSPECIFIED.);
#352=B_SPLINE_CURVE_WITH_KNOTS('',3,(#3259,#3260,#3261,#3262,#3263,#3264,
#3265,#3266,#3267,#3268,#3269,#3270,#3271,#3272,#3273,#3274,#3275,#3276,
#3277,#3278,#3279,#3280),.UNSPECIFIED.,.F.,.F.,(4,3,3,3,3,3,3,4),(-35.1974276051896,
-34.5141233073145,-33.5280054985341,-32.5418876897537,-31.5557698809732,
-30.5696520721928,-29.5835342634124,-28.91424229801),.UNSPECIFIED.);
#353=B_SPLINE_CURVE_WITH_KNOTS('',3,(#3285,#3286,#3287,#3288,#3289,#3290,
#3291,#3292,#3293,#3294,#3295,#3296,#3297,#3298,#3299,#3300,#3301,#3302,
#3303,#3304,#3305,#3306),.UNSPECIFIED.,.F.,.F.,(4,3,3,3,3,3,3,4),(26.2384333211555,
26.6251808370712,27.6112986458516,28.597416454632,29.5835342634124,30.5696520721928,
31.5557698809732,32.5216186283351),.UNSPECIFIED.);
#354=B_SPLINE_CURVE_WITH_KNOTS('',3,(#3307,#3308,#3309,#3310,#3311,#3312,
#3313,#3314,#3315,#3316,#3317,#3318,#3319,#3320,#3321,#3322,#3323,#3324,
#3325,#3326,#3327,#3328,#3329,#3330,#3331),.UNSPECIFIED.,.F.,.F.,(4,3,3,
3,3,3,3,3,4),(-28.91424229801,-28.597416454632,-27.6112986458516,-26.6251808370712,
-25.6390630282907,-24.6529452195103,-23.6668274107299,-22.6807096019495,
-22.6310569908304),.UNSPECIFIED.);
#355=B_SPLINE_CURVE_WITH_KNOTS('',3,(#3336,#3337,#3338,#3339,#3340,#3341,
#3342,#3343,#3344,#3345,#3346,#3347,#3348,#3349,#3350,#3351,#3352,#3353,
#3354,#3355,#3356,#3357),.UNSPECIFIED.,.F.,.F.,(4,3,3,3,3,3,3,4),(19.9552480139759,
20.7084739843887,21.6945917931691,22.6807096019495,23.6668274107299,24.6529452195103,
25.6390630282907,26.2384333211555),.UNSPECIFIED.);
#356=B_SPLINE_CURVE_WITH_KNOTS('',3,(#3358,#3359,#3360,#3361,#3362,#3363,
#3364,#3365,#3366,#3367,#3368,#3369,#3370,#3371,#3372,#3373,#3374,#3375,
#3376,#3377,#3378,#3379),.UNSPECIFIED.,.F.,.F.,(4,3,3,3,3,3,3,4),(-22.6310569908304,
-21.6945917931691,-20.7084739843887,-19.7223561756083,-18.7362383668279,
-17.7501205580474,-16.764002749267,-16.3478716836508),.UNSPECIFIED.);
#357=B_SPLINE_CURVE_WITH_KNOTS('',3,(#3384,#3385,#3386,#3387,#3388,#3389,
#3390,#3391,#3392,#3393,#3394,#3395,#3396,#3397,#3398,#3399,#3400,#3401,
#3402,#3403,#3404,#3405,#3406,#3407,#3408),.UNSPECIFIED.,.F.,.F.,(4,3,3,
3,3,3,3,3,4),(13.6720627067964,13.8056493229258,14.7917671317062,15.7778849404866,
16.764002749267,17.7501205580474,18.7362383668278,19.7223561756083,19.9552480139759),
 .UNSPECIFIED.);
#358=B_SPLINE_CURVE_WITH_KNOTS('',3,(#3409,#3410,#3411,#3412,#3413,#3414,
#3415,#3416,#3417,#3418,#3419,#3420,#3421,#3422,#3423,#3424,#3425,#3426,
#3427,#3428,#3429,#3430),.UNSPECIFIED.,.F.,.F.,(4,3,3,3,3,3,3,4),(-16.3478716836508,
-15.7778849404866,-14.7917671317062,-13.8056493229258,-12.8195315141454,
-11.833413705365,-10.8472958965845,-10.0646863764712),.UNSPECIFIED.);
#359=B_SPLINE_CURVE_WITH_KNOTS('',3,(#3436,#3437,#3438,#3439,#3440,#3441,
#3442,#3443,#3444,#3445,#3446,#3447,#3448),.UNSPECIFIED.,.F.,.F.,(4,3,3,
3,4),(-3.78150106929164,-2.95835342634124,-1.97223561756083,-0.986117808780413,
0.),.UNSPECIFIED.);
#360=B_SPLINE_CURVE_WITH_KNOTS('',3,(#3451,#3452,#3453,#3454,#3455,#3456,
#3457,#3458,#3459,#3460,#3461,#3462,#3463,#3464,#3465,#3466,#3467,#3468,
#3469,#3470,#3471,#3472),.UNSPECIFIED.,.F.,.F.,(4,3,3,3,3,3,3,4),(1.74560050813901,
1.97223561756083,2.95835342634124,3.94447123512166,4.93058904390207,5.91670685268248,
6.90282466146289,7.38887739961678),.UNSPECIFIED.);
#361=B_SPLINE_CURVE_WITH_KNOTS('',3,(#3478,#3479,#3480,#3481),
 .UNSPECIFIED.,.F.,.F.,(4,4),(38.8048039355147,39.4447123512165),
 .UNSPECIFIED.);
#362=B_SPLINE_CURVE_WITH_KNOTS('',3,(#3484,#3485,#3486,#3487,#3488,#3489,
#3490,#3491,#3492,#3493,#3494,#3495,#3496),.UNSPECIFIED.,.F.,.F.,(4,3,3,
3,4),(-37.6991118430775,-37.4724767336557,-36.4863589248753,-35.5002411160949,
-35.1974276051896),.UNSPECIFIED.);
#363=B_SPLINE_CURVE_WITH_KNOTS('',3,(#3501,#3502,#3503,#3504,#3505,#3506,
#3507,#3508,#3509,#3510,#3511,#3512,#3513,#3514,#3515,#3516,#3517,#3518,
#3519,#3520,#3521,#3522,#3523,#3524,#3525),.UNSPECIFIED.,.F.,.F.,(4,3,3,
3,3,3,3,3,4),(32.5216186283351,32.5418876897536,33.528005498534,34.5141233073145,
35.5002411160949,36.4863589248753,37.4724767336557,38.4585945424361,38.8048039355147),
 .UNSPECIFIED.);
#364=B_SPLINE_CURVE_WITH_KNOTS('',3,(#3526,#3527,#3528,#3529,#3530,#3531,
#3532,#3533,#3534,#3535,#3536,#3537,#3538,#3539,#3540,#3541,#3542,#3543,
#3544,#3545,#3546,#3547),.UNSPECIFIED.,.F.,.F.,(4,3,3,3,3,3,3,4),(-35.1974276051896,
-34.5141233073145,-33.5280054985341,-32.5418876897537,-31.5557698809732,
-30.5696520721928,-29.5835342634124,-28.91424229801),.UNSPECIFIED.);
#365=B_SPLINE_CURVE_WITH_KNOTS('',3,(#3552,#3553,#3554,#3555,#3556,#3557,
#3558,#3559,#3560,#3561,#3562,#3563,#3564,#3565,#3566,#3567,#3568,#3569,
#3570,#3571,#3572,#3573),.UNSPECIFIED.,.F.,.F.,(4,3,3,3,3,3,3,4),(26.2384333211555,
26.6251808370711,27.6112986458516,28.597416454632,29.5835342634124,30.5696520721928,
31.5557698809732,32.5216186283351),.UNSPECIFIED.);
#366=B_SPLINE_CURVE_WITH_KNOTS('',3,(#3574,#3575,#3576,#3577,#3578,#3579,
#3580,#3581,#3582,#3583,#3584,#3585,#3586,#3587,#3588,#3589,#3590,#3591,
#3592,#3593,#3594,#3595,#3596,#3597,#3598),.UNSPECIFIED.,.F.,.F.,(4,3,3,
3,3,3,3,3,4),(-28.91424229801,-28.597416454632,-27.6112986458516,-26.6251808370712,
-25.6390630282907,-24.6529452195103,-23.6668274107299,-22.6807096019495,
-22.6310569908304),.UNSPECIFIED.);
#367=B_SPLINE_CURVE_WITH_KNOTS('',3,(#3603,#3604,#3605,#3606,#3607,#3608,
#3609,#3610,#3611,#3612,#3613,#3614,#3615,#3616,#3617,#3618,#3619,#3620,
#3621,#3622,#3623,#3624),.UNSPECIFIED.,.F.,.F.,(4,3,3,3,3,3,3,4),(19.9552480139759,
20.7084739843887,21.6945917931691,22.6807096019495,23.6668274107299,24.6529452195103,
25.6390630282907,26.2384333211555),.UNSPECIFIED.);
#368=B_SPLINE_CURVE_WITH_KNOTS('',3,(#3625,#3626,#3627,#3628,#3629,#3630,
#3631,#3632,#3633,#3634,#3635,#3636,#3637,#3638,#3639,#3640,#3641,#3642,
#3643,#3644,#3645,#3646),.UNSPECIFIED.,.F.,.F.,(4,3,3,3,3,3,3,4),(-22.6310569908304,
-21.6945917931691,-20.7084739843887,-19.7223561756083,-18.7362383668279,
-17.7501205580474,-16.764002749267,-16.3478716836508),.UNSPECIFIED.);
#369=B_SPLINE_CURVE_WITH_KNOTS('',3,(#3651,#3652,#3653,#3654,#3655,#3656,
#3657,#3658,#3659,#3660,#3661,#3662,#3663,#3664,#3665,#3666,#3667,#3668,
#3669,#3670,#3671,#3672,#3673,#3674,#3675),.UNSPECIFIED.,.F.,.F.,(4,3,3,
3,3,3,3,3,4),(13.6720627067963,13.8056493229258,14.7917671317062,15.7778849404866,
16.764002749267,17.7501205580474,18.7362383668278,19.7223561756083,19.9552480139759),
 .UNSPECIFIED.);
#370=B_SPLINE_CURVE_WITH_KNOTS('',3,(#3676,#3677,#3678,#3679,#3680,#3681,
#3682,#3683,#3684,#3685,#3686,#3687,#3688,#3689,#3690,#3691,#3692,#3693,
#3694,#3695,#3696,#3697),.UNSPECIFIED.,.F.,.F.,(4,3,3,3,3,3,3,4),(-16.3478716836508,
-15.7778849404866,-14.7917671317062,-13.8056493229258,-12.8195315141454,
-11.833413705365,-10.8472958965845,-10.0646863764712),.UNSPECIFIED.);
#371=B_SPLINE_CURVE_WITH_KNOTS('',3,(#3703,#3704,#3705,#3706,#3707,#3708,
#3709,#3710,#3711,#3712,#3713,#3714,#3715),.UNSPECIFIED.,.F.,.F.,(4,3,3,
3,4),(-3.78150106929164,-2.95835342634124,-1.97223561756083,-0.986117808780413,
0.),.UNSPECIFIED.);
#372=B_SPLINE_CURVE_WITH_KNOTS('',3,(#3718,#3719,#3720,#3721,#3722,#3723,
#3724,#3725,#3726,#3727,#3728,#3729,#3730,#3731,#3732,#3733,#3734,#3735,
#3736,#3737,#3738,#3739),.UNSPECIFIED.,.F.,.F.,(4,3,3,3,3,3,3,4),(1.74560050813903,
1.97223561756083,2.95835342634124,3.94447123512165,4.93058904390206,5.91670685268248,
6.90282466146289,7.38887739961676),.UNSPECIFIED.);
#373=B_SPLINE_CURVE_WITH_KNOTS('',3,(#3745,#3746,#3747,#3748,#3749,#3750,
#3751,#3752),.UNSPECIFIED.,.F.,.F.,(4,1,1,1,1,4),(47.1238898038469,47.4267033147522,
48.4128211235326,49.398938932313,50.3850567410935,51.3711745498739),
 .UNSPECIFIED.);
#374=B_SPLINE_CURVE_WITH_KNOTS('',3,(#3755,#3756,#3757,#3758,#3759,#3760,
#3761,#3762,#3763,#3764),.UNSPECIFIED.,.F.,.F.,(4,1,1,1,1,1,1,4),(47.1238898038469,
47.1441588652654,48.1302766740458,49.1163944828262,50.1025122916066,51.0886301003871,
52.0747479091675,52.3013830185893),.UNSPECIFIED.);
#375=B_SPLINE_CURVE_WITH_KNOTS('',3,(#3769,#3770,#3771,#3772,#3773,#3774,
#3775,#3776,#3777,#3778),.UNSPECIFIED.,.F.,.F.,(4,1,1,1,1,1,1,4),(40.8407044966673,
41.5099964620697,42.4961142708501,43.4822320796305,44.468349888411,45.4544676971914,
46.4405855059718,47.1238898038469),.UNSPECIFIED.);
#376=B_SPLINE_CURVE_WITH_KNOTS('',3,(#3779,#3780,#3781,#3782,#3783,#3784,
#3785,#3786,#3787,#3788),.UNSPECIFIED.,.F.,.F.,(4,1,1,1,1,1,1,4),(40.8407044966673,
41.2274520125829,42.2135698213633,43.1996876301438,44.1858054389242,45.1719232477046,
46.158041056485,47.1238898038469),.UNSPECIFIED.);
#377=B_SPLINE_CURVE_WITH_KNOTS('',3,(#3793,#3794,#3795,#3796,#3797,#3798,
#3799,#3800,#3801,#3802,#3803),.UNSPECIFIED.,.F.,.F.,(4,1,1,1,1,1,1,1,4),
(34.5575191894877,34.6071718006068,35.5932896093872,36.5794074181677,37.5655252269481,
38.5516430357285,39.5377608445089,40.5238786532893,40.8407044966673),
 .UNSPECIFIED.);
#378=B_SPLINE_CURVE_WITH_KNOTS('',3,(#3804,#3805,#3806,#3807,#3808,#3809,
#3810,#3811,#3812,#3813),.UNSPECIFIED.,.F.,.F.,(4,1,1,1,1,1,1,4),(34.5575191894877,
35.3107451599004,36.2968629686809,37.2829807774613,38.2690985862417,39.2552163950221,
40.2413342038025,40.8407044966673),.UNSPECIFIED.);
#379=B_SPLINE_CURVE_WITH_KNOTS('',3,(#3818,#3819,#3820,#3821,#3822,#3823,
#3824,#3825,#3826,#3827),.UNSPECIFIED.,.F.,.F.,(4,1,1,1,1,1,1,4),(28.2743338823081,
28.6904649479244,29.6765827567048,30.6627005654852,31.6488183742656,32.634936183046,
33.6210539918264,34.5575191894877),.UNSPECIFIED.);
#380=B_SPLINE_CURVE_WITH_KNOTS('',3,(#3828,#3829,#3830,#3831,#3832,#3833,
#3834,#3835,#3836,#3837,#3838),.UNSPECIFIED.,.F.,.F.,(4,1,1,1,1,1,1,1,4),
(28.2743338823081,28.4079204984376,29.394038307218,30.3801561159984,31.3662739247788,
32.3523917335592,33.3385095423396,34.32462735112,34.5575191894877),
 .UNSPECIFIED.);
#381=B_SPLINE_CURVE_WITH_KNOTS('',3,(#3843,#3844,#3845,#3846,#3847,#3848,
#3849,#3850,#3851,#3852),.UNSPECIFIED.,.F.,.F.,(4,1,1,1,1,1,1,4),(21.9911485751285,
22.7737580952419,23.7598759040223,24.7459937128027,25.7321115215831,26.7182293303635,
27.7043471391439,28.2743338823081),.UNSPECIFIED.);
#382=B_SPLINE_CURVE_WITH_KNOTS('',3,(#3853,#3854,#3855,#3856,#3857,#3858,
#3859,#3860,#3861,#3862),.UNSPECIFIED.,.F.,.F.,(4,1,1,1,1,1,1,4),(21.9911485751285,
22.4912136457551,23.4773314545355,24.4634492633159,25.4495670720963,26.4356848808767,
27.4218026896571,28.2743338823081),.UNSPECIFIED.);
#383=B_SPLINE_CURVE_WITH_KNOTS('',3,(#3868,#3869,#3870,#3871,#3872),
 .UNSPECIFIED.,.F.,.F.,(4,1,4),(14.6022711755118,15.5883889842922,15.707963267949),
 .UNSPECIFIED.);
#384=B_SPLINE_CURVE_WITH_KNOTS('',3,(#3875,#3876,#3877,#3878,#3879,#3880),
 .UNSPECIFIED.,.F.,.F.,(4,1,1,4),(13.6720627067963,13.8986978162181,14.8848156249986,
15.7079632679489),.UNSPECIFIED.);
#385=B_SPLINE_CURVE_WITH_KNOTS('',3,(#3886,#3887,#3888,#3889,#3890,#3891,
#3892,#3893),.UNSPECIFIED.,.F.,.F.,(4,1,1,1,1,4),(47.1238898038469,47.4267033147522,
48.4128211235326,49.398938932313,50.3850567410935,51.3711745498739),
 .UNSPECIFIED.);
#386=B_SPLINE_CURVE_WITH_KNOTS('',3,(#3896,#3897,#3898,#3899,#3900,#3901,
#3902,#3903,#3904,#3905),.UNSPECIFIED.,.F.,.F.,(4,1,1,1,1,1,1,4),(47.1238898038469,
47.1441588652654,48.1302766740458,49.1163944828262,50.1025122916066,51.0886301003871,
52.0747479091675,52.3013830185893),.UNSPECIFIED.);
#387=B_SPLINE_CURVE_WITH_KNOTS('',3,(#3910,#3911,#3912,#3913,#3914,#3915,
#3916,#3917,#3918,#3919),.UNSPECIFIED.,.F.,.F.,(4,1,1,1,1,1,1,4),(40.8407044966673,
41.5099964620697,42.4961142708501,43.4822320796305,44.468349888411,45.4544676971914,
46.4405855059718,47.1238898038469),.UNSPECIFIED.);
#388=B_SPLINE_CURVE_WITH_KNOTS('',3,(#3920,#3921,#3922,#3923,#3924,#3925,
#3926,#3927,#3928,#3929),.UNSPECIFIED.,.F.,.F.,(4,1,1,1,1,1,1,4),(40.8407044966673,
41.2274520125829,42.2135698213633,43.1996876301438,44.1858054389242,45.1719232477046,
46.158041056485,47.1238898038469),.UNSPECIFIED.);
#389=B_SPLINE_CURVE_WITH_KNOTS('',3,(#3934,#3935,#3936,#3937,#3938,#3939,
#3940,#3941,#3942,#3943,#3944),.UNSPECIFIED.,.F.,.F.,(4,1,1,1,1,1,1,1,4),
(34.5575191894877,34.6071718006068,35.5932896093872,36.5794074181677,37.5655252269481,
38.5516430357285,39.5377608445089,40.5238786532893,40.8407044966673),
 .UNSPECIFIED.);
#390=B_SPLINE_CURVE_WITH_KNOTS('',3,(#3945,#3946,#3947,#3948,#3949,#3950,
#3951,#3952,#3953,#3954),.UNSPECIFIED.,.F.,.F.,(4,1,1,1,1,1,1,4),(34.5575191894877,
35.3107451599004,36.2968629686809,37.2829807774613,38.2690985862417,39.2552163950221,
40.2413342038025,40.8407044966673),.UNSPECIFIED.);
#391=B_SPLINE_CURVE_WITH_KNOTS('',3,(#3959,#3960,#3961,#3962,#3963,#3964,
#3965,#3966,#3967,#3968),.UNSPECIFIED.,.F.,.F.,(4,1,1,1,1,1,1,4),(28.2743338823081,
28.6904649479244,29.6765827567048,30.6627005654852,31.6488183742656,32.634936183046,
33.6210539918264,34.5575191894877),.UNSPECIFIED.);
#392=B_SPLINE_CURVE_WITH_KNOTS('',3,(#3969,#3970,#3971,#3972,#3973,#3974,
#3975,#3976,#3977,#3978,#3979),.UNSPECIFIED.,.F.,.F.,(4,1,1,1,1,1,1,1,4),
(28.2743338823081,28.4079204984376,29.394038307218,30.3801561159984,31.3662739247788,
32.3523917335592,33.3385095423396,34.32462735112,34.5575191894877),
 .UNSPECIFIED.);
#393=B_SPLINE_CURVE_WITH_KNOTS('',3,(#3984,#3985,#3986,#3987,#3988,#3989,
#3990,#3991,#3992,#3993),.UNSPECIFIED.,.F.,.F.,(4,1,1,1,1,1,1,4),(21.9911485751285,
22.7737580952419,23.7598759040223,24.7459937128027,25.7321115215831,26.7182293303635,
27.7043471391439,28.2743338823081),.UNSPECIFIED.);
#394=B_SPLINE_CURVE_WITH_KNOTS('',3,(#3994,#3995,#3996,#3997,#3998,#3999,
#4000,#4001,#4002,#4003),.UNSPECIFIED.,.F.,.F.,(4,1,1,1,1,1,1,4),(21.9911485751285,
22.4912136457551,23.4773314545355,24.4634492633159,25.4495670720963,26.4356848808767,
27.4218026896571,28.2743338823081),.UNSPECIFIED.);
#395=B_SPLINE_CURVE_WITH_KNOTS('',3,(#4009,#4010,#4011,#4012,#4013),
 .UNSPECIFIED.,.F.,.F.,(4,1,4),(14.6022711755118,15.5883889842922,15.7079632679489),
 .UNSPECIFIED.);
#396=B_SPLINE_CURVE_WITH_KNOTS('',3,(#4016,#4017,#4018,#4019,#4020,#4021),
 .UNSPECIFIED.,.F.,.F.,(4,1,1,4),(13.6720627067963,13.8986978162181,14.8848156249986,
15.7079632679489),.UNSPECIFIED.);
#397=B_SPLINE_CURVE_WITH_KNOTS('',3,(#4023,#4024,#4025,#4026,#4027,#4028,
#4029,#4030,#4031,#4032,#4033),.UNSPECIFIED.,.F.,.F.,(4,1,1,1,1,1,1,1,4),
(15.7079632679489,15.870933433779,16.8570512425594,17.8431690513398,18.8292868601202,
19.8154046689006,20.801522477681,21.7876402864615,21.9911485751285),
 .UNSPECIFIED.);
#398=B_SPLINE_CURVE_WITH_KNOTS('',3,(#4034,#4035,#4036,#4037,#4038,#4039,
#4040,#4041,#4042,#4043),.UNSPECIFIED.,.F.,.F.,(4,1,1,1,1,1,1,4),(15.7079632679489,
16.5745067930726,17.560624601853,18.5467424106334,19.5328602194138,20.5189780281943,
21.5050958369747,21.9911485751285),.UNSPECIFIED.);
#399=B_SPLINE_CURVE_WITH_KNOTS('',3,(#4216,#4217,#4218,#4219,#4220,#4221,
#4222,#4223,#4224,#4225,#4226,#4227,#4228,#4229,#4230,#4231,#4232,#4233,
#4234,#4235,#4236,#4237,#4238,#4239,#4240,#4241,#4242,#4243,#4244,#4245,
#4246,#4247,#4248,#4249),.UNSPECIFIED.,.F.,.F.,(4,3,3,3,3,3,3,3,3,3,3,4),
(0.,0.0647684881336756,0.104093707938681,0.124955596088614,0.184747491304636,
0.206482896246302,0.259073952534702,0.291659991388403,0.314553977859341,
0.357740254015262,0.386694279604552,0.439470825949394),.UNSPECIFIED.);
#400=B_SPLINE_CURVE_WITH_KNOTS('',3,(#4250,#4251,#4252,#4253,#4254,#4255,
#4256,#4257,#4258,#4259,#4260,#4261,#4262,#4263,#4264,#4265,#4266,#4267,
#4268,#4269,#4270,#4271,#4272,#4273,#4274,#4275,#4276,#4277,#4278,#4279,
#4280,#4281,#4282,#4283,#4284,#4285,#4286,#4287,#4288,#4289),
 .UNSPECIFIED.,.F.,.F.,(4,3,3,3,3,3,3,3,3,3,3,3,3,4),(0.,0.0528894596821699,
0.0847383372822655,0.104142960814199,0.148417955008566,0.174865419600592,
0.195147904506252,0.236674770679319,0.272481588027133,0.293966206420435,
0.337646632484836,0.359023282005039,0.421709899700495,0.437583012837284),
 .UNSPECIFIED.);
#401=B_SPLINE_CURVE_WITH_KNOTS('',3,(#4290,#4291,#4292,#4293,#4294,#4295,
#4296,#4297,#4298,#4299,#4300,#4301,#4302,#4303,#4304,#4305,#4306,#4307,
#4308,#4309,#4310,#4311,#4312,#4313,#4314),.UNSPECIFIED.,.F.,.F.,(4,3,3,
3,3,3,3,3,4),(-10.0646863764712,-9.86117808780413,-8.87506027902372,-7.88894247024331,
-6.90282466146289,-5.91670685268248,-4.93058904390206,-3.94447123512165,
-3.78150106929164),.UNSPECIFIED.);
#402=B_SPLINE_CURVE_WITH_KNOTS('',3,(#4487,#4488,#4489,#4490,#4491,#4492,
#4493,#4494,#4495,#4496,#4497,#4498,#4499,#4500,#4501,#4502,#4503,#4504,
#4505,#4506,#4507,#4508,#4509,#4510,#4511,#4512,#4513,#4514,#4515,#4516,
#4517,#4518,#4519,#4520,#4521,#4522,#4523,#4524,#4525,#4526),
 .UNSPECIFIED.,.F.,.F.,(4,3,3,3,3,3,3,3,3,3,3,3,3,4),(0.,0.052889643662647,
0.0847386602395863,0.104143455421024,0.148418694543383,0.174867128402007,
0.195148610498503,0.236674770679337,0.272481461276337,0.293966107348382,
0.33764639172794,0.359023013576111,0.421709608696846,0.437583012837313),
 .UNSPECIFIED.);
#403=B_SPLINE_CURVE_WITH_KNOTS('',3,(#4527,#4528,#4529,#4530,#4531,#4532,
#4533,#4534,#4535,#4536,#4537,#4538,#4539,#4540,#4541,#4542,#4543,#4544,
#4545,#4546,#4547,#4548),.UNSPECIFIED.,.F.,.F.,(4,3,3,3,3,3,3,4),(7.38887739961676,
7.8889424702433,8.87506027902372,9.86117808780413,10.8472958965845,11.833413705365,
12.8195315141454,13.6720627067963),.UNSPECIFIED.);
#404=B_SPLINE_CURVE_WITH_KNOTS('',3,(#4549,#4550,#4551,#4552,#4553,#4554,
#4555,#4556,#4557,#4558,#4559,#4560,#4561,#4562,#4563,#4564,#4565,#4566,
#4567,#4568,#4569,#4570,#4571,#4572,#4573,#4574,#4575,#4576,#4577,#4578,
#4579,#4580,#4581,#4582),.UNSPECIFIED.,.F.,.F.,(4,3,3,3,3,3,3,3,3,3,3,4),
(0.,0.0647684881336707,0.104096623331745,0.124956383513674,0.184748183950475,
0.206483421508022,0.259073952534683,0.291660104507295,0.31455396487768,
0.357740116836185,0.386694233582321,0.439470825949379),.UNSPECIFIED.);
#405=B_SPLINE_CURVE_WITH_KNOTS('',3,(#4584,#4585,#4586,#4587,#4588,#4589,
#4590,#4591,#4592,#4593,#4594),.UNSPECIFIED.,.F.,.F.,(4,1,1,1,1,1,1,1,4),
(15.7079632679489,15.870933433779,16.8570512425594,17.8431690513398,18.8292868601202,
19.8154046689006,20.801522477681,21.7876402864615,21.9911485751285),
 .UNSPECIFIED.);
#406=B_SPLINE_CURVE_WITH_KNOTS('',3,(#4595,#4596,#4597,#4598,#4599,#4600,
#4601,#4602,#4603,#4604),.UNSPECIFIED.,.F.,.F.,(4,1,1,1,1,1,1,4),(15.707963267949,
16.5745067930726,17.560624601853,18.5467424106334,19.5328602194138,20.5189780281943,
21.5050958369747,21.9911485751285),.UNSPECIFIED.);
#407=B_SPLINE_CURVE_WITH_KNOTS('',3,(#4777,#4778,#4779,#4780,#4781,#4782,
#4783,#4784,#4785,#4786,#4787,#4788,#4789,#4790,#4791,#4792,#4793,#4794,
#4795,#4796,#4797,#4798,#4799,#4800,#4801,#4802,#4803,#4804,#4805,#4806,
#4807,#4808,#4809,#4810),.UNSPECIFIED.,.F.,.F.,(4,3,3,3,3,3,3,3,3,3,3,4),
(0.,0.0647684881336767,0.104110117684908,0.124960033584154,0.184751394816829,
0.206485858610398,0.259073952534707,0.291660630231023,0.314553904252347,
0.357739478193742,0.386694019581929,0.439470825949411),.UNSPECIFIED.);
#408=B_SPLINE_CURVE_WITH_KNOTS('',3,(#4811,#4812,#4813,#4814,#4815,#4816,
#4817,#4818,#4819,#4820,#4821,#4822,#4823,#4824,#4825,#4826,#4827,#4828,
#4829,#4830,#4831,#4832,#4833,#4834,#4835,#4836,#4837,#4838,#4839,#4840,
#4841,#4842,#4843,#4844,#4845,#4846,#4847,#4848,#4849,#4850),
 .UNSPECIFIED.,.F.,.F.,(4,3,3,3,3,3,3,3,3,3,3,3,3,4),(0.,0.0528904934604977,
0.0847401514497124,0.104145739919983,0.148422111036547,0.174875022829905,
0.195151884393716,0.236674770679335,0.272480870867739,0.293965645405547,
0.337645271960689,0.35902176807998,0.421708258901924,0.437583012837324),
 .UNSPECIFIED.);
#409=B_SPLINE_CURVE_WITH_KNOTS('',3,(#4851,#4852,#4853,#4854,#4855,#4856,
#4857,#4858,#4859,#4860,#4861,#4862,#4863,#4864,#4865,#4866,#4867,#4868,
#4869,#4870,#4871,#4872,#4873,#4874,#4875),.UNSPECIFIED.,.F.,.F.,(4,3,3,
3,3,3,3,3,4),(-10.0646863764712,-9.86117808780413,-8.87506027902372,-7.88894247024331,
-6.90282466146289,-5.91670685268248,-4.93058904390206,-3.94447123512165,
-3.78150106929164),.UNSPECIFIED.);
#410=B_SPLINE_CURVE_WITH_KNOTS('',3,(#5048,#5049,#5050,#5051,#5052,#5053,
#5054,#5055,#5056,#5057,#5058,#5059,#5060,#5061,#5062,#5063,#5064,#5065,
#5066,#5067,#5068,#5069,#5070,#5071,#5072,#5073,#5074,#5075,#5076,#5077,
#5078,#5079,#5080,#5081,#5082,#5083,#5084,#5085,#5086,#5087),
 .UNSPECIFIED.,.F.,.F.,(4,3,3,3,3,3,3,3,3,3,3,3,3,4),(0.,0.0528904792869492,
0.0847401265850544,0.104145701815862,0.148422054042641,0.174874891132944,
0.195151829614174,0.236674770679335,0.272480880780479,0.293965653166955,
0.337645290739464,0.359021788927819,0.4217082814904,0.437583012837304),
 .UNSPECIFIED.);
#411=B_SPLINE_CURVE_WITH_KNOTS('',3,(#5088,#5089,#5090,#5091,#5092,#5093,
#5094,#5095,#5096,#5097,#5098,#5099,#5100,#5101,#5102,#5103,#5104,#5105,
#5106,#5107,#5108,#5109),.UNSPECIFIED.,.F.,.F.,(4,3,3,3,3,3,3,4),(7.38887739961678,
7.8889424702433,8.87506027902372,9.86117808780413,10.8472958965845,11.833413705365,
12.8195315141454,13.6720627067964),.UNSPECIFIED.);
#412=B_SPLINE_CURVE_WITH_KNOTS('',3,(#5110,#5111,#5112,#5113,#5114,#5115,
#5116,#5117,#5118,#5119,#5120,#5121,#5122,#5123,#5124,#5125,#5126,#5127,
#5128,#5129,#5130,#5131,#5132,#5133,#5134,#5135,#5136,#5137,#5138,#5139,
#5140,#5141,#5142,#5143),.UNSPECIFIED.,.F.,.F.,(4,3,3,3,3,3,3,3,3,3,3,4),
(0.,0.0647684881336699,0.104109892243408,0.124959972532421,0.184751341109261,
0.20648581781399,0.25907395253468,0.291660621416587,0.314553905268715,0.357739488906392,
0.386694023166869,0.439470825949363),.UNSPECIFIED.);
#413=B_SPLINE_CURVE_WITH_KNOTS('',3,(#5213,#5214,#5215,#5216,#5217,#5218,
#5219,#5220,#5221,#5222,#5223,#5224,#5225,#5226,#5227,#5228,#5229,#5230,
#5231,#5232,#5233,#5234,#5235,#5236,#5237,#5238,#5239,#5240,#5241,#5242,
#5243,#5244,#5245,#5246),.UNSPECIFIED.,.F.,.F.,(4,3,3,3,3,3,3,3,3,3,3,4),
(0.,0.0415973017648042,0.0626484247661725,0.0773133722118417,0.119379922112823,
0.14057221910797,0.166389207059217,0.186716979970831,0.203573421501557,
0.224472083844793,0.24280511777553,0.267890979533227),.UNSPECIFIED.);
#414=B_SPLINE_CURVE_WITH_KNOTS('',3,(#5247,#5248,#5249,#5250,#5251,#5252,
#5253,#5254,#5255,#5256,#5257,#5258,#5259,#5260,#5261,#5262,#5263,#5264,
#5265,#5266,#5267,#5268,#5269,#5270,#5271,#5272,#5273,#5274,#5275,#5276,
#5277,#5278,#5279,#5280),.UNSPECIFIED.,.F.,.F.,(4,3,3,3,3,3,3,3,3,3,3,4),
(0.,0.0369687886680404,0.0537359611731243,0.0698073712724155,0.0996528037819406,
0.11537517607197,0.151040464259807,0.170859192988677,0.186428286796555,
0.216934719374262,0.236698974611036,0.266562147219263),.UNSPECIFIED.);
#415=B_SPLINE_CURVE_WITH_KNOTS('',3,(#5281,#5282,#5283,#5284,#5285,#5286,
#5287,#5288,#5289,#5290,#5291,#5292,#5293,#5294,#5295,#5296,#5297,#5298,
#5299,#5300,#5301,#5302,#5303,#5304,#5305,#5306,#5307,#5308,#5309,#5310,
#5311,#5312,#5313,#5314),.UNSPECIFIED.,.F.,.F.,(4,3,3,3,3,3,3,3,3,3,3,4),
(0.,0.0415973017648079,0.0626506777406265,0.0773160752677071,0.119382466261617,
0.140572312282838,0.166389207059231,0.186718486165479,0.203576603412104,
0.224475852931179,0.242808661337147,0.267890979533255),.UNSPECIFIED.);
#416=B_SPLINE_CURVE_WITH_KNOTS('',3,(#5315,#5316,#5317,#5318,#5319,#5320,
#5321,#5322,#5323,#5324,#5325,#5326,#5327,#5328,#5329,#5330,#5331,#5332,
#5333,#5334,#5335,#5336,#5337,#5338,#5339,#5340,#5341,#5342,#5343,#5344,
#5345,#5346,#5347,#5348),.UNSPECIFIED.,.F.,.F.,(4,3,3,3,3,3,3,3,3,3,3,4),
(0.,0.0369688080564469,0.0537360961999223,0.069807386559225,0.0996530048212575,
0.115375269380301,0.15104046425982,0.170859101988645,0.186428169449492,
0.216934439776032,0.236698558430963,0.266562147219307),.UNSPECIFIED.);
#417=B_SPLINE_CURVE_WITH_KNOTS('',3,(#5360,#5361,#5362,#5363,#5364,#5365,
#5366,#5367,#5368,#5369,#5370,#5371,#5372,#5373,#5374,#5375,#5376,#5377,
#5378,#5379,#5380,#5381,#5382,#5383,#5384,#5385,#5386,#5387,#5388,#5389,
#5390,#5391,#5392,#5393),.UNSPECIFIED.,.F.,.F.,(4,3,3,3,3,3,3,3,3,3,3,4),
(0.,0.0369687408508051,0.0537356281991256,0.069807333578969,0.0996523080401568,
0.115374946243897,0.151040464259806,0.170859417186497,0.186428575963635,
0.216935408389238,0.236700000409452,0.266562147219273),.UNSPECIFIED.);
#418=B_SPLINE_CURVE_WITH_KNOTS('',3,(#5394,#5395,#5396,#5397,#5398,#5399,
#5400,#5401,#5402,#5403,#5404,#5405,#5406,#5407,#5408,#5409,#5410,#5411,
#5412,#5413,#5414,#5415,#5416,#5417,#5418,#5419,#5420,#5421,#5422,#5423,
#5424,#5425,#5426,#5427),.UNSPECIFIED.,.F.,.F.,(4,3,3,3,3,3,3,3,3,3,3,4),
(0.,0.0415973017648063,0.062648040719978,0.077312911847659,0.119379488807057,
0.140572203306945,0.166389207059225,0.186716723346259,0.203572879632261,
0.224471442472966,0.242804515392079,0.26789097953325),.UNSPECIFIED.);
#419=B_SPLINE_CURVE_WITH_KNOTS('',3,(#5428,#5429,#5430,#5431,#5432,#5433,
#5434,#5435,#5436,#5437,#5438,#5439,#5440,#5441,#5442,#5443,#5444,#5445,
#5446,#5447,#5448,#5449,#5450,#5451,#5452,#5453,#5454,#5455,#5456,#5457,
#5458,#5459,#5460,#5461),.UNSPECIFIED.,.F.,.F.,(4,3,3,3,3,3,3,3,3,3,3,4),
(0.,0.0369687982669279,0.0537360280209278,0.0698073788402224,0.0996529033143307,
0.115375222256936,0.15104046425981,0.170859147956924,0.186428228726793,
0.216934581007059,0.23669876865148,0.266562147219277),.UNSPECIFIED.);
#420=B_SPLINE_CURVE_WITH_KNOTS('',3,(#5462,#5463,#5464,#5465,#5466,#5467,
#5468,#5469,#5470,#5471,#5472,#5473,#5474,#5475,#5476,#5477,#5478,#5479,
#5480,#5481,#5482,#5483,#5484,#5485,#5486,#5487,#5488,#5489,#5490,#5491,
#5492,#5493,#5494,#5495),.UNSPECIFIED.,.F.,.F.,(4,3,3,3,3,3,3,3,3,3,3,4),
(0.,0.0415973017648038,0.0626488013683087,0.0773138237675153,0.119380347126338,
0.140572234621424,0.166389207059215,0.18671723171664,0.203573953144037,
0.224472713251306,0.242805709096547,0.267890979533227),.UNSPECIFIED.);
#421=B_SPLINE_CURVE_WITH_KNOTS('',3,(#5497,#5498,#5499,#5500,#5501,#5502,
#5503,#5504,#5505,#5506,#5507),.UNSPECIFIED.,.F.,.F.,(4,1,1,1,1,1,1,1,4),
(15.707963267949,15.9762036034884,16.9752168394008,17.9742300753132,18.9732433112256,
19.9722565471381,20.9712697830505,21.9702830189629,21.9911485751285),
 .UNSPECIFIED.);
#422=B_SPLINE_CURVE_WITH_KNOTS('',3,(#5508,#5509,#5510,#5511,#5512,#5513,
#5514,#5515,#5516,#5517),.UNSPECIFIED.,.F.,.F.,(4,1,1,1,1,1,1,4),(15.7079632679489,
16.6090038842849,17.6080171201974,18.6070303561098,19.6060435920222,20.6050568279346,
21.6040700638471,21.9911485751285),.UNSPECIFIED.);
#423=B_SPLINE_CURVE_WITH_KNOTS('',3,(#5738,#5739,#5740,#5741,#5742,#5743,
#5744,#5745,#5746,#5747,#5748,#5749,#5750,#5751,#5752,#5753,#5754,#5755,
#5756,#5757,#5758,#5759,#5760,#5761,#5762),.UNSPECIFIED.,.F.,.F.,(4,3,3,
3,3,3,3,3,4),(-10.0109979152899,-9.99013235912424,-8.99111912321181,-7.99210588729939,
-6.99309265138697,-5.99407941547454,-4.99506617956212,-3.99605294364969,
-3.72781260811028),.UNSPECIFIED.);
#424=B_SPLINE_CURVE_WITH_KNOTS('',3,(#5983,#5984,#5985,#5986,#5987,#5988,
#5989,#5990,#5991,#5992,#5993,#5994,#5995,#5996,#5997,#5998,#5999,#6000,
#6001,#6002,#6003,#6004),.UNSPECIFIED.,.F.,.F.,(4,3,3,3,3,3,3,4),(7.38017116266843,
7.99210588729939,8.99111912321181,9.99013235912424,10.9891455950367,11.9881588309491,
12.9871720668615,13.663356469848),.UNSPECIFIED.);
#425=B_SPLINE_CURVE_WITH_KNOTS('',3,(#6006,#6007,#6008,#6009,#6010,#6011,
#6012,#6013,#6014,#6015,#6016),.UNSPECIFIED.,.F.,.F.,(4,1,1,1,1,1,1,1,4),
(15.707963267949,15.9762036034883,16.9752168394008,17.9742300753132,18.9732433112256,
19.972256547138,20.9712697830505,21.9702830189629,21.9911485751285),
 .UNSPECIFIED.);
#426=B_SPLINE_CURVE_WITH_KNOTS('',3,(#6017,#6018,#6019,#6020,#6021,#6022,
#6023,#6024,#6025,#6026),.UNSPECIFIED.,.F.,.F.,(4,1,1,1,1,1,1,4),(15.7079632679489,
16.6090038842849,17.6080171201973,18.6070303561098,19.6060435920222,20.6050568279346,
21.604070063847,21.9911485751285),.UNSPECIFIED.);
#427=B_SPLINE_CURVE_WITH_KNOTS('',3,(#6247,#6248,#6249,#6250,#6251,#6252,
#6253,#6254,#6255,#6256,#6257,#6258,#6259,#6260,#6261,#6262,#6263,#6264,
#6265,#6266,#6267,#6268,#6269,#6270,#6271),.UNSPECIFIED.,.F.,.F.,(4,3,3,
3,3,3,3,3,4),(-10.0109979152899,-9.99013235912424,-8.99111912321181,-7.99210588729939,
-6.99309265138697,-5.99407941547454,-4.99506617956212,-3.9960529436497,
-3.72781260811029),.UNSPECIFIED.);
#428=B_SPLINE_CURVE_WITH_KNOTS('',3,(#6492,#6493,#6494,#6495,#6496,#6497,
#6498,#6499,#6500,#6501,#6502,#6503,#6504,#6505,#6506,#6507,#6508,#6509,
#6510,#6511,#6512,#6513),.UNSPECIFIED.,.F.,.F.,(4,3,3,3,3,3,3,4),(7.38017116266843,
7.99210588729939,8.99111912321181,9.99013235912424,10.9891455950367,11.9881588309491,
12.9871720668615,13.663356469848),.UNSPECIFIED.);
#429=LINE('',#2105,#505);
#430=LINE('',#2129,#506);
#431=LINE('',#2177,#507);
#432=LINE('',#2228,#508);
#433=LINE('',#2279,#509);
#434=LINE('',#2327,#510);
#435=LINE('',#2378,#511);
#436=LINE('',#2426,#512);
#437=LINE('',#2468,#513);
#438=LINE('',#2492,#514);
#439=LINE('',#2540,#515);
#440=LINE('',#2591,#516);
#441=LINE('',#2642,#517);
#442=LINE('',#2690,#518);
#443=LINE('',#2741,#519);
#444=LINE('',#2789,#520);
#445=LINE('',#2831,#521);
#446=LINE('',#2855,#522);
#447=LINE('',#2880,#523);
#448=LINE('',#2904,#524);
#449=LINE('',#2929,#525);
#450=LINE('',#2954,#526);
#451=LINE('',#2978,#527);
#452=LINE('',#3002,#528);
#453=LINE('',#3020,#529);
#454=LINE('',#3044,#530);
#455=LINE('',#3069,#531);
#456=LINE('',#3093,#532);
#457=LINE('',#3118,#533);
#458=LINE('',#3143,#534);
#459=LINE('',#3167,#535);
#460=LINE('',#3191,#536);
#461=LINE('',#3209,#537);
#462=LINE('',#3233,#538);
#463=LINE('',#3284,#539);
#464=LINE('',#3335,#540);
#465=LINE('',#3383,#541);
#466=LINE('',#3434,#542);
#467=LINE('',#3476,#543);
#468=LINE('',#3500,#544);
#469=LINE('',#3551,#545);
#470=LINE('',#3602,#546);
#471=LINE('',#3650,#547);
#472=LINE('',#3701,#548);
#473=LINE('',#3743,#549);
#474=LINE('',#3768,#550);
#475=LINE('',#3792,#551);
#476=LINE('',#3817,#552);
#477=LINE('',#3842,#553);
#478=LINE('',#3866,#554);
#479=LINE('',#3884,#555);
#480=LINE('',#3909,#556);
#481=LINE('',#3933,#557);
#482=LINE('',#3958,#558);
#483=LINE('',#3983,#559);
#484=LINE('',#4007,#560);
#485=LINE('',#5150,#561);
#486=LINE('',#5159,#562);
#487=LINE('',#5168,#563);
#488=LINE('',#5177,#564);
#489=LINE('',#5185,#565);
#490=LINE('',#5189,#566);
#491=LINE('',#5193,#567);
#492=LINE('',#5197,#568);
#493=LINE('',#5201,#569);
#494=LINE('',#5203,#570);
#495=LINE('',#5205,#571);
#496=LINE('',#5206,#572);
#497=LINE('',#5209,#573);
#498=LINE('',#5211,#574);
#499=LINE('',#5212,#575);
#500=LINE('',#5351,#576);
#501=LINE('',#5352,#577);
#502=LINE('',#5355,#578);
#503=LINE('',#5356,#579);
#504=LINE('',#5358,#580);
#505=VECTOR('',#1799,0.125);
#506=VECTOR('',#1804,0.125);
#507=VECTOR('',#1807,0.125);
#508=VECTOR('',#1810,0.125);
#509=VECTOR('',#1813,0.125);
#510=VECTOR('',#1816,0.125);
#511=VECTOR('',#1819,0.125);
#512=VECTOR('',#1822,0.125);
#513=VECTOR('',#1827,0.125);
#514=VECTOR('',#1832,0.125);
#515=VECTOR('',#1835,0.125);
#516=VECTOR('',#1838,0.125);
#517=VECTOR('',#1841,0.125);
#518=VECTOR('',#1844,0.125);
#519=VECTOR('',#1847,0.125);
#520=VECTOR('',#1850,0.125);
#521=VECTOR('',#1855,0.0690000000000001);
#522=VECTOR('',#1860,0.0690000000000001);
#523=VECTOR('',#1863,0.0690000000000001);
#524=VECTOR('',#1866,0.0690000000000001);
#525=VECTOR('',#1869,0.0690000000000001);
#526=VECTOR('',#1872,0.0690000000000001);
#527=VECTOR('',#1875,0.0690000000000001);
#528=VECTOR('',#1878,0.0690000000000001);
#529=VECTOR('',#1883,0.0690000000000001);
#530=VECTOR('',#1888,0.0690000000000001);
#531=VECTOR('',#1891,0.0690000000000001);
#532=VECTOR('',#1894,0.0690000000000001);
#533=VECTOR('',#1897,0.0690000000000001);
#534=VECTOR('',#1900,0.0690000000000001);
#535=VECTOR('',#1903,0.0690000000000001);
#536=VECTOR('',#1906,0.0690000000000001);
#537=VECTOR('',#1911,0.110618721309636);
#538=VECTOR('',#1916,0.110618721309636);
#539=VECTOR('',#1919,0.110618721309636);
#540=VECTOR('',#1922,0.110618721309636);
#541=VECTOR('',#1925,0.110618721309636);
#542=VECTOR('',#1928,0.110618721309636);
#543=VECTOR('',#1933,0.110989480191192);
#544=VECTOR('',#1938,0.110989480191192);
#545=VECTOR('',#1941,0.110989480191192);
#546=VECTOR('',#1944,0.110989480191192);
#547=VECTOR('',#1947,0.110989480191192);
#548=VECTOR('',#1950,0.110989480191192);
#549=VECTOR('',#1955,0.108);
#550=VECTOR('',#1960,0.108);
#551=VECTOR('',#1963,0.108);
#552=VECTOR('',#1966,0.108);
#553=VECTOR('',#1969,0.108);
#554=VECTOR('',#1972,0.108);
#555=VECTOR('',#1977,0.108);
#556=VECTOR('',#1982,0.108);
#557=VECTOR('',#1985,0.108);
#558=VECTOR('',#1988,0.108);
#559=VECTOR('',#1991,0.108);
#560=VECTOR('',#1994,0.108);
#561=VECTOR('',#2009,0.155);
#562=VECTOR('',#2020,0.155);
#563=VECTOR('',#2031,0.155);
#564=VECTOR('',#2042,0.155);
#565=VECTOR('',#2053,0.0901387756906245);
#566=VECTOR('',#2058,0.0900000000000001);
#567=VECTOR('',#2063,0.0900000000000001);
#568=VECTOR('',#2068,0.0901388376506448);
#569=VECTOR('',#2071,0.393700787401575);
#570=VECTOR('',#2072,0.393700787401575);
#571=VECTOR('',#2073,0.393700787401575);
#572=VECTOR('',#2074,0.393700787401575);
#573=VECTOR('',#2077,0.393700787401575);
#574=VECTOR('',#2078,0.393700787401575);
#575=VECTOR('',#2079,0.393700787401575);
#576=VECTOR('',#2082,0.393700787401575);
#577=VECTOR('',#2083,0.393700787401575);
#578=VECTOR('',#2086,0.393700787401575);
#579=VECTOR('',#2087,0.393700787401575);
#580=VECTOR('',#2090,0.393700787401575);
#581=VERTEX_POINT('',#2103);
#582=VERTEX_POINT('',#2104);
#583=VERTEX_POINT('',#2106);
#584=VERTEX_POINT('',#2111);
#585=VERTEX_POINT('',#2127);
#586=VERTEX_POINT('',#2128);
#587=VERTEX_POINT('',#2175);
#588=VERTEX_POINT('',#2176);
#589=VERTEX_POINT('',#2226);
#590=VERTEX_POINT('',#2227);
#591=VERTEX_POINT('',#2277);
#592=VERTEX_POINT('',#2278);
#593=VERTEX_POINT('',#2325);
#594=VERTEX_POINT('',#2326);
#595=VERTEX_POINT('',#2376);
#596=VERTEX_POINT('',#2377);
#597=VERTEX_POINT('',#2424);
#598=VERTEX_POINT('',#2425);
#599=VERTEX_POINT('',#2427);
#600=VERTEX_POINT('',#2441);
#601=VERTEX_POINT('',#2466);
#602=VERTEX_POINT('',#2467);
#603=VERTEX_POINT('',#2469);
#604=VERTEX_POINT('',#2474);
#605=VERTEX_POINT('',#2490);
#606=VERTEX_POINT('',#2491);
#607=VERTEX_POINT('',#2538);
#608=VERTEX_POINT('',#2539);
#609=VERTEX_POINT('',#2589);
#610=VERTEX_POINT('',#2590);
#611=VERTEX_POINT('',#2640);
#612=VERTEX_POINT('',#2641);
#613=VERTEX_POINT('',#2688);
#614=VERTEX_POINT('',#2689);
#615=VERTEX_POINT('',#2739);
#616=VERTEX_POINT('',#2740);
#617=VERTEX_POINT('',#2787);
#618=VERTEX_POINT('',#2788);
#619=VERTEX_POINT('',#2790);
#620=VERTEX_POINT('',#2804);
#621=VERTEX_POINT('',#2829);
#622=VERTEX_POINT('',#2830);
#623=VERTEX_POINT('',#2832);
#624=VERTEX_POINT('',#2841);
#625=VERTEX_POINT('',#2853);
#626=VERTEX_POINT('',#2854);
#627=VERTEX_POINT('',#2878);
#628=VERTEX_POINT('',#2879);
#629=VERTEX_POINT('',#2902);
#630=VERTEX_POINT('',#2903);
#631=VERTEX_POINT('',#2927);
#632=VERTEX_POINT('',#2928);
#633=VERTEX_POINT('',#2952);
#634=VERTEX_POINT('',#2953);
#635=VERTEX_POINT('',#2976);
#636=VERTEX_POINT('',#2977);
#637=VERTEX_POINT('',#3000);
#638=VERTEX_POINT('',#3001);
#639=VERTEX_POINT('',#3003);
#640=VERTEX_POINT('',#3009);
#641=VERTEX_POINT('',#3018);
#642=VERTEX_POINT('',#3019);
#643=VERTEX_POINT('',#3021);
#644=VERTEX_POINT('',#3030);
#645=VERTEX_POINT('',#3042);
#646=VERTEX_POINT('',#3043);
#647=VERTEX_POINT('',#3067);
#648=VERTEX_POINT('',#3068);
#649=VERTEX_POINT('',#3091);
#650=VERTEX_POINT('',#3092);
#651=VERTEX_POINT('',#3116);
#652=VERTEX_POINT('',#3117);
#653=VERTEX_POINT('',#3141);
#654=VERTEX_POINT('',#3142);
#655=VERTEX_POINT('',#3165);
#656=VERTEX_POINT('',#3166);
#657=VERTEX_POINT('',#3189);
#658=VERTEX_POINT('',#3190);
#659=VERTEX_POINT('',#3192);
#660=VERTEX_POINT('',#3198);
#661=VERTEX_POINT('',#3207);
#662=VERTEX_POINT('',#3208);
#663=VERTEX_POINT('',#3210);
#664=VERTEX_POINT('',#3215);
#665=VERTEX_POINT('',#3231);
#666=VERTEX_POINT('',#3232);
#667=VERTEX_POINT('',#3282);
#668=VERTEX_POINT('',#3283);
#669=VERTEX_POINT('',#3333);
#670=VERTEX_POINT('',#3334);
#671=VERTEX_POINT('',#3381);
#672=VERTEX_POINT('',#3382);
#673=VERTEX_POINT('',#3432);
#674=VERTEX_POINT('',#3433);
#675=VERTEX_POINT('',#3435);
#676=VERTEX_POINT('',#3449);
#677=VERTEX_POINT('',#3474);
#678=VERTEX_POINT('',#3475);
#679=VERTEX_POINT('',#3477);
#680=VERTEX_POINT('',#3482);
#681=VERTEX_POINT('',#3498);
#682=VERTEX_POINT('',#3499);
#683=VERTEX_POINT('',#3549);
#684=VERTEX_POINT('',#3550);
#685=VERTEX_POINT('',#3600);
#686=VERTEX_POINT('',#3601);
#687=VERTEX_POINT('',#3648);
#688=VERTEX_POINT('',#3649);
#689=VERTEX_POINT('',#3699);
#690=VERTEX_POINT('',#3700);
#691=VERTEX_POINT('',#3702);
#692=VERTEX_POINT('',#3716);
#693=VERTEX_POINT('',#3741);
#694=VERTEX_POINT('',#3742);
#695=VERTEX_POINT('',#3744);
#696=VERTEX_POINT('',#3753);
#697=VERTEX_POINT('',#3766);
#698=VERTEX_POINT('',#3767);
#699=VERTEX_POINT('',#3790);
#700=VERTEX_POINT('',#3791);
#701=VERTEX_POINT('',#3815);
#702=VERTEX_POINT('',#3816);
#703=VERTEX_POINT('',#3840);
#704=VERTEX_POINT('',#3841);
#705=VERTEX_POINT('',#3864);
#706=VERTEX_POINT('',#3865);
#707=VERTEX_POINT('',#3867);
#708=VERTEX_POINT('',#3873);
#709=VERTEX_POINT('',#3882);
#710=VERTEX_POINT('',#3883);
#711=VERTEX_POINT('',#3885);
#712=VERTEX_POINT('',#3894);
#713=VERTEX_POINT('',#3907);
#714=VERTEX_POINT('',#3908);
#715=VERTEX_POINT('',#3931);
#716=VERTEX_POINT('',#3932);
#717=VERTEX_POINT('',#3956);
#718=VERTEX_POINT('',#3957);
#719=VERTEX_POINT('',#3981);
#720=VERTEX_POINT('',#3982);
#721=VERTEX_POINT('',#4005);
#722=VERTEX_POINT('',#4006);
#723=VERTEX_POINT('',#4008);
#724=VERTEX_POINT('',#4014);
#725=VERTEX_POINT('',#5147);
#726=VERTEX_POINT('',#5149);
#727=VERTEX_POINT('',#5153);
#728=VERTEX_POINT('',#5156);
#729=VERTEX_POINT('',#5158);
#730=VERTEX_POINT('',#5162);
#731=VERTEX_POINT('',#5165);
#732=VERTEX_POINT('',#5167);
#733=VERTEX_POINT('',#5171);
#734=VERTEX_POINT('',#5174);
#735=VERTEX_POINT('',#5176);
#736=VERTEX_POINT('',#5180);
#737=VERTEX_POINT('',#5183);
#738=VERTEX_POINT('',#5187);
#739=VERTEX_POINT('',#5191);
#740=VERTEX_POINT('',#5195);
#741=VERTEX_POINT('',#5199);
#742=VERTEX_POINT('',#5200);
#743=VERTEX_POINT('',#5202);
#744=VERTEX_POINT('',#5204);
#745=VERTEX_POINT('',#5208);
#746=VERTEX_POINT('',#5210);
#747=VERTEX_POINT('',#5350);
#748=VERTEX_POINT('',#5354);
#749=EDGE_CURVE('',#581,#582,#429,.T.);
#750=EDGE_CURVE('',#582,#583,#285,.T.);
#751=EDGE_CURVE('',#584,#583,#253,.F.);
#752=EDGE_CURVE('',#584,#581,#286,.T.);
#753=EDGE_CURVE('',#585,#586,#430,.T.);
#754=EDGE_CURVE('',#586,#582,#287,.T.);
#755=EDGE_CURVE('',#581,#585,#288,.T.);
#756=EDGE_CURVE('',#587,#588,#431,.T.);
#757=EDGE_CURVE('',#588,#586,#289,.T.);
#758=EDGE_CURVE('',#585,#587,#290,.T.);
#759=EDGE_CURVE('',#589,#590,#432,.T.);
#760=EDGE_CURVE('',#590,#588,#291,.T.);
#761=EDGE_CURVE('',#587,#589,#292,.T.);
#762=EDGE_CURVE('',#591,#592,#433,.T.);
#763=EDGE_CURVE('',#592,#590,#293,.T.);
#764=EDGE_CURVE('',#589,#591,#294,.T.);
#765=EDGE_CURVE('',#593,#594,#434,.T.);
#766=EDGE_CURVE('',#594,#592,#295,.T.);
#767=EDGE_CURVE('',#591,#593,#296,.T.);
#768=EDGE_CURVE('',#595,#596,#435,.T.);
#769=EDGE_CURVE('',#596,#594,#297,.T.);
#770=EDGE_CURVE('',#593,#595,#298,.T.);
#771=EDGE_CURVE('',#597,#598,#436,.T.);
#772=EDGE_CURVE('',#597,#599,#299,.T.);
#773=EDGE_CURVE('',#600,#599,#254,.T.);
#774=EDGE_CURVE('',#600,#598,#300,.T.);
#775=EDGE_CURVE('',#601,#602,#437,.T.);
#776=EDGE_CURVE('',#602,#603,#301,.T.);
#777=EDGE_CURVE('',#604,#603,#255,.F.);
#778=EDGE_CURVE('',#604,#601,#302,.T.);
#779=EDGE_CURVE('',#605,#606,#438,.T.);
#780=EDGE_CURVE('',#606,#602,#303,.T.);
#781=EDGE_CURVE('',#601,#605,#304,.T.);
#782=EDGE_CURVE('',#607,#608,#439,.T.);
#783=EDGE_CURVE('',#608,#606,#305,.T.);
#784=EDGE_CURVE('',#605,#607,#306,.T.);
#785=EDGE_CURVE('',#609,#610,#440,.T.);
#786=EDGE_CURVE('',#610,#608,#307,.T.);
#787=EDGE_CURVE('',#607,#609,#308,.T.);
#788=EDGE_CURVE('',#611,#612,#441,.T.);
#789=EDGE_CURVE('',#612,#610,#309,.T.);
#790=EDGE_CURVE('',#609,#611,#310,.T.);
#791=EDGE_CURVE('',#613,#614,#442,.T.);
#792=EDGE_CURVE('',#614,#612,#311,.T.);
#793=EDGE_CURVE('',#611,#613,#312,.T.);
#794=EDGE_CURVE('',#615,#616,#443,.T.);
#795=EDGE_CURVE('',#616,#614,#313,.T.);
#796=EDGE_CURVE('',#613,#615,#314,.T.);
#797=EDGE_CURVE('',#617,#618,#444,.T.);
#798=EDGE_CURVE('',#617,#619,#315,.T.);
#799=EDGE_CURVE('',#620,#619,#256,.T.);
#800=EDGE_CURVE('',#620,#618,#316,.T.);
#801=EDGE_CURVE('',#621,#622,#445,.T.);
#802=EDGE_CURVE('',#622,#623,#317,.T.);
#803=EDGE_CURVE('',#624,#623,#257,.T.);
#804=EDGE_CURVE('',#621,#624,#318,.T.);
#805=EDGE_CURVE('',#625,#626,#446,.T.);
#806=EDGE_CURVE('',#626,#622,#319,.T.);
#807=EDGE_CURVE('',#625,#621,#320,.T.);
#808=EDGE_CURVE('',#627,#628,#447,.T.);
#809=EDGE_CURVE('',#628,#626,#321,.T.);
#810=EDGE_CURVE('',#627,#625,#322,.T.);
#811=EDGE_CURVE('',#629,#630,#448,.T.);
#812=EDGE_CURVE('',#630,#628,#323,.T.);
#813=EDGE_CURVE('',#629,#627,#324,.T.);
#814=EDGE_CURVE('',#631,#632,#449,.T.);
#815=EDGE_CURVE('',#632,#630,#325,.T.);
#816=EDGE_CURVE('',#631,#629,#326,.T.);
#817=EDGE_CURVE('',#633,#634,#450,.T.);
#818=EDGE_CURVE('',#634,#632,#327,.T.);
#819=EDGE_CURVE('',#633,#631,#328,.T.);
#820=EDGE_CURVE('',#635,#636,#451,.T.);
#821=EDGE_CURVE('',#636,#634,#329,.T.);
#822=EDGE_CURVE('',#635,#633,#330,.T.);
#823=EDGE_CURVE('',#637,#638,#452,.T.);
#824=EDGE_CURVE('',#639,#637,#331,.T.);
#825=EDGE_CURVE('',#640,#639,#258,.T.);
#826=EDGE_CURVE('',#640,#638,#332,.T.);
#827=EDGE_CURVE('',#641,#642,#453,.T.);
#828=EDGE_CURVE('',#642,#643,#333,.T.);
#829=EDGE_CURVE('',#644,#643,#259,.T.);
#830=EDGE_CURVE('',#641,#644,#334,.T.);
#831=EDGE_CURVE('',#645,#646,#454,.T.);
#832=EDGE_CURVE('',#646,#642,#335,.T.);
#833=EDGE_CURVE('',#645,#641,#336,.T.);
#834=EDGE_CURVE('',#647,#648,#455,.T.);
#835=EDGE_CURVE('',#648,#646,#337,.T.);
#836=EDGE_CURVE('',#647,#645,#338,.T.);
#837=EDGE_CURVE('',#649,#650,#456,.T.);
#838=EDGE_CURVE('',#650,#648,#339,.T.);
#839=EDGE_CURVE('',#649,#647,#340,.T.);
#840=EDGE_CURVE('',#651,#652,#457,.T.);
#841=EDGE_CURVE('',#652,#650,#341,.T.);
#842=EDGE_CURVE('',#651,#649,#342,.T.);
#843=EDGE_CURVE('',#653,#654,#458,.T.);
#844=EDGE_CURVE('',#654,#652,#343,.T.);
#845=EDGE_CURVE('',#653,#651,#344,.T.);
#846=EDGE_CURVE('',#655,#656,#459,.T.);
#847=EDGE_CURVE('',#656,#654,#345,.T.);
#848=EDGE_CURVE('',#655,#653,#346,.T.);
#849=EDGE_CURVE('',#657,#658,#460,.T.);
#850=EDGE_CURVE('',#659,#657,#347,.T.);
#851=EDGE_CURVE('',#660,#659,#260,.T.);
#852=EDGE_CURVE('',#660,#658,#348,.T.);
#853=EDGE_CURVE('',#661,#662,#461,.T.);
#854=EDGE_CURVE('',#662,#663,#349,.T.);
#855=EDGE_CURVE('',#664,#663,#261,.F.);
#856=EDGE_CURVE('',#664,#661,#350,.T.);
#857=EDGE_CURVE('',#665,#666,#462,.T.);
#858=EDGE_CURVE('',#666,#662,#351,.T.);
#859=EDGE_CURVE('',#661,#665,#352,.T.);
#860=EDGE_CURVE('',#667,#668,#463,.T.);
#861=EDGE_CURVE('',#668,#666,#353,.T.);
#862=EDGE_CURVE('',#665,#667,#354,.T.);
#863=EDGE_CURVE('',#669,#670,#464,.T.);
#864=EDGE_CURVE('',#670,#668,#355,.T.);
#865=EDGE_CURVE('',#667,#669,#356,.T.);
#866=EDGE_CURVE('',#671,#672,#465,.T.);
#867=EDGE_CURVE('',#672,#670,#357,.T.);
#868=EDGE_CURVE('',#669,#671,#358,.T.);
#869=EDGE_CURVE('',#673,#674,#466,.T.);
#870=EDGE_CURVE('',#673,#675,#359,.T.);
#871=EDGE_CURVE('',#676,#675,#262,.T.);
#872=EDGE_CURVE('',#676,#674,#360,.T.);
#873=EDGE_CURVE('',#677,#678,#467,.T.);
#874=EDGE_CURVE('',#678,#679,#361,.T.);
#875=EDGE_CURVE('',#680,#679,#263,.F.);
#876=EDGE_CURVE('',#680,#677,#362,.T.);
#877=EDGE_CURVE('',#681,#682,#468,.T.);
#878=EDGE_CURVE('',#682,#678,#363,.T.);
#879=EDGE_CURVE('',#677,#681,#364,.T.);
#880=EDGE_CURVE('',#683,#684,#469,.T.);
#881=EDGE_CURVE('',#684,#682,#365,.T.);
#882=EDGE_CURVE('',#681,#683,#366,.T.);
#883=EDGE_CURVE('',#685,#686,#470,.T.);
#884=EDGE_CURVE('',#686,#684,#367,.T.);
#885=EDGE_CURVE('',#683,#685,#368,.T.);
#886=EDGE_CURVE('',#687,#688,#471,.T.);
#887=EDGE_CURVE('',#688,#686,#369,.T.);
#888=EDGE_CURVE('',#685,#687,#370,.T.);
#889=EDGE_CURVE('',#689,#690,#472,.T.);
#890=EDGE_CURVE('',#689,#691,#371,.T.);
#891=EDGE_CURVE('',#692,#691,#264,.T.);
#892=EDGE_CURVE('',#692,#690,#372,.T.);
#893=EDGE_CURVE('',#693,#694,#473,.T.);
#894=EDGE_CURVE('',#694,#695,#373,.T.);
#895=EDGE_CURVE('',#696,#695,#265,.T.);
#896=EDGE_CURVE('',#693,#696,#374,.T.);
#897=EDGE_CURVE('',#697,#698,#474,.T.);
#898=EDGE_CURVE('',#698,#694,#375,.T.);
#899=EDGE_CURVE('',#697,#693,#376,.T.);
#900=EDGE_CURVE('',#699,#700,#475,.T.);
#901=EDGE_CURVE('',#700,#698,#377,.T.);
#902=EDGE_CURVE('',#699,#697,#378,.T.);
#903=EDGE_CURVE('',#701,#702,#476,.T.);
#904=EDGE_CURVE('',#702,#700,#379,.T.);
#905=EDGE_CURVE('',#701,#699,#380,.T.);
#906=EDGE_CURVE('',#703,#704,#477,.T.);
#907=EDGE_CURVE('',#704,#702,#381,.T.);
#908=EDGE_CURVE('',#703,#701,#382,.T.);
#909=EDGE_CURVE('',#705,#706,#478,.T.);
#910=EDGE_CURVE('',#707,#705,#383,.T.);
#911=EDGE_CURVE('',#708,#707,#266,.T.);
#912=EDGE_CURVE('',#708,#706,#384,.T.);
#913=EDGE_CURVE('',#709,#710,#479,.T.);
#914=EDGE_CURVE('',#710,#711,#385,.T.);
#915=EDGE_CURVE('',#712,#711,#267,.T.);
#916=EDGE_CURVE('',#709,#712,#386,.T.);
#917=EDGE_CURVE('',#713,#714,#480,.T.);
#918=EDGE_CURVE('',#714,#710,#387,.T.);
#919=EDGE_CURVE('',#713,#709,#388,.T.);
#920=EDGE_CURVE('',#715,#716,#481,.T.);
#921=EDGE_CURVE('',#716,#714,#389,.T.);
#922=EDGE_CURVE('',#715,#713,#390,.T.);
#923=EDGE_CURVE('',#717,#718,#482,.T.);
#924=EDGE_CURVE('',#718,#716,#391,.T.);
#925=EDGE_CURVE('',#717,#715,#392,.T.);
#926=EDGE_CURVE('',#719,#720,#483,.T.);
#927=EDGE_CURVE('',#720,#718,#393,.T.);
#928=EDGE_CURVE('',#719,#717,#394,.T.);
#929=EDGE_CURVE('',#721,#722,#484,.T.);
#930=EDGE_CURVE('',#723,#721,#395,.T.);
#931=EDGE_CURVE('',#724,#723,#268,.T.);
#932=EDGE_CURVE('',#724,#722,#396,.T.);
#933=EDGE_CURVE('',#722,#720,#397,.T.);
#934=EDGE_CURVE('',#721,#719,#398,.T.);
#935=EDGE_CURVE('',#711,#680,#399,.T.);
#936=EDGE_CURVE('',#691,#724,#400,.T.);
#937=EDGE_CURVE('',#687,#689,#401,.T.);
#938=EDGE_CURVE('',#679,#712,#402,.T.);
#939=EDGE_CURVE('',#690,#688,#403,.T.);
#940=EDGE_CURVE('',#723,#692,#404,.T.);
#941=EDGE_CURVE('',#706,#704,#405,.T.);
#942=EDGE_CURVE('',#705,#703,#406,.T.);
#943=EDGE_CURVE('',#695,#664,#407,.T.);
#944=EDGE_CURVE('',#675,#708,#408,.T.);
#945=EDGE_CURVE('',#671,#673,#409,.T.);
#946=EDGE_CURVE('',#663,#696,#410,.T.);
#947=EDGE_CURVE('',#674,#672,#411,.T.);
#948=EDGE_CURVE('',#707,#676,#412,.T.);
#949=EDGE_CURVE('',#725,#725,#269,.T.);
#950=EDGE_CURVE('',#725,#726,#485,.T.);
#951=EDGE_CURVE('',#726,#726,#270,.T.);
#952=EDGE_CURVE('',#727,#727,#271,.T.);
#953=EDGE_CURVE('',#728,#728,#272,.T.);
#954=EDGE_CURVE('',#728,#729,#486,.T.);
#955=EDGE_CURVE('',#729,#729,#273,.T.);
#956=EDGE_CURVE('',#730,#730,#274,.T.);
#957=EDGE_CURVE('',#731,#731,#275,.T.);
#958=EDGE_CURVE('',#731,#732,#487,.T.);
#959=EDGE_CURVE('',#732,#732,#276,.T.);
#960=EDGE_CURVE('',#733,#733,#277,.T.);
#961=EDGE_CURVE('',#734,#734,#278,.T.);
#962=EDGE_CURVE('',#734,#735,#488,.T.);
#963=EDGE_CURVE('',#735,#735,#279,.T.);
#964=EDGE_CURVE('',#736,#736,#280,.T.);
#965=EDGE_CURVE('',#737,#737,#281,.T.);
#966=EDGE_CURVE('',#737,#727,#489,.T.);
#967=EDGE_CURVE('',#738,#738,#282,.T.);
#968=EDGE_CURVE('',#738,#736,#490,.T.);
#969=EDGE_CURVE('',#739,#739,#283,.T.);
#970=EDGE_CURVE('',#739,#733,#491,.T.);
#971=EDGE_CURVE('',#740,#740,#284,.T.);
#972=EDGE_CURVE('',#740,#730,#492,.T.);
#973=EDGE_CURVE('',#741,#742,#493,.T.);
#974=EDGE_CURVE('',#743,#741,#494,.T.);
#975=EDGE_CURVE('',#744,#743,#495,.T.);
#976=EDGE_CURVE('',#742,#744,#496,.T.);
#977=EDGE_CURVE('',#745,#742,#497,.T.);
#978=EDGE_CURVE('',#745,#746,#498,.T.);
#979=EDGE_CURVE('',#741,#746,#499,.T.);
#980=EDGE_CURVE('',#623,#584,#413,.T.);
#981=EDGE_CURVE('',#583,#624,#414,.T.);
#982=EDGE_CURVE('',#643,#604,#415,.T.);
#983=EDGE_CURVE('',#603,#644,#416,.T.);
#984=EDGE_CURVE('',#744,#747,#500,.T.);
#985=EDGE_CURVE('',#747,#745,#501,.T.);
#986=EDGE_CURVE('',#746,#748,#502,.T.);
#987=EDGE_CURVE('',#748,#743,#503,.T.);
#988=EDGE_CURVE('',#748,#747,#504,.T.);
#989=EDGE_CURVE('',#619,#660,#417,.T.);
#990=EDGE_CURVE('',#659,#620,#418,.T.);
#991=EDGE_CURVE('',#599,#640,#419,.T.);
#992=EDGE_CURVE('',#639,#600,#420,.T.);
#993=EDGE_CURVE('',#658,#656,#421,.T.);
#994=EDGE_CURVE('',#657,#655,#422,.T.);
#995=EDGE_CURVE('',#615,#617,#423,.T.);
#996=EDGE_CURVE('',#618,#616,#424,.T.);
#997=EDGE_CURVE('',#638,#636,#425,.T.);
#998=EDGE_CURVE('',#637,#635,#426,.T.);
#999=EDGE_CURVE('',#595,#597,#427,.T.);
#1000=EDGE_CURVE('',#598,#596,#428,.T.);
#1001=ORIENTED_EDGE('',*,*,#749,.T.);
#1002=ORIENTED_EDGE('',*,*,#750,.T.);
#1003=ORIENTED_EDGE('',*,*,#751,.F.);
#1004=ORIENTED_EDGE('',*,*,#752,.T.);
#1005=ORIENTED_EDGE('',*,*,#753,.T.);
#1006=ORIENTED_EDGE('',*,*,#754,.T.);
#1007=ORIENTED_EDGE('',*,*,#749,.F.);
#1008=ORIENTED_EDGE('',*,*,#755,.T.);
#1009=ORIENTED_EDGE('',*,*,#756,.T.);
#1010=ORIENTED_EDGE('',*,*,#757,.T.);
#1011=ORIENTED_EDGE('',*,*,#753,.F.);
#1012=ORIENTED_EDGE('',*,*,#758,.T.);
#1013=ORIENTED_EDGE('',*,*,#759,.T.);
#1014=ORIENTED_EDGE('',*,*,#760,.T.);
#1015=ORIENTED_EDGE('',*,*,#756,.F.);
#1016=ORIENTED_EDGE('',*,*,#761,.T.);
#1017=ORIENTED_EDGE('',*,*,#762,.T.);
#1018=ORIENTED_EDGE('',*,*,#763,.T.);
#1019=ORIENTED_EDGE('',*,*,#759,.F.);
#1020=ORIENTED_EDGE('',*,*,#764,.T.);
#1021=ORIENTED_EDGE('',*,*,#765,.T.);
#1022=ORIENTED_EDGE('',*,*,#766,.T.);
#1023=ORIENTED_EDGE('',*,*,#762,.F.);
#1024=ORIENTED_EDGE('',*,*,#767,.T.);
#1025=ORIENTED_EDGE('',*,*,#768,.T.);
#1026=ORIENTED_EDGE('',*,*,#769,.T.);
#1027=ORIENTED_EDGE('',*,*,#765,.F.);
#1028=ORIENTED_EDGE('',*,*,#770,.T.);
#1029=ORIENTED_EDGE('',*,*,#771,.F.);
#1030=ORIENTED_EDGE('',*,*,#772,.T.);
#1031=ORIENTED_EDGE('',*,*,#773,.F.);
#1032=ORIENTED_EDGE('',*,*,#774,.T.);
#1033=ORIENTED_EDGE('',*,*,#775,.T.);
#1034=ORIENTED_EDGE('',*,*,#776,.T.);
#1035=ORIENTED_EDGE('',*,*,#777,.F.);
#1036=ORIENTED_EDGE('',*,*,#778,.T.);
#1037=ORIENTED_EDGE('',*,*,#779,.T.);
#1038=ORIENTED_EDGE('',*,*,#780,.T.);
#1039=ORIENTED_EDGE('',*,*,#775,.F.);
#1040=ORIENTED_EDGE('',*,*,#781,.T.);
#1041=ORIENTED_EDGE('',*,*,#782,.T.);
#1042=ORIENTED_EDGE('',*,*,#783,.T.);
#1043=ORIENTED_EDGE('',*,*,#779,.F.);
#1044=ORIENTED_EDGE('',*,*,#784,.T.);
#1045=ORIENTED_EDGE('',*,*,#785,.T.);
#1046=ORIENTED_EDGE('',*,*,#786,.T.);
#1047=ORIENTED_EDGE('',*,*,#782,.F.);
#1048=ORIENTED_EDGE('',*,*,#787,.T.);
#1049=ORIENTED_EDGE('',*,*,#788,.T.);
#1050=ORIENTED_EDGE('',*,*,#789,.T.);
#1051=ORIENTED_EDGE('',*,*,#785,.F.);
#1052=ORIENTED_EDGE('',*,*,#790,.T.);
#1053=ORIENTED_EDGE('',*,*,#791,.T.);
#1054=ORIENTED_EDGE('',*,*,#792,.T.);
#1055=ORIENTED_EDGE('',*,*,#788,.F.);
#1056=ORIENTED_EDGE('',*,*,#793,.T.);
#1057=ORIENTED_EDGE('',*,*,#794,.T.);
#1058=ORIENTED_EDGE('',*,*,#795,.T.);
#1059=ORIENTED_EDGE('',*,*,#791,.F.);
#1060=ORIENTED_EDGE('',*,*,#796,.T.);
#1061=ORIENTED_EDGE('',*,*,#797,.F.);
#1062=ORIENTED_EDGE('',*,*,#798,.T.);
#1063=ORIENTED_EDGE('',*,*,#799,.F.);
#1064=ORIENTED_EDGE('',*,*,#800,.T.);
#1065=ORIENTED_EDGE('',*,*,#801,.T.);
#1066=ORIENTED_EDGE('',*,*,#802,.T.);
#1067=ORIENTED_EDGE('',*,*,#803,.F.);
#1068=ORIENTED_EDGE('',*,*,#804,.F.);
#1069=ORIENTED_EDGE('',*,*,#805,.T.);
#1070=ORIENTED_EDGE('',*,*,#806,.T.);
#1071=ORIENTED_EDGE('',*,*,#801,.F.);
#1072=ORIENTED_EDGE('',*,*,#807,.F.);
#1073=ORIENTED_EDGE('',*,*,#808,.T.);
#1074=ORIENTED_EDGE('',*,*,#809,.T.);
#1075=ORIENTED_EDGE('',*,*,#805,.F.);
#1076=ORIENTED_EDGE('',*,*,#810,.F.);
#1077=ORIENTED_EDGE('',*,*,#811,.T.);
#1078=ORIENTED_EDGE('',*,*,#812,.T.);
#1079=ORIENTED_EDGE('',*,*,#808,.F.);
#1080=ORIENTED_EDGE('',*,*,#813,.F.);
#1081=ORIENTED_EDGE('',*,*,#814,.T.);
#1082=ORIENTED_EDGE('',*,*,#815,.T.);
#1083=ORIENTED_EDGE('',*,*,#811,.F.);
#1084=ORIENTED_EDGE('',*,*,#816,.F.);
#1085=ORIENTED_EDGE('',*,*,#817,.T.);
#1086=ORIENTED_EDGE('',*,*,#818,.T.);
#1087=ORIENTED_EDGE('',*,*,#814,.F.);
#1088=ORIENTED_EDGE('',*,*,#819,.F.);
#1089=ORIENTED_EDGE('',*,*,#820,.T.);
#1090=ORIENTED_EDGE('',*,*,#821,.T.);
#1091=ORIENTED_EDGE('',*,*,#817,.F.);
#1092=ORIENTED_EDGE('',*,*,#822,.F.);
#1093=ORIENTED_EDGE('',*,*,#823,.F.);
#1094=ORIENTED_EDGE('',*,*,#824,.F.);
#1095=ORIENTED_EDGE('',*,*,#825,.F.);
#1096=ORIENTED_EDGE('',*,*,#826,.T.);
#1097=ORIENTED_EDGE('',*,*,#827,.T.);
#1098=ORIENTED_EDGE('',*,*,#828,.T.);
#1099=ORIENTED_EDGE('',*,*,#829,.F.);
#1100=ORIENTED_EDGE('',*,*,#830,.F.);
#1101=ORIENTED_EDGE('',*,*,#831,.T.);
#1102=ORIENTED_EDGE('',*,*,#832,.T.);
#1103=ORIENTED_EDGE('',*,*,#827,.F.);
#1104=ORIENTED_EDGE('',*,*,#833,.F.);
#1105=ORIENTED_EDGE('',*,*,#834,.T.);
#1106=ORIENTED_EDGE('',*,*,#835,.T.);
#1107=ORIENTED_EDGE('',*,*,#831,.F.);
#1108=ORIENTED_EDGE('',*,*,#836,.F.);
#1109=ORIENTED_EDGE('',*,*,#837,.T.);
#1110=ORIENTED_EDGE('',*,*,#838,.T.);
#1111=ORIENTED_EDGE('',*,*,#834,.F.);
#1112=ORIENTED_EDGE('',*,*,#839,.F.);
#1113=ORIENTED_EDGE('',*,*,#840,.T.);
#1114=ORIENTED_EDGE('',*,*,#841,.T.);
#1115=ORIENTED_EDGE('',*,*,#837,.F.);
#1116=ORIENTED_EDGE('',*,*,#842,.F.);
#1117=ORIENTED_EDGE('',*,*,#843,.T.);
#1118=ORIENTED_EDGE('',*,*,#844,.T.);
#1119=ORIENTED_EDGE('',*,*,#840,.F.);
#1120=ORIENTED_EDGE('',*,*,#845,.F.);
#1121=ORIENTED_EDGE('',*,*,#846,.T.);
#1122=ORIENTED_EDGE('',*,*,#847,.T.);
#1123=ORIENTED_EDGE('',*,*,#843,.F.);
#1124=ORIENTED_EDGE('',*,*,#848,.F.);
#1125=ORIENTED_EDGE('',*,*,#849,.F.);
#1126=ORIENTED_EDGE('',*,*,#850,.F.);
#1127=ORIENTED_EDGE('',*,*,#851,.F.);
#1128=ORIENTED_EDGE('',*,*,#852,.T.);
#1129=ORIENTED_EDGE('',*,*,#853,.T.);
#1130=ORIENTED_EDGE('',*,*,#854,.T.);
#1131=ORIENTED_EDGE('',*,*,#855,.F.);
#1132=ORIENTED_EDGE('',*,*,#856,.T.);
#1133=ORIENTED_EDGE('',*,*,#857,.T.);
#1134=ORIENTED_EDGE('',*,*,#858,.T.);
#1135=ORIENTED_EDGE('',*,*,#853,.F.);
#1136=ORIENTED_EDGE('',*,*,#859,.T.);
#1137=ORIENTED_EDGE('',*,*,#860,.T.);
#1138=ORIENTED_EDGE('',*,*,#861,.T.);
#1139=ORIENTED_EDGE('',*,*,#857,.F.);
#1140=ORIENTED_EDGE('',*,*,#862,.T.);
#1141=ORIENTED_EDGE('',*,*,#863,.T.);
#1142=ORIENTED_EDGE('',*,*,#864,.T.);
#1143=ORIENTED_EDGE('',*,*,#860,.F.);
#1144=ORIENTED_EDGE('',*,*,#865,.T.);
#1145=ORIENTED_EDGE('',*,*,#866,.T.);
#1146=ORIENTED_EDGE('',*,*,#867,.T.);
#1147=ORIENTED_EDGE('',*,*,#863,.F.);
#1148=ORIENTED_EDGE('',*,*,#868,.T.);
#1149=ORIENTED_EDGE('',*,*,#869,.F.);
#1150=ORIENTED_EDGE('',*,*,#870,.T.);
#1151=ORIENTED_EDGE('',*,*,#871,.F.);
#1152=ORIENTED_EDGE('',*,*,#872,.T.);
#1153=ORIENTED_EDGE('',*,*,#873,.T.);
#1154=ORIENTED_EDGE('',*,*,#874,.T.);
#1155=ORIENTED_EDGE('',*,*,#875,.F.);
#1156=ORIENTED_EDGE('',*,*,#876,.T.);
#1157=ORIENTED_EDGE('',*,*,#877,.T.);
#1158=ORIENTED_EDGE('',*,*,#878,.T.);
#1159=ORIENTED_EDGE('',*,*,#873,.F.);
#1160=ORIENTED_EDGE('',*,*,#879,.T.);
#1161=ORIENTED_EDGE('',*,*,#880,.T.);
#1162=ORIENTED_EDGE('',*,*,#881,.T.);
#1163=ORIENTED_EDGE('',*,*,#877,.F.);
#1164=ORIENTED_EDGE('',*,*,#882,.T.);
#1165=ORIENTED_EDGE('',*,*,#883,.T.);
#1166=ORIENTED_EDGE('',*,*,#884,.T.);
#1167=ORIENTED_EDGE('',*,*,#880,.F.);
#1168=ORIENTED_EDGE('',*,*,#885,.T.);
#1169=ORIENTED_EDGE('',*,*,#886,.T.);
#1170=ORIENTED_EDGE('',*,*,#887,.T.);
#1171=ORIENTED_EDGE('',*,*,#883,.F.);
#1172=ORIENTED_EDGE('',*,*,#888,.T.);
#1173=ORIENTED_EDGE('',*,*,#889,.F.);
#1174=ORIENTED_EDGE('',*,*,#890,.T.);
#1175=ORIENTED_EDGE('',*,*,#891,.F.);
#1176=ORIENTED_EDGE('',*,*,#892,.T.);
#1177=ORIENTED_EDGE('',*,*,#893,.T.);
#1178=ORIENTED_EDGE('',*,*,#894,.T.);
#1179=ORIENTED_EDGE('',*,*,#895,.F.);
#1180=ORIENTED_EDGE('',*,*,#896,.F.);
#1181=ORIENTED_EDGE('',*,*,#897,.T.);
#1182=ORIENTED_EDGE('',*,*,#898,.T.);
#1183=ORIENTED_EDGE('',*,*,#893,.F.);
#1184=ORIENTED_EDGE('',*,*,#899,.F.);
#1185=ORIENTED_EDGE('',*,*,#900,.T.);
#1186=ORIENTED_EDGE('',*,*,#901,.T.);
#1187=ORIENTED_EDGE('',*,*,#897,.F.);
#1188=ORIENTED_EDGE('',*,*,#902,.F.);
#1189=ORIENTED_EDGE('',*,*,#903,.T.);
#1190=ORIENTED_EDGE('',*,*,#904,.T.);
#1191=ORIENTED_EDGE('',*,*,#900,.F.);
#1192=ORIENTED_EDGE('',*,*,#905,.F.);
#1193=ORIENTED_EDGE('',*,*,#906,.T.);
#1194=ORIENTED_EDGE('',*,*,#907,.T.);
#1195=ORIENTED_EDGE('',*,*,#903,.F.);
#1196=ORIENTED_EDGE('',*,*,#908,.F.);
#1197=ORIENTED_EDGE('',*,*,#909,.F.);
#1198=ORIENTED_EDGE('',*,*,#910,.F.);
#1199=ORIENTED_EDGE('',*,*,#911,.F.);
#1200=ORIENTED_EDGE('',*,*,#912,.T.);
#1201=ORIENTED_EDGE('',*,*,#913,.T.);
#1202=ORIENTED_EDGE('',*,*,#914,.T.);
#1203=ORIENTED_EDGE('',*,*,#915,.F.);
#1204=ORIENTED_EDGE('',*,*,#916,.F.);
#1205=ORIENTED_EDGE('',*,*,#917,.T.);
#1206=ORIENTED_EDGE('',*,*,#918,.T.);
#1207=ORIENTED_EDGE('',*,*,#913,.F.);
#1208=ORIENTED_EDGE('',*,*,#919,.F.);
#1209=ORIENTED_EDGE('',*,*,#920,.T.);
#1210=ORIENTED_EDGE('',*,*,#921,.T.);
#1211=ORIENTED_EDGE('',*,*,#917,.F.);
#1212=ORIENTED_EDGE('',*,*,#922,.F.);
#1213=ORIENTED_EDGE('',*,*,#923,.T.);
#1214=ORIENTED_EDGE('',*,*,#924,.T.);
#1215=ORIENTED_EDGE('',*,*,#920,.F.);
#1216=ORIENTED_EDGE('',*,*,#925,.F.);
#1217=ORIENTED_EDGE('',*,*,#926,.T.);
#1218=ORIENTED_EDGE('',*,*,#927,.T.);
#1219=ORIENTED_EDGE('',*,*,#923,.F.);
#1220=ORIENTED_EDGE('',*,*,#928,.F.);
#1221=ORIENTED_EDGE('',*,*,#929,.F.);
#1222=ORIENTED_EDGE('',*,*,#930,.F.);
#1223=ORIENTED_EDGE('',*,*,#931,.F.);
#1224=ORIENTED_EDGE('',*,*,#932,.T.);
#1225=ORIENTED_EDGE('',*,*,#929,.T.);
#1226=ORIENTED_EDGE('',*,*,#933,.T.);
#1227=ORIENTED_EDGE('',*,*,#926,.F.);
#1228=ORIENTED_EDGE('',*,*,#934,.F.);
#1229=ORIENTED_EDGE('',*,*,#935,.F.);
#1230=ORIENTED_EDGE('',*,*,#914,.F.);
#1231=ORIENTED_EDGE('',*,*,#918,.F.);
#1232=ORIENTED_EDGE('',*,*,#921,.F.);
#1233=ORIENTED_EDGE('',*,*,#924,.F.);
#1234=ORIENTED_EDGE('',*,*,#927,.F.);
#1235=ORIENTED_EDGE('',*,*,#933,.F.);
#1236=ORIENTED_EDGE('',*,*,#932,.F.);
#1237=ORIENTED_EDGE('',*,*,#936,.F.);
#1238=ORIENTED_EDGE('',*,*,#890,.F.);
#1239=ORIENTED_EDGE('',*,*,#937,.F.);
#1240=ORIENTED_EDGE('',*,*,#888,.F.);
#1241=ORIENTED_EDGE('',*,*,#885,.F.);
#1242=ORIENTED_EDGE('',*,*,#882,.F.);
#1243=ORIENTED_EDGE('',*,*,#879,.F.);
#1244=ORIENTED_EDGE('',*,*,#876,.F.);
#1245=ORIENTED_EDGE('',*,*,#938,.F.);
#1246=ORIENTED_EDGE('',*,*,#874,.F.);
#1247=ORIENTED_EDGE('',*,*,#878,.F.);
#1248=ORIENTED_EDGE('',*,*,#881,.F.);
#1249=ORIENTED_EDGE('',*,*,#884,.F.);
#1250=ORIENTED_EDGE('',*,*,#887,.F.);
#1251=ORIENTED_EDGE('',*,*,#939,.F.);
#1252=ORIENTED_EDGE('',*,*,#892,.F.);
#1253=ORIENTED_EDGE('',*,*,#940,.F.);
#1254=ORIENTED_EDGE('',*,*,#930,.T.);
#1255=ORIENTED_EDGE('',*,*,#934,.T.);
#1256=ORIENTED_EDGE('',*,*,#928,.T.);
#1257=ORIENTED_EDGE('',*,*,#925,.T.);
#1258=ORIENTED_EDGE('',*,*,#922,.T.);
#1259=ORIENTED_EDGE('',*,*,#919,.T.);
#1260=ORIENTED_EDGE('',*,*,#916,.T.);
#1261=ORIENTED_EDGE('',*,*,#909,.T.);
#1262=ORIENTED_EDGE('',*,*,#941,.T.);
#1263=ORIENTED_EDGE('',*,*,#906,.F.);
#1264=ORIENTED_EDGE('',*,*,#942,.F.);
#1265=ORIENTED_EDGE('',*,*,#943,.F.);
#1266=ORIENTED_EDGE('',*,*,#894,.F.);
#1267=ORIENTED_EDGE('',*,*,#898,.F.);
#1268=ORIENTED_EDGE('',*,*,#901,.F.);
#1269=ORIENTED_EDGE('',*,*,#904,.F.);
#1270=ORIENTED_EDGE('',*,*,#907,.F.);
#1271=ORIENTED_EDGE('',*,*,#941,.F.);
#1272=ORIENTED_EDGE('',*,*,#912,.F.);
#1273=ORIENTED_EDGE('',*,*,#944,.F.);
#1274=ORIENTED_EDGE('',*,*,#870,.F.);
#1275=ORIENTED_EDGE('',*,*,#945,.F.);
#1276=ORIENTED_EDGE('',*,*,#868,.F.);
#1277=ORIENTED_EDGE('',*,*,#865,.F.);
#1278=ORIENTED_EDGE('',*,*,#862,.F.);
#1279=ORIENTED_EDGE('',*,*,#859,.F.);
#1280=ORIENTED_EDGE('',*,*,#856,.F.);
#1281=ORIENTED_EDGE('',*,*,#946,.F.);
#1282=ORIENTED_EDGE('',*,*,#854,.F.);
#1283=ORIENTED_EDGE('',*,*,#858,.F.);
#1284=ORIENTED_EDGE('',*,*,#861,.F.);
#1285=ORIENTED_EDGE('',*,*,#864,.F.);
#1286=ORIENTED_EDGE('',*,*,#867,.F.);
#1287=ORIENTED_EDGE('',*,*,#947,.F.);
#1288=ORIENTED_EDGE('',*,*,#872,.F.);
#1289=ORIENTED_EDGE('',*,*,#948,.F.);
#1290=ORIENTED_EDGE('',*,*,#910,.T.);
#1291=ORIENTED_EDGE('',*,*,#942,.T.);
#1292=ORIENTED_EDGE('',*,*,#908,.T.);
#1293=ORIENTED_EDGE('',*,*,#905,.T.);
#1294=ORIENTED_EDGE('',*,*,#902,.T.);
#1295=ORIENTED_EDGE('',*,*,#899,.T.);
#1296=ORIENTED_EDGE('',*,*,#896,.T.);
#1297=ORIENTED_EDGE('',*,*,#889,.T.);
#1298=ORIENTED_EDGE('',*,*,#939,.T.);
#1299=ORIENTED_EDGE('',*,*,#886,.F.);
#1300=ORIENTED_EDGE('',*,*,#937,.T.);
#1301=ORIENTED_EDGE('',*,*,#869,.T.);
#1302=ORIENTED_EDGE('',*,*,#947,.T.);
#1303=ORIENTED_EDGE('',*,*,#866,.F.);
#1304=ORIENTED_EDGE('',*,*,#945,.T.);
#1305=ORIENTED_EDGE('',*,*,#949,.F.);
#1306=ORIENTED_EDGE('',*,*,#950,.T.);
#1307=ORIENTED_EDGE('',*,*,#951,.T.);
#1308=ORIENTED_EDGE('',*,*,#950,.F.);
#1309=ORIENTED_EDGE('',*,*,#951,.F.);
#1310=ORIENTED_EDGE('',*,*,#952,.F.);
#1311=ORIENTED_EDGE('',*,*,#953,.F.);
#1312=ORIENTED_EDGE('',*,*,#954,.T.);
#1313=ORIENTED_EDGE('',*,*,#955,.T.);
#1314=ORIENTED_EDGE('',*,*,#954,.F.);
#1315=ORIENTED_EDGE('',*,*,#955,.F.);
#1316=ORIENTED_EDGE('',*,*,#956,.F.);
#1317=ORIENTED_EDGE('',*,*,#957,.F.);
#1318=ORIENTED_EDGE('',*,*,#958,.T.);
#1319=ORIENTED_EDGE('',*,*,#959,.T.);
#1320=ORIENTED_EDGE('',*,*,#958,.F.);
#1321=ORIENTED_EDGE('',*,*,#959,.F.);
#1322=ORIENTED_EDGE('',*,*,#960,.F.);
#1323=ORIENTED_EDGE('',*,*,#961,.F.);
#1324=ORIENTED_EDGE('',*,*,#962,.T.);
#1325=ORIENTED_EDGE('',*,*,#963,.T.);
#1326=ORIENTED_EDGE('',*,*,#962,.F.);
#1327=ORIENTED_EDGE('',*,*,#963,.F.);
#1328=ORIENTED_EDGE('',*,*,#964,.F.);
#1329=ORIENTED_EDGE('',*,*,#965,.F.);
#1330=ORIENTED_EDGE('',*,*,#966,.T.);
#1331=ORIENTED_EDGE('',*,*,#952,.T.);
#1332=ORIENTED_EDGE('',*,*,#966,.F.);
#1333=ORIENTED_EDGE('',*,*,#967,.F.);
#1334=ORIENTED_EDGE('',*,*,#968,.T.);
#1335=ORIENTED_EDGE('',*,*,#964,.T.);
#1336=ORIENTED_EDGE('',*,*,#968,.F.);
#1337=ORIENTED_EDGE('',*,*,#969,.F.);
#1338=ORIENTED_EDGE('',*,*,#970,.T.);
#1339=ORIENTED_EDGE('',*,*,#960,.T.);
#1340=ORIENTED_EDGE('',*,*,#970,.F.);
#1341=ORIENTED_EDGE('',*,*,#971,.F.);
#1342=ORIENTED_EDGE('',*,*,#972,.T.);
#1343=ORIENTED_EDGE('',*,*,#956,.T.);
#1344=ORIENTED_EDGE('',*,*,#972,.F.);
#1345=ORIENTED_EDGE('',*,*,#973,.F.);
#1346=ORIENTED_EDGE('',*,*,#974,.F.);
#1347=ORIENTED_EDGE('',*,*,#975,.F.);
#1348=ORIENTED_EDGE('',*,*,#976,.F.);
#1349=ORIENTED_EDGE('',*,*,#973,.T.);
#1350=ORIENTED_EDGE('',*,*,#977,.F.);
#1351=ORIENTED_EDGE('',*,*,#978,.T.);
#1352=ORIENTED_EDGE('',*,*,#979,.F.);
#1353=ORIENTED_EDGE('',*,*,#965,.T.);
#1354=ORIENTED_EDGE('',*,*,#967,.T.);
#1355=ORIENTED_EDGE('',*,*,#969,.T.);
#1356=ORIENTED_EDGE('',*,*,#971,.T.);
#1357=ORIENTED_EDGE('',*,*,#980,.T.);
#1358=ORIENTED_EDGE('',*,*,#751,.T.);
#1359=ORIENTED_EDGE('',*,*,#981,.T.);
#1360=ORIENTED_EDGE('',*,*,#803,.T.);
#1361=ORIENTED_EDGE('',*,*,#982,.T.);
#1362=ORIENTED_EDGE('',*,*,#777,.T.);
#1363=ORIENTED_EDGE('',*,*,#983,.T.);
#1364=ORIENTED_EDGE('',*,*,#829,.T.);
#1365=ORIENTED_EDGE('',*,*,#946,.T.);
#1366=ORIENTED_EDGE('',*,*,#895,.T.);
#1367=ORIENTED_EDGE('',*,*,#943,.T.);
#1368=ORIENTED_EDGE('',*,*,#855,.T.);
#1369=ORIENTED_EDGE('',*,*,#938,.T.);
#1370=ORIENTED_EDGE('',*,*,#915,.T.);
#1371=ORIENTED_EDGE('',*,*,#935,.T.);
#1372=ORIENTED_EDGE('',*,*,#875,.T.);
#1373=ORIENTED_EDGE('',*,*,#976,.T.);
#1374=ORIENTED_EDGE('',*,*,#984,.T.);
#1375=ORIENTED_EDGE('',*,*,#985,.T.);
#1376=ORIENTED_EDGE('',*,*,#977,.T.);
#1377=ORIENTED_EDGE('',*,*,#974,.T.);
#1378=ORIENTED_EDGE('',*,*,#979,.T.);
#1379=ORIENTED_EDGE('',*,*,#986,.T.);
#1380=ORIENTED_EDGE('',*,*,#987,.T.);
#1381=ORIENTED_EDGE('',*,*,#978,.F.);
#1382=ORIENTED_EDGE('',*,*,#985,.F.);
#1383=ORIENTED_EDGE('',*,*,#988,.F.);
#1384=ORIENTED_EDGE('',*,*,#986,.F.);
#1385=ORIENTED_EDGE('',*,*,#975,.T.);
#1386=ORIENTED_EDGE('',*,*,#987,.F.);
#1387=ORIENTED_EDGE('',*,*,#988,.T.);
#1388=ORIENTED_EDGE('',*,*,#984,.F.);
#1389=ORIENTED_EDGE('',*,*,#948,.T.);
#1390=ORIENTED_EDGE('',*,*,#871,.T.);
#1391=ORIENTED_EDGE('',*,*,#944,.T.);
#1392=ORIENTED_EDGE('',*,*,#911,.T.);
#1393=ORIENTED_EDGE('',*,*,#949,.T.);
#1394=ORIENTED_EDGE('',*,*,#953,.T.);
#1395=ORIENTED_EDGE('',*,*,#957,.T.);
#1396=ORIENTED_EDGE('',*,*,#961,.T.);
#1397=ORIENTED_EDGE('',*,*,#989,.T.);
#1398=ORIENTED_EDGE('',*,*,#851,.T.);
#1399=ORIENTED_EDGE('',*,*,#990,.T.);
#1400=ORIENTED_EDGE('',*,*,#799,.T.);
#1401=ORIENTED_EDGE('',*,*,#991,.T.);
#1402=ORIENTED_EDGE('',*,*,#825,.T.);
#1403=ORIENTED_EDGE('',*,*,#992,.T.);
#1404=ORIENTED_EDGE('',*,*,#773,.T.);
#1405=ORIENTED_EDGE('',*,*,#940,.T.);
#1406=ORIENTED_EDGE('',*,*,#891,.T.);
#1407=ORIENTED_EDGE('',*,*,#936,.T.);
#1408=ORIENTED_EDGE('',*,*,#931,.T.);
#1409=ORIENTED_EDGE('',*,*,#849,.T.);
#1410=ORIENTED_EDGE('',*,*,#993,.T.);
#1411=ORIENTED_EDGE('',*,*,#846,.F.);
#1412=ORIENTED_EDGE('',*,*,#994,.F.);
#1413=ORIENTED_EDGE('',*,*,#982,.F.);
#1414=ORIENTED_EDGE('',*,*,#828,.F.);
#1415=ORIENTED_EDGE('',*,*,#832,.F.);
#1416=ORIENTED_EDGE('',*,*,#835,.F.);
#1417=ORIENTED_EDGE('',*,*,#838,.F.);
#1418=ORIENTED_EDGE('',*,*,#841,.F.);
#1419=ORIENTED_EDGE('',*,*,#844,.F.);
#1420=ORIENTED_EDGE('',*,*,#847,.F.);
#1421=ORIENTED_EDGE('',*,*,#993,.F.);
#1422=ORIENTED_EDGE('',*,*,#852,.F.);
#1423=ORIENTED_EDGE('',*,*,#989,.F.);
#1424=ORIENTED_EDGE('',*,*,#798,.F.);
#1425=ORIENTED_EDGE('',*,*,#995,.F.);
#1426=ORIENTED_EDGE('',*,*,#796,.F.);
#1427=ORIENTED_EDGE('',*,*,#793,.F.);
#1428=ORIENTED_EDGE('',*,*,#790,.F.);
#1429=ORIENTED_EDGE('',*,*,#787,.F.);
#1430=ORIENTED_EDGE('',*,*,#784,.F.);
#1431=ORIENTED_EDGE('',*,*,#781,.F.);
#1432=ORIENTED_EDGE('',*,*,#778,.F.);
#1433=ORIENTED_EDGE('',*,*,#983,.F.);
#1434=ORIENTED_EDGE('',*,*,#776,.F.);
#1435=ORIENTED_EDGE('',*,*,#780,.F.);
#1436=ORIENTED_EDGE('',*,*,#783,.F.);
#1437=ORIENTED_EDGE('',*,*,#786,.F.);
#1438=ORIENTED_EDGE('',*,*,#789,.F.);
#1439=ORIENTED_EDGE('',*,*,#792,.F.);
#1440=ORIENTED_EDGE('',*,*,#795,.F.);
#1441=ORIENTED_EDGE('',*,*,#996,.F.);
#1442=ORIENTED_EDGE('',*,*,#800,.F.);
#1443=ORIENTED_EDGE('',*,*,#990,.F.);
#1444=ORIENTED_EDGE('',*,*,#850,.T.);
#1445=ORIENTED_EDGE('',*,*,#994,.T.);
#1446=ORIENTED_EDGE('',*,*,#848,.T.);
#1447=ORIENTED_EDGE('',*,*,#845,.T.);
#1448=ORIENTED_EDGE('',*,*,#842,.T.);
#1449=ORIENTED_EDGE('',*,*,#839,.T.);
#1450=ORIENTED_EDGE('',*,*,#836,.T.);
#1451=ORIENTED_EDGE('',*,*,#833,.T.);
#1452=ORIENTED_EDGE('',*,*,#830,.T.);
#1453=ORIENTED_EDGE('',*,*,#823,.T.);
#1454=ORIENTED_EDGE('',*,*,#997,.T.);
#1455=ORIENTED_EDGE('',*,*,#820,.F.);
#1456=ORIENTED_EDGE('',*,*,#998,.F.);
#1457=ORIENTED_EDGE('',*,*,#980,.F.);
#1458=ORIENTED_EDGE('',*,*,#802,.F.);
#1459=ORIENTED_EDGE('',*,*,#806,.F.);
#1460=ORIENTED_EDGE('',*,*,#809,.F.);
#1461=ORIENTED_EDGE('',*,*,#812,.F.);
#1462=ORIENTED_EDGE('',*,*,#815,.F.);
#1463=ORIENTED_EDGE('',*,*,#818,.F.);
#1464=ORIENTED_EDGE('',*,*,#821,.F.);
#1465=ORIENTED_EDGE('',*,*,#997,.F.);
#1466=ORIENTED_EDGE('',*,*,#826,.F.);
#1467=ORIENTED_EDGE('',*,*,#991,.F.);
#1468=ORIENTED_EDGE('',*,*,#772,.F.);
#1469=ORIENTED_EDGE('',*,*,#999,.F.);
#1470=ORIENTED_EDGE('',*,*,#770,.F.);
#1471=ORIENTED_EDGE('',*,*,#767,.F.);
#1472=ORIENTED_EDGE('',*,*,#764,.F.);
#1473=ORIENTED_EDGE('',*,*,#761,.F.);
#1474=ORIENTED_EDGE('',*,*,#758,.F.);
#1475=ORIENTED_EDGE('',*,*,#755,.F.);
#1476=ORIENTED_EDGE('',*,*,#752,.F.);
#1477=ORIENTED_EDGE('',*,*,#981,.F.);
#1478=ORIENTED_EDGE('',*,*,#750,.F.);
#1479=ORIENTED_EDGE('',*,*,#754,.F.);
#1480=ORIENTED_EDGE('',*,*,#757,.F.);
#1481=ORIENTED_EDGE('',*,*,#760,.F.);
#1482=ORIENTED_EDGE('',*,*,#763,.F.);
#1483=ORIENTED_EDGE('',*,*,#766,.F.);
#1484=ORIENTED_EDGE('',*,*,#769,.F.);
#1485=ORIENTED_EDGE('',*,*,#1000,.F.);
#1486=ORIENTED_EDGE('',*,*,#774,.F.);
#1487=ORIENTED_EDGE('',*,*,#992,.F.);
#1488=ORIENTED_EDGE('',*,*,#824,.T.);
#1489=ORIENTED_EDGE('',*,*,#998,.T.);
#1490=ORIENTED_EDGE('',*,*,#822,.T.);
#1491=ORIENTED_EDGE('',*,*,#819,.T.);
#1492=ORIENTED_EDGE('',*,*,#816,.T.);
#1493=ORIENTED_EDGE('',*,*,#813,.T.);
#1494=ORIENTED_EDGE('',*,*,#810,.T.);
#1495=ORIENTED_EDGE('',*,*,#807,.T.);
#1496=ORIENTED_EDGE('',*,*,#804,.T.);
#1497=ORIENTED_EDGE('',*,*,#797,.T.);
#1498=ORIENTED_EDGE('',*,*,#996,.T.);
#1499=ORIENTED_EDGE('',*,*,#794,.F.);
#1500=ORIENTED_EDGE('',*,*,#995,.T.);
#1501=ORIENTED_EDGE('',*,*,#771,.T.);
#1502=ORIENTED_EDGE('',*,*,#1000,.T.);
#1503=ORIENTED_EDGE('',*,*,#768,.F.);
#1504=ORIENTED_EDGE('',*,*,#999,.T.);
#1505=CYLINDRICAL_SURFACE('',#1681,0.0545);
#1506=CYLINDRICAL_SURFACE('',#1683,0.0545);
#1507=CYLINDRICAL_SURFACE('',#1684,0.0545);
#1508=CYLINDRICAL_SURFACE('',#1685,0.0545);
#1509=CYLINDRICAL_SURFACE('',#1686,0.0545);
#1510=CYLINDRICAL_SURFACE('',#1687,0.0545);
#1511=CYLINDRICAL_SURFACE('',#1688,0.0545);
#1512=CYLINDRICAL_SURFACE('',#1689,0.0545);
#1513=CYLINDRICAL_SURFACE('',#1691,0.0545);
#1514=CYLINDRICAL_SURFACE('',#1693,0.0545);
#1515=CYLINDRICAL_SURFACE('',#1694,0.0545);
#1516=CYLINDRICAL_SURFACE('',#1695,0.0545);
#1517=CYLINDRICAL_SURFACE('',#1696,0.0545);
#1518=CYLINDRICAL_SURFACE('',#1697,0.0545);
#1519=CYLINDRICAL_SURFACE('',#1698,0.0545);
#1520=CYLINDRICAL_SURFACE('',#1699,0.0545);
#1521=CYLINDRICAL_SURFACE('',#1701,0.0690000000000001);
#1522=CYLINDRICAL_SURFACE('',#1703,0.0690000000000001);
#1523=CYLINDRICAL_SURFACE('',#1704,0.0690000000000001);
#1524=CYLINDRICAL_SURFACE('',#1705,0.0690000000000001);
#1525=CYLINDRICAL_SURFACE('',#1706,0.0690000000000001);
#1526=CYLINDRICAL_SURFACE('',#1707,0.0690000000000001);
#1527=CYLINDRICAL_SURFACE('',#1708,0.0690000000000001);
#1528=CYLINDRICAL_SURFACE('',#1709,0.0690000000000001);
#1529=CYLINDRICAL_SURFACE('',#1711,0.0690000000000001);
#1530=CYLINDRICAL_SURFACE('',#1713,0.0690000000000001);
#1531=CYLINDRICAL_SURFACE('',#1714,0.0690000000000001);
#1532=CYLINDRICAL_SURFACE('',#1715,0.0690000000000001);
#1533=CYLINDRICAL_SURFACE('',#1716,0.0690000000000001);
#1534=CYLINDRICAL_SURFACE('',#1717,0.0690000000000001);
#1535=CYLINDRICAL_SURFACE('',#1718,0.0690000000000001);
#1536=CYLINDRICAL_SURFACE('',#1719,0.0690000000000001);
#1537=CYLINDRICAL_SURFACE('',#1721,0.08795);
#1538=CYLINDRICAL_SURFACE('',#1723,0.08795);
#1539=CYLINDRICAL_SURFACE('',#1724,0.08795);
#1540=CYLINDRICAL_SURFACE('',#1725,0.08795);
#1541=CYLINDRICAL_SURFACE('',#1726,0.08795);
#1542=CYLINDRICAL_SURFACE('',#1727,0.08795);
#1543=CYLINDRICAL_SURFACE('',#1729,0.08795);
#1544=CYLINDRICAL_SURFACE('',#1731,0.08795);
#1545=CYLINDRICAL_SURFACE('',#1732,0.08795);
#1546=CYLINDRICAL_SURFACE('',#1733,0.08795);
#1547=CYLINDRICAL_SURFACE('',#1734,0.08795);
#1548=CYLINDRICAL_SURFACE('',#1735,0.08795);
#1549=CYLINDRICAL_SURFACE('',#1737,0.108);
#1550=CYLINDRICAL_SURFACE('',#1739,0.108);
#1551=CYLINDRICAL_SURFACE('',#1740,0.108);
#1552=CYLINDRICAL_SURFACE('',#1741,0.108);
#1553=CYLINDRICAL_SURFACE('',#1742,0.108);
#1554=CYLINDRICAL_SURFACE('',#1743,0.108);
#1555=CYLINDRICAL_SURFACE('',#1745,0.108);
#1556=CYLINDRICAL_SURFACE('',#1747,0.108);
#1557=CYLINDRICAL_SURFACE('',#1748,0.108);
#1558=CYLINDRICAL_SURFACE('',#1749,0.108);
#1559=CYLINDRICAL_SURFACE('',#1750,0.108);
#1560=CYLINDRICAL_SURFACE('',#1751,0.108);
#1561=CYLINDRICAL_SURFACE('',#1753,0.108);
#1562=CYLINDRICAL_SURFACE('',#1754,0.108);
#1563=CYLINDRICAL_SURFACE('',#1755,0.08795);
#1564=CYLINDRICAL_SURFACE('',#1756,0.08795);
#1565=CYLINDRICAL_SURFACE('',#1757,0.155);
#1566=CYLINDRICAL_SURFACE('',#1762,0.155);
#1567=CYLINDRICAL_SURFACE('',#1767,0.155);
#1568=CYLINDRICAL_SURFACE('',#1772,0.155);
#1569=CYLINDRICAL_SURFACE('',#1777,0.0901387756906245);
#1570=CYLINDRICAL_SURFACE('',#1779,0.0900000000000001);
#1571=CYLINDRICAL_SURFACE('',#1781,0.0900000000000001);
#1572=CYLINDRICAL_SURFACE('',#1783,0.0901388376506448);
#1573=CYLINDRICAL_SURFACE('',#1791,0.0690000000000001);
#1574=CYLINDRICAL_SURFACE('',#1792,0.0690000000000001);
#1575=CYLINDRICAL_SURFACE('',#1793,0.0545);
#1576=CYLINDRICAL_SURFACE('',#1794,0.0545);
#1577=ADVANCED_FACE('',(#53),#1505,.F.);
#1578=ADVANCED_FACE('',(#54),#1506,.F.);
#1579=ADVANCED_FACE('',(#55),#1507,.F.);
#1580=ADVANCED_FACE('',(#56),#1508,.F.);
#1581=ADVANCED_FACE('',(#57),#1509,.F.);
#1582=ADVANCED_FACE('',(#58),#1510,.F.);
#1583=ADVANCED_FACE('',(#59),#1511,.F.);
#1584=ADVANCED_FACE('',(#60),#1512,.F.);
#1585=ADVANCED_FACE('',(#61),#1513,.F.);
#1586=ADVANCED_FACE('',(#62),#1514,.F.);
#1587=ADVANCED_FACE('',(#63),#1515,.F.);
#1588=ADVANCED_FACE('',(#64),#1516,.F.);
#1589=ADVANCED_FACE('',(#65),#1517,.F.);
#1590=ADVANCED_FACE('',(#66),#1518,.F.);
#1591=ADVANCED_FACE('',(#67),#1519,.F.);
#1592=ADVANCED_FACE('',(#68),#1520,.F.);
#1593=ADVANCED_FACE('',(#69),#1521,.F.);
#1594=ADVANCED_FACE('',(#70),#1522,.F.);
#1595=ADVANCED_FACE('',(#71),#1523,.F.);
#1596=ADVANCED_FACE('',(#72),#1524,.F.);
#1597=ADVANCED_FACE('',(#73),#1525,.F.);
#1598=ADVANCED_FACE('',(#74),#1526,.F.);
#1599=ADVANCED_FACE('',(#75),#1527,.F.);
#1600=ADVANCED_FACE('',(#76),#1528,.F.);
#1601=ADVANCED_FACE('',(#77),#1529,.F.);
#1602=ADVANCED_FACE('',(#78),#1530,.F.);
#1603=ADVANCED_FACE('',(#79),#1531,.F.);
#1604=ADVANCED_FACE('',(#80),#1532,.F.);
#1605=ADVANCED_FACE('',(#81),#1533,.F.);
#1606=ADVANCED_FACE('',(#82),#1534,.F.);
#1607=ADVANCED_FACE('',(#83),#1535,.F.);
#1608=ADVANCED_FACE('',(#84),#1536,.F.);
#1609=ADVANCED_FACE('',(#85),#1537,.F.);
#1610=ADVANCED_FACE('',(#86),#1538,.F.);
#1611=ADVANCED_FACE('',(#87),#1539,.F.);
#1612=ADVANCED_FACE('',(#88),#1540,.F.);
#1613=ADVANCED_FACE('',(#89),#1541,.F.);
#1614=ADVANCED_FACE('',(#90),#1542,.F.);
#1615=ADVANCED_FACE('',(#91),#1543,.F.);
#1616=ADVANCED_FACE('',(#92),#1544,.F.);
#1617=ADVANCED_FACE('',(#93),#1545,.F.);
#1618=ADVANCED_FACE('',(#94),#1546,.F.);
#1619=ADVANCED_FACE('',(#95),#1547,.F.);
#1620=ADVANCED_FACE('',(#96),#1548,.F.);
#1621=ADVANCED_FACE('',(#97),#1549,.F.);
#1622=ADVANCED_FACE('',(#98),#1550,.F.);
#1623=ADVANCED_FACE('',(#99),#1551,.F.);
#1624=ADVANCED_FACE('',(#100),#1552,.F.);
#1625=ADVANCED_FACE('',(#101),#1553,.F.);
#1626=ADVANCED_FACE('',(#102),#1554,.F.);
#1627=ADVANCED_FACE('',(#103),#1555,.F.);
#1628=ADVANCED_FACE('',(#104),#1556,.F.);
#1629=ADVANCED_FACE('',(#105),#1557,.F.);
#1630=ADVANCED_FACE('',(#106),#1558,.F.);
#1631=ADVANCED_FACE('',(#107),#1559,.F.);
#1632=ADVANCED_FACE('',(#108),#1560,.F.);
#1633=ADVANCED_FACE('',(#109),#1561,.F.);
#1634=ADVANCED_FACE('',(#110),#45,.F.);
#1635=ADVANCED_FACE('',(#111),#46,.F.);
#1636=ADVANCED_FACE('',(#112),#1562,.F.);
#1637=ADVANCED_FACE('',(#113),#47,.F.);
#1638=ADVANCED_FACE('',(#114),#48,.F.);
#1639=ADVANCED_FACE('',(#115),#1563,.F.);
#1640=ADVANCED_FACE('',(#116),#1564,.F.);
#1641=ADVANCED_FACE('',(#117),#1565,.F.);
#1642=ADVANCED_FACE('',(#118,#15),#35,.T.);
#1643=ADVANCED_FACE('',(#119),#1566,.F.);
#1644=ADVANCED_FACE('',(#120,#16),#36,.T.);
#1645=ADVANCED_FACE('',(#121),#1567,.F.);
#1646=ADVANCED_FACE('',(#122,#17),#37,.T.);
#1647=ADVANCED_FACE('',(#123),#1568,.F.);
#1648=ADVANCED_FACE('',(#124,#18),#38,.T.);
#1649=ADVANCED_FACE('',(#125),#1569,.F.);
#1650=ADVANCED_FACE('',(#126),#1570,.F.);
#1651=ADVANCED_FACE('',(#127),#1571,.F.);
#1652=ADVANCED_FACE('',(#128),#1572,.F.);
#1653=ADVANCED_FACE('',(#129),#39,.F.);
#1654=ADVANCED_FACE('',(#130,#19,#20,#21,#22,#23,#24,#25,#26),#40,.F.);
#1655=ADVANCED_FACE('',(#131),#41,.T.);
#1656=ADVANCED_FACE('',(#132),#42,.T.);
#1657=ADVANCED_FACE('',(#133),#43,.F.);
#1658=ADVANCED_FACE('',(#134,#27,#28,#29,#30,#31,#32,#33,#34),#44,.T.);
#1659=ADVANCED_FACE('',(#135),#1573,.F.);
#1660=ADVANCED_FACE('',(#136),#49,.F.);
#1661=ADVANCED_FACE('',(#137),#50,.F.);
#1662=ADVANCED_FACE('',(#138),#1574,.F.);
#1663=ADVANCED_FACE('',(#139),#51,.F.);
#1664=ADVANCED_FACE('',(#140),#52,.F.);
#1665=ADVANCED_FACE('',(#141),#1575,.F.);
#1666=ADVANCED_FACE('',(#142),#1576,.F.);
#1667=CLOSED_SHELL('',(#1577,#1578,#1579,#1580,#1581,#1582,#1583,#1584,
#1585,#1586,#1587,#1588,#1589,#1590,#1591,#1592,#1593,#1594,#1595,#1596,
#1597,#1598,#1599,#1600,#1601,#1602,#1603,#1604,#1605,#1606,#1607,#1608,
#1609,#1610,#1611,#1612,#1613,#1614,#1615,#1616,#1617,#1618,#1619,#1620,
#1621,#1622,#1623,#1624,#1625,#1626,#1627,#1628,#1629,#1630,#1631,#1632,
#1633,#1634,#1635,#1636,#1637,#1638,#1639,#1640,#1641,#1642,#1643,#1644,
#1645,#1646,#1647,#1648,#1649,#1650,#1651,#1652,#1653,#1654,#1655,#1656,
#1657,#1658,#1659,#1660,#1661,#1662,#1663,#1664,#1665,#1666));
#1668=DERIVED_UNIT_ELEMENT(#1670,1.);
#1669=DERIVED_UNIT_ELEMENT(#6523,-3.);
#1670=(
MASS_UNIT()
NAMED_UNIT(*)
SI_UNIT(.KILO.,.GRAM.)
);
#1671=DERIVED_UNIT((#1668,#1669));
#1672=MEASURE_REPRESENTATION_ITEM('density measure',
POSITIVE_RATIO_MEASURE(7850.),#1671);
#1673=PROPERTY_DEFINITION_REPRESENTATION(#1678,#1675);
#1674=PROPERTY_DEFINITION_REPRESENTATION(#1679,#1676);
#1675=REPRESENTATION('material name',(#1677),#6518);
#1676=REPRESENTATION('density',(#1672),#6518);
#1677=DESCRIPTIVE_REPRESENTATION_ITEM('Steel','Steel');
#1678=PROPERTY_DEFINITION('material property','material name',#6531);
#1679=PROPERTY_DEFINITION('material property','density of part',#6531);
#1680=AXIS2_PLACEMENT_3D('',#2101,#1795,#1796);
#1681=AXIS2_PLACEMENT_3D('',#2102,#1797,#1798);
#1682=AXIS2_PLACEMENT_3D('',#2112,#1800,#1801);
#1683=AXIS2_PLACEMENT_3D('',#2126,#1802,#1803);
#1684=AXIS2_PLACEMENT_3D('',#2174,#1805,#1806);
#1685=AXIS2_PLACEMENT_3D('',#2225,#1808,#1809);
#1686=AXIS2_PLACEMENT_3D('',#2276,#1811,#1812);
#1687=AXIS2_PLACEMENT_3D('',#2324,#1814,#1815);
#1688=AXIS2_PLACEMENT_3D('',#2375,#1817,#1818);
#1689=AXIS2_PLACEMENT_3D('',#2423,#1820,#1821);
#1690=AXIS2_PLACEMENT_3D('',#2442,#1823,#1824);
#1691=AXIS2_PLACEMENT_3D('',#2465,#1825,#1826);
#1692=AXIS2_PLACEMENT_3D('',#2475,#1828,#1829);
#1693=AXIS2_PLACEMENT_3D('',#2489,#1830,#1831);
#1694=AXIS2_PLACEMENT_3D('',#2537,#1833,#1834);
#1695=AXIS2_PLACEMENT_3D('',#2588,#1836,#1837);
#1696=AXIS2_PLACEMENT_3D('',#2639,#1839,#1840);
#1697=AXIS2_PLACEMENT_3D('',#2687,#1842,#1843);
#1698=AXIS2_PLACEMENT_3D('',#2738,#1845,#1846);
#1699=AXIS2_PLACEMENT_3D('',#2786,#1848,#1849);
#1700=AXIS2_PLACEMENT_3D('',#2805,#1851,#1852);
#1701=AXIS2_PLACEMENT_3D('',#2828,#1853,#1854);
#1702=AXIS2_PLACEMENT_3D('',#2842,#1856,#1857);
#1703=AXIS2_PLACEMENT_3D('',#2852,#1858,#1859);
#1704=AXIS2_PLACEMENT_3D('',#2877,#1861,#1862);
#1705=AXIS2_PLACEMENT_3D('',#2901,#1864,#1865);
#1706=AXIS2_PLACEMENT_3D('',#2926,#1867,#1868);
#1707=AXIS2_PLACEMENT_3D('',#2951,#1870,#1871);
#1708=AXIS2_PLACEMENT_3D('',#2975,#1873,#1874);
#1709=AXIS2_PLACEMENT_3D('',#2999,#1876,#1877);
#1710=AXIS2_PLACEMENT_3D('',#3010,#1879,#1880);
#1711=AXIS2_PLACEMENT_3D('',#3017,#1881,#1882);
#1712=AXIS2_PLACEMENT_3D('',#3031,#1884,#1885);
#1713=AXIS2_PLACEMENT_3D('',#3041,#1886,#1887);
#1714=AXIS2_PLACEMENT_3D('',#3066,#1889,#1890);
#1715=AXIS2_PLACEMENT_3D('',#3090,#1892,#1893);
#1716=AXIS2_PLACEMENT_3D('',#3115,#1895,#1896);
#1717=AXIS2_PLACEMENT_3D('',#3140,#1898,#1899);
#1718=AXIS2_PLACEMENT_3D('',#3164,#1901,#1902);
#1719=AXIS2_PLACEMENT_3D('',#3188,#1904,#1905);
#1720=AXIS2_PLACEMENT_3D('',#3199,#1907,#1908);
#1721=AXIS2_PLACEMENT_3D('',#3206,#1909,#1910);
#1722=AXIS2_PLACEMENT_3D('',#3216,#1912,#1913);
#1723=AXIS2_PLACEMENT_3D('',#3230,#1914,#1915);
#1724=AXIS2_PLACEMENT_3D('',#3281,#1917,#1918);
#1725=AXIS2_PLACEMENT_3D('',#3332,#1920,#1921);
#1726=AXIS2_PLACEMENT_3D('',#3380,#1923,#1924);
#1727=AXIS2_PLACEMENT_3D('',#3431,#1926,#1927);
#1728=AXIS2_PLACEMENT_3D('',#3450,#1929,#1930);
#1729=AXIS2_PLACEMENT_3D('',#3473,#1931,#1932);
#1730=AXIS2_PLACEMENT_3D('',#3483,#1934,#1935);
#1731=AXIS2_PLACEMENT_3D('',#3497,#1936,#1937);
#1732=AXIS2_PLACEMENT_3D('',#3548,#1939,#1940);
#1733=AXIS2_PLACEMENT_3D('',#3599,#1942,#1943);
#1734=AXIS2_PLACEMENT_3D('',#3647,#1945,#1946);
#1735=AXIS2_PLACEMENT_3D('',#3698,#1948,#1949);
#1736=AXIS2_PLACEMENT_3D('',#3717,#1951,#1952);
#1737=AXIS2_PLACEMENT_3D('',#3740,#1953,#1954);
#1738=AXIS2_PLACEMENT_3D('',#3754,#1956,#1957);
#1739=AXIS2_PLACEMENT_3D('',#3765,#1958,#1959);
#1740=AXIS2_PLACEMENT_3D('',#3789,#1961,#1962);
#1741=AXIS2_PLACEMENT_3D('',#3814,#1964,#1965);
#1742=AXIS2_PLACEMENT_3D('',#3839,#1967,#1968);
#1743=AXIS2_PLACEMENT_3D('',#3863,#1970,#1971);
#1744=AXIS2_PLACEMENT_3D('',#3874,#1973,#1974);
#1745=AXIS2_PLACEMENT_3D('',#3881,#1975,#1976);
#1746=AXIS2_PLACEMENT_3D('',#3895,#1978,#1979);
#1747=AXIS2_PLACEMENT_3D('',#3906,#1980,#1981);
#1748=AXIS2_PLACEMENT_3D('',#3930,#1983,#1984);
#1749=AXIS2_PLACEMENT_3D('',#3955,#1986,#1987);
#1750=AXIS2_PLACEMENT_3D('',#3980,#1989,#1990);
#1751=AXIS2_PLACEMENT_3D('',#4004,#1992,#1993);
#1752=AXIS2_PLACEMENT_3D('',#4015,#1995,#1996);
#1753=AXIS2_PLACEMENT_3D('',#4022,#1997,#1998);
#1754=AXIS2_PLACEMENT_3D('',#4583,#1999,#2000);
#1755=AXIS2_PLACEMENT_3D('',#5144,#2001,#2002);
#1756=AXIS2_PLACEMENT_3D('',#5145,#2003,#2004);
#1757=AXIS2_PLACEMENT_3D('',#5146,#2005,#2006);
#1758=AXIS2_PLACEMENT_3D('',#5148,#2007,#2008);
#1759=AXIS2_PLACEMENT_3D('',#5151,#2010,#2011);
#1760=AXIS2_PLACEMENT_3D('',#5152,#2012,#2013);
#1761=AXIS2_PLACEMENT_3D('',#5154,#2014,#2015);
#1762=AXIS2_PLACEMENT_3D('',#5155,#2016,#2017);
#1763=AXIS2_PLACEMENT_3D('',#5157,#2018,#2019);
#1764=AXIS2_PLACEMENT_3D('',#5160,#2021,#2022);
#1765=AXIS2_PLACEMENT_3D('',#5161,#2023,#2024);
#1766=AXIS2_PLACEMENT_3D('',#5163,#2025,#2026);
#1767=AXIS2_PLACEMENT_3D('',#5164,#2027,#2028);
#1768=AXIS2_PLACEMENT_3D('',#5166,#2029,#2030);
#1769=AXIS2_PLACEMENT_3D('',#5169,#2032,#2033);
#1770=AXIS2_PLACEMENT_3D('',#5170,#2034,#2035);
#1771=AXIS2_PLACEMENT_3D('',#5172,#2036,#2037);
#1772=AXIS2_PLACEMENT_3D('',#5173,#2038,#2039);
#1773=AXIS2_PLACEMENT_3D('',#5175,#2040,#2041);
#1774=AXIS2_PLACEMENT_3D('',#5178,#2043,#2044);
#1775=AXIS2_PLACEMENT_3D('',#5179,#2045,#2046);
#1776=AXIS2_PLACEMENT_3D('',#5181,#2047,#2048);
#1777=AXIS2_PLACEMENT_3D('',#5182,#2049,#2050);
#1778=AXIS2_PLACEMENT_3D('',#5184,#2051,#2052);
#1779=AXIS2_PLACEMENT_3D('',#5186,#2054,#2055);
#1780=AXIS2_PLACEMENT_3D('',#5188,#2056,#2057);
#1781=AXIS2_PLACEMENT_3D('',#5190,#2059,#2060);
#1782=AXIS2_PLACEMENT_3D('',#5192,#2061,#2062);
#1783=AXIS2_PLACEMENT_3D('',#5194,#2064,#2065);
#1784=AXIS2_PLACEMENT_3D('',#5196,#2066,#2067);
#1785=AXIS2_PLACEMENT_3D('',#5198,#2069,#2070);
#1786=AXIS2_PLACEMENT_3D('',#5207,#2075,#2076);
#1787=AXIS2_PLACEMENT_3D('',#5349,#2080,#2081);
#1788=AXIS2_PLACEMENT_3D('',#5353,#2084,#2085);
#1789=AXIS2_PLACEMENT_3D('',#5357,#2088,#2089);
#1790=AXIS2_PLACEMENT_3D('',#5359,#2091,#2092);
#1791=AXIS2_PLACEMENT_3D('',#5496,#2093,#2094);
#1792=AXIS2_PLACEMENT_3D('',#6005,#2095,#2096);
#1793=AXIS2_PLACEMENT_3D('',#6514,#2097,#2098);
#1794=AXIS2_PLACEMENT_3D('',#6515,#2099,#2100);
#1795=DIRECTION('axis',(0.,0.,1.));
#1796=DIRECTION('refdir',(1.,0.,0.));
#1797=DIRECTION('center_axis',(0.,-1.,0.));
#1798=DIRECTION('ref_axis',(0.289549583002961,0.,0.957163015887477));
#1799=DIRECTION('',(0.,-1.,0.));
#1800=DIRECTION('center_axis',(0.,-1.,0.));
#1801=DIRECTION('ref_axis',(-1.,0.,0.));
#1802=DIRECTION('center_axis',(0.,-1.,0.));
#1803=DIRECTION('ref_axis',(-1.,0.,0.));
#1804=DIRECTION('',(0.,-1.,0.));
#1805=DIRECTION('center_axis',(0.,-1.,0.));
#1806=DIRECTION('ref_axis',(-1.,0.,0.));
#1807=DIRECTION('',(0.,-1.,0.));
#1808=DIRECTION('center_axis',(0.,-1.,0.));
#1809=DIRECTION('ref_axis',(-1.,0.,0.));
#1810=DIRECTION('',(0.,-1.,0.));
#1811=DIRECTION('center_axis',(0.,-1.,0.));
#1812=DIRECTION('ref_axis',(-1.,0.,0.));
#1813=DIRECTION('',(0.,-1.,0.));
#1814=DIRECTION('center_axis',(0.,-1.,0.));
#1815=DIRECTION('ref_axis',(-1.,0.,0.));
#1816=DIRECTION('',(0.,-1.,0.));
#1817=DIRECTION('center_axis',(0.,-1.,0.));
#1818=DIRECTION('ref_axis',(-1.,0.,0.));
#1819=DIRECTION('',(0.,-1.,0.));
#1820=DIRECTION('center_axis',(0.,-1.,0.));
#1821=DIRECTION('ref_axis',(-0.957216749573355,0.,-0.289371896244645));
#1822=DIRECTION('',(0.,-1.,0.));
#1823=DIRECTION('center_axis',(0.,-1.,0.));
#1824=DIRECTION('ref_axis',(-1.,0.,0.));
#1825=DIRECTION('center_axis',(0.,-1.,0.));
#1826=DIRECTION('ref_axis',(0.289549513912557,0.,0.957163036787883));
#1827=DIRECTION('',(0.,-1.,0.));
#1828=DIRECTION('center_axis',(0.,-1.,0.));
#1829=DIRECTION('ref_axis',(-1.,0.,0.));
#1830=DIRECTION('center_axis',(0.,-1.,0.));
#1831=DIRECTION('ref_axis',(-1.,0.,0.));
#1832=DIRECTION('',(0.,-1.,0.));
#1833=DIRECTION('center_axis',(0.,-1.,0.));
#1834=DIRECTION('ref_axis',(-1.,0.,0.));
#1835=DIRECTION('',(0.,-1.,0.));
#1836=DIRECTION('center_axis',(0.,-1.,0.));
#1837=DIRECTION('ref_axis',(-1.,0.,0.));
#1838=DIRECTION('',(0.,-1.,0.));
#1839=DIRECTION('center_axis',(0.,-1.,0.));
#1840=DIRECTION('ref_axis',(-1.,0.,0.));
#1841=DIRECTION('',(0.,-1.,0.));
#1842=DIRECTION('center_axis',(0.,-1.,0.));
#1843=DIRECTION('ref_axis',(-1.,0.,0.));
#1844=DIRECTION('',(0.,-1.,0.));
#1845=DIRECTION('center_axis',(0.,-1.,0.));
#1846=DIRECTION('ref_axis',(-1.,0.,0.));
#1847=DIRECTION('',(0.,-1.,0.));
#1848=DIRECTION('center_axis',(0.,-1.,0.));
#1849=DIRECTION('ref_axis',(-0.957216747859188,0.,-0.289371901914957));
#1850=DIRECTION('',(0.,-1.,0.));
#1851=DIRECTION('center_axis',(0.,-1.,0.));
#1852=DIRECTION('ref_axis',(-1.,0.,0.));
#1853=DIRECTION('center_axis',(0.,-1.,0.));
#1854=DIRECTION('ref_axis',(-0.853135826893681,0.,0.521688854462538));
#1855=DIRECTION('',(-1.22464679914735E-16,-1.,-2.8078036370876E-30));
#1856=DIRECTION('center_axis',(0.,1.,0.));
#1857=DIRECTION('ref_axis',(-1.,0.,-2.28049919471103E-14));
#1858=DIRECTION('center_axis',(0.,-1.,0.));
#1859=DIRECTION('ref_axis',(-1.,0.,-2.28049919471103E-14));
#1860=DIRECTION('',(-1.22464679914735E-16,-1.,-2.8078036370876E-30));
#1861=DIRECTION('center_axis',(0.,-1.,0.));
#1862=DIRECTION('ref_axis',(-1.,0.,-2.28049919471103E-14));
#1863=DIRECTION('',(-1.22464679914735E-16,-1.,-2.8078036370876E-30));
#1864=DIRECTION('center_axis',(0.,-1.,0.));
#1865=DIRECTION('ref_axis',(-1.,0.,-2.28049919471103E-14));
#1866=DIRECTION('',(-1.22464679914735E-16,-1.,-2.8078036370876E-30));
#1867=DIRECTION('center_axis',(0.,-1.,0.));
#1868=DIRECTION('ref_axis',(-1.,0.,-2.28049919471103E-14));
#1869=DIRECTION('',(-1.22464679914735E-16,-1.,-2.8078036370876E-30));
#1870=DIRECTION('center_axis',(0.,-1.,0.));
#1871=DIRECTION('ref_axis',(-1.,0.,-2.28049919471103E-14));
#1872=DIRECTION('',(-1.22464679914735E-16,-1.,-2.8078036370876E-30));
#1873=DIRECTION('center_axis',(0.,-1.,0.));
#1874=DIRECTION('ref_axis',(-1.,0.,-2.28049919471103E-14));
#1875=DIRECTION('',(-1.22464679914735E-16,-1.,-2.8078036370876E-30));
#1876=DIRECTION('center_axis',(0.,-1.,0.));
#1877=DIRECTION('ref_axis',(0.521794815161884,0.,-0.853071023344583));
#1878=DIRECTION('',(-1.22464679914735E-16,-1.,-2.8078036370876E-30));
#1879=DIRECTION('center_axis',(0.,-1.,0.));
#1880=DIRECTION('ref_axis',(-1.,0.,-2.28049919471103E-14));
#1881=DIRECTION('center_axis',(0.,-1.,0.));
#1882=DIRECTION('ref_axis',(-0.853135827670326,0.,0.521688853192464));
#1883=DIRECTION('',(-1.22464679914735E-16,-1.,-2.49749185494749E-30));
#1884=DIRECTION('center_axis',(0.,1.,0.));
#1885=DIRECTION('ref_axis',(-1.,0.,-2.0271103952987E-14));
#1886=DIRECTION('center_axis',(0.,-1.,0.));
#1887=DIRECTION('ref_axis',(-1.,0.,-2.0271103952987E-14));
#1888=DIRECTION('',(-1.22464679914735E-16,-1.,-2.49749185494749E-30));
#1889=DIRECTION('center_axis',(0.,-1.,0.));
#1890=DIRECTION('ref_axis',(-1.,0.,-2.0271103952987E-14));
#1891=DIRECTION('',(-1.22464679914735E-16,-1.,-2.49749185494749E-30));
#1892=DIRECTION('center_axis',(0.,-1.,0.));
#1893=DIRECTION('ref_axis',(-1.,0.,-2.0271103952987E-14));
#1894=DIRECTION('',(-1.22464679914735E-16,-1.,-2.49749185494749E-30));
#1895=DIRECTION('center_axis',(0.,-1.,0.));
#1896=DIRECTION('ref_axis',(-1.,0.,-2.0271103952987E-14));
#1897=DIRECTION('',(-1.22464679914735E-16,-1.,-2.49749185494749E-30));
#1898=DIRECTION('center_axis',(0.,-1.,0.));
#1899=DIRECTION('ref_axis',(-1.,0.,-2.0271103952987E-14));
#1900=DIRECTION('',(-1.22464679914735E-16,-1.,-2.49749185494749E-30));
#1901=DIRECTION('center_axis',(0.,-1.,0.));
#1902=DIRECTION('ref_axis',(-1.,0.,-2.0271103952987E-14));
#1903=DIRECTION('',(-1.22464679914735E-16,-1.,-2.49749185494749E-30));
#1904=DIRECTION('center_axis',(0.,-1.,0.));
#1905=DIRECTION('ref_axis',(0.521794820215259,0.,-0.853071020253605));
#1906=DIRECTION('',(-1.22464679914735E-16,-1.,-2.49749185494749E-30));
#1907=DIRECTION('center_axis',(0.,-1.,0.));
#1908=DIRECTION('ref_axis',(-1.,0.,-2.0271103952987E-14));
#1909=DIRECTION('center_axis',(0.,-1.,0.));
#1910=DIRECTION('ref_axis',(-0.315148170946063,0.,-0.9490424807928));
#1911=DIRECTION('',(0.,-1.,0.));
#1912=DIRECTION('center_axis',(0.,-1.,0.));
#1913=DIRECTION('ref_axis',(1.,0.,-2.67189065840792E-24));
#1914=DIRECTION('center_axis',(0.,-1.,0.));
#1915=DIRECTION('ref_axis',(1.,0.,-2.67189065840792E-24));
#1916=DIRECTION('',(0.,-1.,0.));
#1917=DIRECTION('center_axis',(0.,-1.,0.));
#1918=DIRECTION('ref_axis',(1.,0.,-2.67189065840792E-24));
#1919=DIRECTION('',(0.,-1.,0.));
#1920=DIRECTION('center_axis',(0.,-1.,0.));
#1921=DIRECTION('ref_axis',(1.,0.,-2.67189065840792E-24));
#1922=DIRECTION('',(0.,-1.,0.));
#1923=DIRECTION('center_axis',(0.,-1.,0.));
#1924=DIRECTION('ref_axis',(1.,0.,-2.67189065840792E-24));
#1925=DIRECTION('',(0.,-1.,0.));
#1926=DIRECTION('center_axis',(0.,-1.,0.));
#1927=DIRECTION('ref_axis',(0.94913162654063,0.,0.314879588891274));
#1928=DIRECTION('',(0.,-1.,0.));
#1929=DIRECTION('center_axis',(0.,-1.,0.));
#1930=DIRECTION('ref_axis',(1.,0.,-2.67189065840792E-24));
#1931=DIRECTION('center_axis',(0.,-1.,0.));
#1932=DIRECTION('ref_axis',(-0.315150463200463,0.,-0.94904171960169));
#1933=DIRECTION('',(0.,-1.,0.));
#1934=DIRECTION('center_axis',(0.,-1.,0.));
#1935=DIRECTION('ref_axis',(1.,0.,-2.67189065840792E-24));
#1936=DIRECTION('center_axis',(0.,-1.,0.));
#1937=DIRECTION('ref_axis',(1.,0.,-2.67189065840792E-24));
#1938=DIRECTION('',(0.,-1.,0.));
#1939=DIRECTION('center_axis',(0.,-1.,0.));
#1940=DIRECTION('ref_axis',(1.,0.,-2.67189065840792E-24));
#1941=DIRECTION('',(0.,-1.,0.));
#1942=DIRECTION('center_axis',(0.,-1.,0.));
#1943=DIRECTION('ref_axis',(1.,0.,-2.67189065840792E-24));
#1944=DIRECTION('',(0.,-1.,0.));
#1945=DIRECTION('center_axis',(0.,-1.,0.));
#1946=DIRECTION('ref_axis',(1.,0.,-2.67189065840792E-24));
#1947=DIRECTION('',(0.,-1.,0.));
#1948=DIRECTION('center_axis',(0.,-1.,0.));
#1949=DIRECTION('ref_axis',(0.949131554995584,0.,0.314879804547172));
#1950=DIRECTION('',(0.,-1.,0.));
#1951=DIRECTION('center_axis',(0.,-1.,0.));
#1952=DIRECTION('ref_axis',(1.,0.,-2.67189065840792E-24));
#1953=DIRECTION('center_axis',(0.,-1.,0.));
#1954=DIRECTION('ref_axis',(1.,0.,4.85661865540314E-15));
#1955=DIRECTION('',(1.22464679914735E-16,-1.,6.09761846928496E-31));
#1956=DIRECTION('center_axis',(0.,1.,0.));
#1957=DIRECTION('ref_axis',(1.,0.,4.85661865540314E-15));
#1958=DIRECTION('center_axis',(0.,-1.,0.));
#1959=DIRECTION('ref_axis',(1.,0.,4.85661865540314E-15));
#1960=DIRECTION('',(1.22464679914735E-16,-1.,6.09761846928496E-31));
#1961=DIRECTION('center_axis',(0.,-1.,0.));
#1962=DIRECTION('ref_axis',(1.,0.,4.85661865540314E-15));
#1963=DIRECTION('',(1.22464679914735E-16,-1.,6.09761846928496E-31));
#1964=DIRECTION('center_axis',(0.,-1.,0.));
#1965=DIRECTION('ref_axis',(1.,0.,4.85661865540314E-15));
#1966=DIRECTION('',(1.22464679914735E-16,-1.,6.09761846928496E-31));
#1967=DIRECTION('center_axis',(0.,-1.,0.));
#1968=DIRECTION('ref_axis',(1.,0.,4.85661865540314E-15));
#1969=DIRECTION('',(1.22464679914735E-16,-1.,6.09761846928496E-31));
#1970=DIRECTION('center_axis',(0.,-1.,0.));
#1971=DIRECTION('ref_axis',(-0.525431026255329,0.,0.85083619848257));
#1972=DIRECTION('',(1.22464679914735E-16,-1.,6.09761846928496E-31));
#1973=DIRECTION('center_axis',(0.,-1.,0.));
#1974=DIRECTION('ref_axis',(1.,0.,4.85661865540314E-15));
#1975=DIRECTION('center_axis',(0.,-1.,0.));
#1976=DIRECTION('ref_axis',(1.,0.,6.4754915405375E-15));
#1977=DIRECTION('',(1.22464679914735E-16,-1.,8.0801659662912E-31));
#1978=DIRECTION('center_axis',(0.,1.,0.));
#1979=DIRECTION('ref_axis',(1.,0.,6.4754915405375E-15));
#1980=DIRECTION('center_axis',(0.,-1.,0.));
#1981=DIRECTION('ref_axis',(1.,0.,6.4754915405375E-15));
#1982=DIRECTION('',(1.22464679914735E-16,-1.,8.0801659662912E-31));
#1983=DIRECTION('center_axis',(0.,-1.,0.));
#1984=DIRECTION('ref_axis',(1.,0.,6.4754915405375E-15));
#1985=DIRECTION('',(1.22464679914735E-16,-1.,8.0801659662912E-31));
#1986=DIRECTION('center_axis',(0.,-1.,0.));
#1987=DIRECTION('ref_axis',(1.,0.,6.4754915405375E-15));
#1988=DIRECTION('',(1.22464679914735E-16,-1.,8.0801659662912E-31));
#1989=DIRECTION('center_axis',(0.,-1.,0.));
#1990=DIRECTION('ref_axis',(1.,0.,6.4754915405375E-15));
#1991=DIRECTION('',(1.22464679914735E-16,-1.,8.0801659662912E-31));
#1992=DIRECTION('center_axis',(0.,-1.,0.));
#1993=DIRECTION('ref_axis',(-0.525431219577134,0.,0.850836079097311));
#1994=DIRECTION('',(1.22464679914735E-16,-1.,8.0801659662912E-31));
#1995=DIRECTION('center_axis',(0.,-1.,0.));
#1996=DIRECTION('ref_axis',(1.,0.,6.4754915405375E-15));
#1997=DIRECTION('center_axis',(0.,-1.,0.));
#1998=DIRECTION('ref_axis',(1.,0.,6.4754915405375E-15));
#1999=DIRECTION('center_axis',(0.,-1.,0.));
#2000=DIRECTION('ref_axis',(1.,0.,4.85661865540314E-15));
#2001=DIRECTION('center_axis',(0.,-1.,0.));
#2002=DIRECTION('ref_axis',(1.,0.,-2.67189065840792E-24));
#2003=DIRECTION('center_axis',(0.,-1.,0.));
#2004=DIRECTION('ref_axis',(1.,0.,-2.67189065840792E-24));
#2005=DIRECTION('center_axis',(0.,-1.,0.));
#2006=DIRECTION('ref_axis',(-1.,0.,0.));
#2007=DIRECTION('center_axis',(0.,-1.,0.));
#2008=DIRECTION('ref_axis',(-1.,0.,0.));
#2009=DIRECTION('',(0.,-1.,0.));
#2010=DIRECTION('center_axis',(0.,-1.,0.));
#2011=DIRECTION('ref_axis',(-1.,0.,0.));
#2012=DIRECTION('center_axis',(0.,1.,0.));
#2013=DIRECTION('ref_axis',(-1.,0.,0.));
#2014=DIRECTION('center_axis',(0.,1.,0.));
#2015=DIRECTION('ref_axis',(-1.,0.,0.));
#2016=DIRECTION('center_axis',(0.,-1.,0.));
#2017=DIRECTION('ref_axis',(-1.,0.,0.));
#2018=DIRECTION('center_axis',(0.,-1.,0.));
#2019=DIRECTION('ref_axis',(-1.,0.,0.));
#2020=DIRECTION('',(0.,-1.,0.));
#2021=DIRECTION('center_axis',(0.,-1.,0.));
#2022=DIRECTION('ref_axis',(-1.,0.,0.));
#2023=DIRECTION('center_axis',(0.,1.,0.));
#2024=DIRECTION('ref_axis',(-1.,0.,0.));
#2025=DIRECTION('center_axis',(0.,1.,0.));
#2026=DIRECTION('ref_axis',(-1.,0.,0.));
#2027=DIRECTION('center_axis',(0.,-1.,0.));
#2028=DIRECTION('ref_axis',(-1.,0.,0.));
#2029=DIRECTION('center_axis',(0.,-1.,0.));
#2030=DIRECTION('ref_axis',(-1.,0.,0.));
#2031=DIRECTION('',(0.,-1.,0.));
#2032=DIRECTION('center_axis',(0.,-1.,0.));
#2033=DIRECTION('ref_axis',(-1.,0.,0.));
#2034=DIRECTION('center_axis',(0.,1.,0.));
#2035=DIRECTION('ref_axis',(-1.,0.,0.));
#2036=DIRECTION('center_axis',(0.,1.,0.));
#2037=DIRECTION('ref_axis',(-1.,0.,0.));
#2038=DIRECTION('center_axis',(0.,-1.,0.));
#2039=DIRECTION('ref_axis',(-1.,0.,0.));
#2040=DIRECTION('center_axis',(0.,-1.,0.));
#2041=DIRECTION('ref_axis',(-1.,0.,0.));
#2042=DIRECTION('',(0.,-1.,0.));
#2043=DIRECTION('center_axis',(0.,-1.,0.));
#2044=DIRECTION('ref_axis',(-1.,0.,0.));
#2045=DIRECTION('center_axis',(0.,1.,0.));
#2046=DIRECTION('ref_axis',(-1.,0.,0.));
#2047=DIRECTION('center_axis',(0.,1.,0.));
#2048=DIRECTION('ref_axis',(-1.,0.,0.));
#2049=DIRECTION('center_axis',(0.,1.,0.));
#2050=DIRECTION('ref_axis',(-1.,0.,0.));
#2051=DIRECTION('center_axis',(0.,1.,0.));
#2052=DIRECTION('ref_axis',(-1.,0.,0.));
#2053=DIRECTION('',(0.,1.,0.));
#2054=DIRECTION('center_axis',(0.,1.,0.));
#2055=DIRECTION('ref_axis',(-1.,0.,0.));
#2056=DIRECTION('center_axis',(0.,1.,0.));
#2057=DIRECTION('ref_axis',(-1.,0.,0.));
#2058=DIRECTION('',(0.,1.,0.));
#2059=DIRECTION('center_axis',(0.,1.,0.));
#2060=DIRECTION('ref_axis',(-1.,0.,0.));
#2061=DIRECTION('center_axis',(0.,1.,0.));
#2062=DIRECTION('ref_axis',(-1.,0.,0.));
#2063=DIRECTION('',(0.,1.,0.));
#2064=DIRECTION('center_axis',(0.,1.,0.));
#2065=DIRECTION('ref_axis',(-1.,0.,0.));
#2066=DIRECTION('center_axis',(0.,1.,0.));
#2067=DIRECTION('ref_axis',(-1.,0.,0.));
#2068=DIRECTION('',(0.,1.,0.));
#2069=DIRECTION('center_axis',(0.,0.,1.));
#2070=DIRECTION('ref_axis',(1.,0.,0.));
#2071=DIRECTION('',(1.,0.,0.));
#2072=DIRECTION('',(0.,-1.,0.));
#2073=DIRECTION('',(-1.,0.,0.));
#2074=DIRECTION('',(0.,1.,0.));
#2075=DIRECTION('center_axis',(0.,1.,0.));
#2076=DIRECTION('ref_axis',(1.,0.,0.));
#2077=DIRECTION('',(0.,0.,-1.));
#2078=DIRECTION('',(-1.,0.,0.));
#2079=DIRECTION('',(0.,0.,1.));
#2080=DIRECTION('center_axis',(1.,0.,0.));
#2081=DIRECTION('ref_axis',(0.,0.,-1.));
#2082=DIRECTION('',(0.,0.,1.));
#2083=DIRECTION('',(0.,-1.,0.));
#2084=DIRECTION('center_axis',(-1.,0.,0.));
#2085=DIRECTION('ref_axis',(0.,0.,1.));
#2086=DIRECTION('',(0.,1.,0.));
#2087=DIRECTION('',(0.,0.,-1.));
#2088=DIRECTION('center_axis',(0.,0.,-1.));
#2089=DIRECTION('ref_axis',(-1.,0.,0.));
#2090=DIRECTION('',(1.,0.,0.));
#2091=DIRECTION('center_axis',(0.,1.,0.));
#2092=DIRECTION('ref_axis',(0.,0.,1.));
#2093=DIRECTION('center_axis',(0.,-1.,0.));
#2094=DIRECTION('ref_axis',(-1.,0.,-2.0271103952987E-14));
#2095=DIRECTION('center_axis',(0.,-1.,0.));
#2096=DIRECTION('ref_axis',(-1.,0.,-2.28049919471103E-14));
#2097=DIRECTION('center_axis',(0.,-1.,0.));
#2098=DIRECTION('ref_axis',(-1.,0.,0.));
#2099=DIRECTION('center_axis',(0.,-1.,0.));
#2100=DIRECTION('ref_axis',(-1.,0.,0.));
#2101=CARTESIAN_POINT('',(0.,0.,0.));
#2102=CARTESIAN_POINT('Origin',(1.37,0.25,1.1));
#2103=CARTESIAN_POINT('',(1.42449419103984,0.0127093811405923,1.1000529382055));
#2104=CARTESIAN_POINT('',(1.42440134119701,0.0029156188594076,1.09992968601394));
#2105=CARTESIAN_POINT('',(1.4245,0.25,1.1));
#2106=CARTESIAN_POINT('',(1.4154005605098,0.,1.13015027537845));
#2107=CARTESIAN_POINT('Ctrl Pts',(1.42440134119701,0.0029156188594076,1.09992968601394));
#2108=CARTESIAN_POINT('Ctrl Pts',(1.42434619233631,0.00194374590627173,
1.11058766901593));
#2109=CARTESIAN_POINT('Ctrl Pts',(1.42129212486351,0.000971872953135869,
1.12127870387269));
#2110=CARTESIAN_POINT('Ctrl Pts',(1.4154005605098,5.46369598732853E-18,
1.13015027537845));
#2111=CARTESIAN_POINT('',(1.32466177244675,4.47340108962523E-17,1.13015901303856));
#2112=CARTESIAN_POINT('Origin',(1.37,0.,1.1));
#2113=CARTESIAN_POINT('Ctrl Pts',(1.32466177244675,4.47340108962523E-17,
1.13015901303856));
#2114=CARTESIAN_POINT('Ctrl Pts',(1.32779120892816,0.000521929838702088,
1.13496153040675));
#2115=CARTESIAN_POINT('Ctrl Pts',(1.33164398157059,0.00104385967740413,
1.13926885225468));
#2116=CARTESIAN_POINT('Ctrl Pts',(1.33610581375818,0.00156578951610617,
1.14280604289092));
#2117=CARTESIAN_POINT('Ctrl Pts',(1.3502644442182,0.0032220175859988,1.15403052937531));
#2118=CARTESIAN_POINT('Ctrl Pts',(1.37055611448036,0.0048782456558914,1.15750003457486));
#2119=CARTESIAN_POINT('Ctrl Pts',(1.38765369809888,0.00653447372578401,
1.15165425254363));
#2120=CARTESIAN_POINT('Ctrl Pts',(1.4047512817174,0.00819070179567663,1.1458084705124));
#2121=CARTESIAN_POINT('Ctrl Pts',(1.41865477869228,0.00984692986556926,
1.13064740125037));
#2122=CARTESIAN_POINT('Ctrl Pts',(1.42299226564832,0.0115031579354619,1.11311245514752));
#2123=CARTESIAN_POINT('Ctrl Pts',(1.42404525617811,0.011905232337172,1.10885558189951));
#2124=CARTESIAN_POINT('Ctrl Pts',(1.42453447484308,0.0123073067388822,1.10445880445208));
#2125=CARTESIAN_POINT('Ctrl Pts',(1.42449419103984,0.0127093811405923,1.1000529382055));
#2126=CARTESIAN_POINT('Origin',(1.37,0.25,1.1));
#2127=CARTESIAN_POINT('',(1.42441258747869,0.0439593811405923,1.09999040617476));
#2128=CARTESIAN_POINT('',(1.42455852271265,0.0341656188594076,1.09996329170638));
#2129=CARTESIAN_POINT('',(1.4245,0.25,1.1));
#2130=CARTESIAN_POINT('Ctrl Pts',(1.42455852271265,0.0341656188594076,1.09996329170638));
#2131=CARTESIAN_POINT('Ctrl Pts',(1.42443550201359,0.0327144476589609,1.11581691099607));
#2132=CARTESIAN_POINT('Ctrl Pts',(1.41713178831146,0.0312632764585141,1.13176879817218));
#2133=CARTESIAN_POINT('Ctrl Pts',(1.40497898555915,0.0298121052580673,1.14191176670503));
#2134=CARTESIAN_POINT('Ctrl Pts',(1.39110893835862,0.0281558771881747,1.15348798127639));
#2135=CARTESIAN_POINT('Ctrl Pts',(1.37092258548022,0.026499649118282,1.15749763944323));
#2136=CARTESIAN_POINT('Ctrl Pts',(1.35368263536946,0.0248434210483894,1.15209650554156));
#2137=CARTESIAN_POINT('Ctrl Pts',(1.3364426852587,0.0231871929784968,1.1466953716399));
#2138=CARTESIAN_POINT('Ctrl Pts',(1.32214913791557,0.0215309649086042,1.13188344566973));
#2139=CARTESIAN_POINT('Ctrl Pts',(1.31736115224044,0.0198747368387116,1.11446611654109));
#2140=CARTESIAN_POINT('Ctrl Pts',(1.31257316656531,0.018218508768819,1.09704878741245));
#2141=CARTESIAN_POINT('Ctrl Pts',(1.31729074255818,0.0165622806989263,1.07702605512533));
#2142=CARTESIAN_POINT('Ctrl Pts',(1.32934848433152,0.0149060526290337,1.06356829090794));
#2143=CARTESIAN_POINT('Ctrl Pts',(1.34140622610486,0.013249824559141,1.05011052669055));
#2144=CARTESIAN_POINT('Ctrl Pts',(1.36080413365867,0.0115935964892484,1.04321773054289));
#2145=CARTESIAN_POINT('Ctrl Pts',(1.37864274162164,0.00993736841935579,
1.04608825521763));
#2146=CARTESIAN_POINT('Ctrl Pts',(1.3964813495846,0.00828114034946316,1.04895877989237));
#2147=CARTESIAN_POINT('Ctrl Pts',(1.41276065795673,0.00662491227957052,
1.06159262538951));
#2148=CARTESIAN_POINT('Ctrl Pts',(1.42000050436882,0.00496868420967788,
1.0781108525221));
#2149=CARTESIAN_POINT('Ctrl Pts',(1.42299201624252,0.00428432909292112,
1.08493620071142));
#2150=CARTESIAN_POINT('Ctrl Pts',(1.4244401748788,0.00359997397616436,1.09242474909993));
#2151=CARTESIAN_POINT('Ctrl Pts',(1.42440134119701,0.0029156188594076,1.09992968601394));
#2152=CARTESIAN_POINT('Ctrl Pts',(1.42449419103984,0.0127093811405923,1.1000529382055));
#2153=CARTESIAN_POINT('Ctrl Pts',(1.42436853748071,0.0139635348087748,1.08631012520579));
#2154=CARTESIAN_POINT('Ctrl Pts',(1.41909111178902,0.0152176884769573,1.07247888311469));
#2155=CARTESIAN_POINT('Ctrl Pts',(1.40970192858076,0.0164718421451398,1.06252922429777));
#2156=CARTESIAN_POINT('Ctrl Pts',(1.39730262761997,0.0181280702150324,1.04938976249456));
#2157=CARTESIAN_POINT('Ctrl Pts',(1.37773254876117,0.019784298284925,1.04301966183183));
#2158=CARTESIAN_POINT('Ctrl Pts',(1.35997375034246,0.0214405263548177,1.04633809765281));
#2159=CARTESIAN_POINT('Ctrl Pts',(1.34221495192376,0.0230967544247103,1.04965653347378));
#2160=CARTESIAN_POINT('Ctrl Pts',(1.32626743394514,0.0247529824946029,1.06266350577847));
#2161=CARTESIAN_POINT('Ctrl Pts',(1.31944800526748,0.0264092105644955,1.07939246366967));
#2162=CARTESIAN_POINT('Ctrl Pts',(1.31262857658983,0.0280654386343882,1.09612142156087));
#2163=CARTESIAN_POINT('Ctrl Pts',(1.31493723721313,0.0297216667042808,1.11657236503857));
#2164=CARTESIAN_POINT('Ctrl Pts',(1.325315112659,0.0313778947741734,1.13136005501733));
#2165=CARTESIAN_POINT('Ctrl Pts',(1.33569298810486,0.0330341228440661,1.14614774499608));
#2166=CARTESIAN_POINT('Ctrl Pts',(1.35414007837329,0.0346903509139587,1.15527218147589));
#2167=CARTESIAN_POINT('Ctrl Pts',(1.37219136355269,0.0363465789838513,1.15454693732363));
#2168=CARTESIAN_POINT('Ctrl Pts',(1.39024264873208,0.0380028070537439,1.15382169317137));
#2169=CARTESIAN_POINT('Ctrl Pts',(1.40789812882243,0.0396590351236365,1.14324676838705));
#2170=CARTESIAN_POINT('Ctrl Pts',(1.41705639927174,0.0413152631935291,1.12767441303621));
#2171=CARTESIAN_POINT('Ctrl Pts',(1.42193003306234,0.0421966358425502,1.11938748182392));
#2172=CARTESIAN_POINT('Ctrl Pts',(1.4243973368278,0.0430780084915713,1.10968532517543));
#2173=CARTESIAN_POINT('Ctrl Pts',(1.42441258747869,0.0439593811405923,1.09999040617476));
#2174=CARTESIAN_POINT('Origin',(1.37,0.25,1.1));
#2175=CARTESIAN_POINT('',(1.42453098586465,0.0752093811405924,1.09995364882694));
#2176=CARTESIAN_POINT('',(1.42453783484446,0.0654156188594077,1.10004461526916));
#2177=CARTESIAN_POINT('',(1.4245,0.25,1.1));
#2178=CARTESIAN_POINT('Ctrl Pts',(1.42453783484446,0.0654156188594077,1.10004461526916));
#2179=CARTESIAN_POINT('Ctrl Pts',(1.42456437456063,0.0651413774815426,1.1030436607179));
#2180=CARTESIAN_POINT('Ctrl Pts',(1.42433838623908,0.0648671361036775,1.10603870293531));
#2181=CARTESIAN_POINT('Ctrl Pts',(1.42384581165934,0.0645928947258124,1.10898923979223));
#2182=CARTESIAN_POINT('Ctrl Pts',(1.42087100219829,0.0629366666559198,1.12680843980398));
#2183=CARTESIAN_POINT('Ctrl Pts',(1.40817292877184,0.0612804385860271,1.14300438522278));
#2184=CARTESIAN_POINT('Ctrl Pts',(1.39157832736924,0.0596242105161345,1.15014531476592));
#2185=CARTESIAN_POINT('Ctrl Pts',(1.37498372596663,0.0579679824462419,1.15728624430907));
#2186=CARTESIAN_POINT('Ctrl Pts',(1.35449259658787,0.0563117543763493,1.15537215797657));
#2187=CARTESIAN_POINT('Ctrl Pts',(1.33950765266765,0.0546555263064567,1.14528130055633));
#2188=CARTESIAN_POINT('Ctrl Pts',(1.32452270874743,0.0529992982365641,1.1351904431361));
#2189=CARTESIAN_POINT('Ctrl Pts',(1.31504395028575,0.0513430701666714,1.11692281462814));
#2190=CARTESIAN_POINT('Ctrl Pts',(1.31542087749036,0.0496868420967788,1.09886097332161));
#2191=CARTESIAN_POINT('Ctrl Pts',(1.31579780469498,0.0480306140268862,1.08079913201509));
#2192=CARTESIAN_POINT('Ctrl Pts',(1.32603041756588,0.0463743859569936,1.06294307791));
#2193=CARTESIAN_POINT('Ctrl Pts',(1.34142329167363,0.0447181578871009,1.05348610596403));
#2194=CARTESIAN_POINT('Ctrl Pts',(1.35681616578138,0.0430619298172083,1.04402913401805));
#2195=CARTESIAN_POINT('Ctrl Pts',(1.37736930112598,0.0414057017473157,1.0429712442312));
#2196=CARTESIAN_POINT('Ctrl Pts',(1.39365154868735,0.039749473677423,1.05079840862737));
#2197=CARTESIAN_POINT('Ctrl Pts',(1.40993379624872,0.0380932456075304,1.05862557302354));
#2198=CARTESIAN_POINT('Ctrl Pts',(1.42194515602686,0.0364370175376378,1.07533779160274));
#2199=CARTESIAN_POINT('Ctrl Pts',(1.4241739651546,0.0347807894677452,1.09326528638027));
#2200=CARTESIAN_POINT('Ctrl Pts',(1.42444991303318,0.0345757325982993,1.09548488162981));
#2201=CARTESIAN_POINT('Ctrl Pts',(1.42457590607818,0.0343706757288535,1.09772310561398));
#2202=CARTESIAN_POINT('Ctrl Pts',(1.42455852271265,0.0341656188594076,1.09996329170638));
#2203=CARTESIAN_POINT('Ctrl Pts',(1.42441258747869,0.0439593811405923,1.09999040617476));
#2204=CARTESIAN_POINT('Ctrl Pts',(1.42442599503057,0.0447342365614639,1.0914671549133));
#2205=CARTESIAN_POINT('Ctrl Pts',(1.42254421550593,0.0455090919823355,1.08294949761574));
#2206=CARTESIAN_POINT('Ctrl Pts',(1.41873618050487,0.046283947403207,1.07540398427881));
#2207=CARTESIAN_POINT('Ctrl Pts',(1.41059663048043,0.0479401754730997,1.05927569678961));
#2208=CARTESIAN_POINT('Ctrl Pts',(1.39365646962329,0.0495964035429923,1.04758890772858));
#2209=CARTESIAN_POINT('Ctrl Pts',(1.37568902017307,0.0512526316128849,1.04570624615456));
#2210=CARTESIAN_POINT('Ctrl Pts',(1.35772157072286,0.0529088596827776,1.04382358458054));
#2211=CARTESIAN_POINT('Ctrl Pts',(1.33872683267958,0.0545650877526702,1.05174505049352));
#2212=CARTESIAN_POINT('Ctrl Pts',(1.32742086092677,0.0562213158225628,1.06583576966976));
#2213=CARTESIAN_POINT('Ctrl Pts',(1.31611488917397,0.0578775438924554,1.079926488846));
#2214=CARTESIAN_POINT('Ctrl Pts',(1.31249768371164,0.059533771962348,1.10018646128549));
#2215=CARTESIAN_POINT('Ctrl Pts',(1.31822907072651,0.0611900000322407,1.1173190265726));
#2216=CARTESIAN_POINT('Ctrl Pts',(1.32396045774139,0.0628462281021333,1.13445159185972));
#2217=CARTESIAN_POINT('Ctrl Pts',(1.33904043723346,0.0645024561720259,1.14845674999446));
#2218=CARTESIAN_POINT('Ctrl Pts',(1.35654929099049,0.0661586842419186,1.15290799483649));
#2219=CARTESIAN_POINT('Ctrl Pts',(1.37405814474752,0.0678149123118112,1.15735923967852));
#2220=CARTESIAN_POINT('Ctrl Pts',(1.3939958727695,0.0694711403817038,1.15225657122784));
#2221=CARTESIAN_POINT('Ctrl Pts',(1.40721369909729,0.0711273684515964,1.13994143508626));
#2222=CARTESIAN_POINT('Ctrl Pts',(1.41807277818424,0.0724880393479284,1.12982395933711));
#2223=CARTESIAN_POINT('Ctrl Pts',(1.42439631906716,0.0738487102442604,1.11483849232169));
#2224=CARTESIAN_POINT('Ctrl Pts',(1.42453098586465,0.0752093811405924,1.09995364882694));
#2225=CARTESIAN_POINT('Origin',(1.37,0.25,1.1));
#2226=CARTESIAN_POINT('',(1.42456422652254,0.106459381140592,1.1000338726978));
#2227=CARTESIAN_POINT('',(1.42441407370295,0.0966656188594077,1.10001339013464));
#2228=CARTESIAN_POINT('',(1.4245,0.25,1.1));
#2229=CARTESIAN_POINT('Ctrl Pts',(1.42441407370295,0.0966656188594077,1.10001339013464));
#2230=CARTESIAN_POINT('Ctrl Pts',(1.42443224305603,0.0959120792342318,1.10830159880771));
#2231=CARTESIAN_POINT('Ctrl Pts',(1.42265700851901,0.0951585396090558,1.11658242406188));
#2232=CARTESIAN_POINT('Ctrl Pts',(1.41904837633065,0.0944049999838798,1.12396736418091));
#2233=CARTESIAN_POINT('Ctrl Pts',(1.41111685192954,0.0927487719139871,1.14019895268795));
#2234=CARTESIAN_POINT('Ctrl Pts',(1.39432836590879,0.0910925438440944,1.15210260925303));
#2235=CARTESIAN_POINT('Ctrl Pts',(1.3763866109775,0.0894363157742017,1.15421613179645));
#2236=CARTESIAN_POINT('Ctrl Pts',(1.35844485604621,0.0877800877043091,1.15632965433986));
#2237=CARTESIAN_POINT('Ctrl Pts',(1.33934983220438,0.0861238596344165,1.1486530428616));
#2238=CARTESIAN_POINT('Ctrl Pts',(1.32786362763426,0.0844676315645239,1.13470884478055));
#2239=CARTESIAN_POINT('Ctrl Pts',(1.31637742306415,0.0828114034946313,1.1207646466995));
#2240=CARTESIAN_POINT('Ctrl Pts',(1.31250003776574,0.0811551754247387,1.10055286201566));
#2241=CARTESIAN_POINT('Ctrl Pts',(1.31801067839339,0.0794989473548461,1.08334802644477));
#2242=CARTESIAN_POINT('Ctrl Pts',(1.32352131902103,0.0778427192849534,1.06614319087388));
#2243=CARTESIAN_POINT('Ctrl Pts',(1.33841998557473,0.0761864912150608,1.05194530441595));
#2244=CARTESIAN_POINT('Ctrl Pts',(1.35587016218211,0.0745302631451682,1.04726931328916));
#2245=CARTESIAN_POINT('Ctrl Pts',(1.3733203387895,0.0728740350752755,1.04259332216237));
#2246=CARTESIAN_POINT('Ctrl Pts',(1.39332202545058,0.0712178070053829,1.04743922636673));
#2247=CARTESIAN_POINT('Ctrl Pts',(1.4066970960333,0.0695615789354903,1.05958340577126));
#2248=CARTESIAN_POINT('Ctrl Pts',(1.41785749711951,0.0681795922434628,1.06971672896976));
#2249=CARTESIAN_POINT('Ctrl Pts',(1.42440409304792,0.0667976055514352,1.08493150239315));
#2250=CARTESIAN_POINT('Ctrl Pts',(1.42453783484446,0.0654156188594077,1.10004461526916));
#2251=CARTESIAN_POINT('Ctrl Pts',(1.42453098586465,0.0752093811405924,1.09995364882694));
#2252=CARTESIAN_POINT('Ctrl Pts',(1.42456023741854,0.075504938314153,1.09672044799634));
#2253=CARTESIAN_POINT('Ctrl Pts',(1.4242974851981,0.0758004954877137,1.09349199478984));
#2254=CARTESIAN_POINT('Ctrl Pts',(1.42372578479853,0.0760960526612743,1.09031921063317));
#2255=CARTESIAN_POINT('Ctrl Pts',(1.42052211953837,0.0777522807311669,1.07253972615412));
#2256=CARTESIAN_POINT('Ctrl Pts',(1.40761686438445,0.0794085088010596,1.05650836102849));
#2257=CARTESIAN_POINT('Ctrl Pts',(1.39093182358676,0.0810647368709522,1.04958138874492));
#2258=CARTESIAN_POINT('Ctrl Pts',(1.37424678278908,0.0827209649408448,1.04265441646136));
#2259=CARTESIAN_POINT('Ctrl Pts',(1.35378195634763,0.0843771930107374,1.04483183701987));
#2260=CARTESIAN_POINT('Ctrl Pts',(1.33892799030617,0.08603342108063,1.05511450308986));
#2261=CARTESIAN_POINT('Ctrl Pts',(1.32407402426471,0.0876896491505227,1.06539716915985));
#2262=CARTESIAN_POINT('Ctrl Pts',(1.31483091862324,0.0893458772204153,1.08378508074131));
#2263=CARTESIAN_POINT('Ctrl Pts',(1.3154400354256,0.0910021052903079,1.1018406203036));
#2264=CARTESIAN_POINT('Ctrl Pts',(1.31604915222796,0.0926583333602005,1.1198961598659));
#2265=CARTESIAN_POINT('Ctrl Pts',(1.32651049147415,0.0943145614300932,1.13761932740902));
#2266=CARTESIAN_POINT('Ctrl Pts',(1.34202368322077,0.0959707894999858,1.14687753527001));
#2267=CARTESIAN_POINT('Ctrl Pts',(1.35753687496739,0.0976270175698784,1.15613574313099));
#2268=CARTESIAN_POINT('Ctrl Pts',(1.37810191921444,0.099283245639771,1.15692899130984));
#2269=CARTESIAN_POINT('Ctrl Pts',(1.39428218300152,0.100939473709664,1.14889328384129));
#2270=CARTESIAN_POINT('Ctrl Pts',(1.41046244678861,0.102595701779556,1.14085757637274));
#2271=CARTESIAN_POINT('Ctrl Pts',(1.42225793011573,0.104251929849449,1.12399291325679));
#2272=CARTESIAN_POINT('Ctrl Pts',(1.42425606756007,0.105908157919342,1.10603794241534));
#2273=CARTESIAN_POINT('Ctrl Pts',(1.42447773988056,0.106091898993092,1.10404602736358));
#2274=CARTESIAN_POINT('Ctrl Pts',(1.4245788307075,0.106275640066842,1.10204069327615));
#2275=CARTESIAN_POINT('Ctrl Pts',(1.42456422652254,0.106459381140592,1.1000338726978));
#2276=CARTESIAN_POINT('Origin',(1.37,0.25,1.1));
#2277=CARTESIAN_POINT('',(1.42442555967724,0.137709381140592,1.10002828727138));
#2278=CARTESIAN_POINT('',(1.42448857549194,0.127915618859408,1.09994997986932));
#2279=CARTESIAN_POINT('',(1.4245,0.25,1.1));
#2280=CARTESIAN_POINT('Ctrl Pts',(1.42448857549194,0.127915618859408,1.09994997986932));
#2281=CARTESIAN_POINT('Ctrl Pts',(1.4243667432153,0.126682780986921,1.11346334706308));
#2282=CARTESIAN_POINT('Ctrl Pts',(1.41928335827428,0.125449943114434,1.12705854898296));
#2283=CARTESIAN_POINT('Ctrl Pts',(1.41017984399052,0.124217105241947,1.13695616186301));
#2284=CARTESIAN_POINT('Ctrl Pts',(1.39794993426119,0.122560877172054,1.15025288533551));
#2285=CARTESIAN_POINT('Ctrl Pts',(1.37846450737877,0.120904649102162,1.156876211408));
#2286=CARTESIAN_POINT('Ctrl Pts',(1.36066479487858,0.119248421032269,1.15378691019011));
#2287=CARTESIAN_POINT('Ctrl Pts',(1.34286508237838,0.117592192962376,1.15069760897223));
#2288=CARTESIAN_POINT('Ctrl Pts',(1.32675108426041,0.115935964892484,1.13789568046397));
#2289=CARTESIAN_POINT('Ctrl Pts',(1.31971699255328,0.114279736822591,1.1212555151662));
#2290=CARTESIAN_POINT('Ctrl Pts',(1.31268290084615,0.112623508752699,1.10461534986843));
#2291=CARTESIAN_POINT('Ctrl Pts',(1.31472871554986,0.110967280682806,1.08413694778115));
#2292=CARTESIAN_POINT('Ctrl Pts',(1.32491567853331,0.109311052612913,1.06921718464523));
#2293=CARTESIAN_POINT('Ctrl Pts',(1.33510264151675,0.107654824543021,1.05429742150932));
#2294=CARTESIAN_POINT('Ctrl Pts',(1.35343075277993,0.105998596473128,1.04493629732479));
#2295=CARTESIAN_POINT('Ctrl Pts',(1.37148983545345,0.104342368403235,1.04542932883846));
#2296=CARTESIAN_POINT('Ctrl Pts',(1.38954891812697,0.102686140333343,1.04592236035213));
#2297=CARTESIAN_POINT('Ctrl Pts',(1.40733897221084,0.10102991226345,1.05626954756401));
#2298=CARTESIAN_POINT('Ctrl Pts',(1.41669671786203,0.0993736841935576,1.07172290139444));
#2299=CARTESIAN_POINT('Ctrl Pts',(1.42179693867189,0.098470995748841,1.08014539113992));
#2300=CARTESIAN_POINT('Ctrl Pts',(1.42439230807241,0.0975683073041244,1.09008468838277));
#2301=CARTESIAN_POINT('Ctrl Pts',(1.42441407370295,0.0966656188594077,1.10001339013464));
#2302=CARTESIAN_POINT('Ctrl Pts',(1.42456422652254,0.106459381140592,1.1000338726978));
#2303=CARTESIAN_POINT('Ctrl Pts',(1.42444718969453,0.107931868136735,1.08395136515122));
#2304=CARTESIAN_POINT('Ctrl Pts',(1.41689987472253,0.109404355132877,1.06777339073256));
#2305=CARTESIAN_POINT('Ctrl Pts',(1.40443724649717,0.110876842129019,1.05764136842417));
#2306=CARTESIAN_POINT('Ctrl Pts',(1.39041949642838,0.112533070198912,1.04624504384142));
#2307=CARTESIAN_POINT('Ctrl Pts',(1.37018320472924,0.114189298268805,1.04249767324287));
#2308=CARTESIAN_POINT('Ctrl Pts',(1.35301415048588,0.115845526338697,1.04811880367747));
#2309=CARTESIAN_POINT('Ctrl Pts',(1.33584509624253,0.11750175440859,1.05373993411206));
#2310=CARTESIAN_POINT('Ctrl Pts',(1.32174327945497,0.119157982478483,1.06872956557979));
#2311=CARTESIAN_POINT('Ctrl Pts',(1.31717956728791,0.120814210548375,1.08620944150335));
#2312=CARTESIAN_POINT('Ctrl Pts',(1.31261585512084,0.122470438618268,1.10368931742692));
#2313=CARTESIAN_POINT('Ctrl Pts',(1.31759024757426,0.12412666668816,1.12365943780631));
#2314=CARTESIAN_POINT('Ctrl Pts',(1.32982015700161,0.125782894758053,1.13695616095048));
#2315=CARTESIAN_POINT('Ctrl Pts',(1.34205006642896,0.127439122827946,1.15025288409465));
#2316=CARTESIAN_POINT('Ctrl Pts',(1.36153549283024,0.129095350897838,1.15687621000359));
#2317=CARTESIAN_POINT('Ctrl Pts',(1.37933520489092,0.130751578967731,1.15378690886199));
#2318=CARTESIAN_POINT('Ctrl Pts',(1.3971349169516,0.132407807037624,1.15069760772039));
#2319=CARTESIAN_POINT('Ctrl Pts',(1.41324891467168,0.134064035107516,1.13789567952826));
#2320=CARTESIAN_POINT('Ctrl Pts',(1.42028300620512,0.135720263177409,1.12125551464136));
#2321=CARTESIAN_POINT('Ctrl Pts',(1.4230989706,0.13638330249847,1.11459394198146));
#2322=CARTESIAN_POINT('Ctrl Pts',(1.42445974517071,0.137046341819531,1.10731723488447));
#2323=CARTESIAN_POINT('Ctrl Pts',(1.42442555967724,0.137709381140592,1.10002828727138));
#2324=CARTESIAN_POINT('Origin',(1.37,0.25,1.1));
#2325=CARTESIAN_POINT('',(1.42446053474515,0.168959381140592,1.09995426883386));
#2326=CARTESIAN_POINT('',(1.42458813420042,0.159165618859408,1.10001134669751));
#2327=CARTESIAN_POINT('',(1.4245,0.25,1.1));
#2328=CARTESIAN_POINT('Ctrl Pts',(1.42458813420042,0.159165618859408,1.10001134669751));
#2329=CARTESIAN_POINT('Ctrl Pts',(1.42458986246691,0.159109710809502,1.10062126694702));
#2330=CARTESIAN_POINT('Ctrl Pts',(1.42458052742157,0.159053802759597,1.1012311330144));
#2331=CARTESIAN_POINT('Ctrl Pts',(1.42455996592159,0.158997894709692,1.10184062034901));
#2332=CARTESIAN_POINT('Ctrl Pts',(1.42395084910419,0.157341666639799,1.11989616035711));
#2333=CARTESIAN_POINT('Ctrl Pts',(1.41348950959971,0.155685438569907,1.13761932833793));
#2334=CARTESIAN_POINT('Ctrl Pts',(1.39797631747004,0.154029210500014,1.14687753642754));
#2335=CARTESIAN_POINT('Ctrl Pts',(1.38246312534037,0.152372982430122,1.15613574451715));
#2336=CARTESIAN_POINT('Ctrl Pts',(1.36189808058551,0.150716754360229,1.15692899271554));
#2337=CARTESIAN_POINT('Ctrl Pts',(1.34571781639889,0.149060526290336,1.14889328504856));
#2338=CARTESIAN_POINT('Ctrl Pts',(1.32953755221228,0.147404298220444,1.14085757738158));
#2339=CARTESIAN_POINT('Ctrl Pts',(1.31774206859391,0.145748070150551,1.12399291384923));
#2340=CARTESIAN_POINT('Ctrl Pts',(1.31574393110023,0.144091842080658,1.10603794256444));
#2341=CARTESIAN_POINT('Ctrl Pts',(1.31374579360656,0.142435614010766,1.08808297127964));
#2342=CARTESIAN_POINT('Ctrl Pts',(1.32154500223757,0.140779385940873,1.0690376922424));
#2343=CARTESIAN_POINT('Ctrl Pts',(1.33556275265249,0.139123157870981,1.05764136737824));
#2344=CARTESIAN_POINT('Ctrl Pts',(1.34958050306742,0.137466929801088,1.04624504251408));
#2345=CARTESIAN_POINT('Ctrl Pts',(1.36981679526624,0.135810701731195,1.04249767182301));
#2346=CARTESIAN_POINT('Ctrl Pts',(1.38698584993353,0.134154473661303,1.0481188023964));
#2347=CARTESIAN_POINT('Ctrl Pts',(1.40415490460083,0.13249824559141,1.0537399329698));
#2348=CARTESIAN_POINT('Ctrl Pts',(1.41825672173659,0.130842017521517,1.06872956480765));
#2349=CARTESIAN_POINT('Ctrl Pts',(1.42282043401635,0.129185789451625,1.08620944116283));
#2350=CARTESIAN_POINT('Ctrl Pts',(1.42398707952741,0.128762399254219,1.09067791288794));
#2351=CARTESIAN_POINT('Ctrl Pts',(1.42453041602329,0.128339009056813,1.09530912048994));
#2352=CARTESIAN_POINT('Ctrl Pts',(1.42448857549194,0.127915618859408,1.09994997986932));
#2353=CARTESIAN_POINT('Ctrl Pts',(1.42442555967724,0.137709381140592,1.10002828727138));
#2354=CARTESIAN_POINT('Ctrl Pts',(1.42437435208455,0.138702569889424,1.08910992914359));
#2355=CARTESIAN_POINT('Ctrl Pts',(1.42119312683611,0.139695758638255,1.07816410569081));
#2356=CARTESIAN_POINT('Ctrl Pts',(1.41508432035346,0.140688947387087,1.06921718540532));
#2357=CARTESIAN_POINT('Ctrl Pts',(1.40489735762155,0.142345175456979,1.05429742263782));
#2358=CARTESIAN_POINT('Ctrl Pts',(1.38656924681093,0.144001403526872,1.04493629868447));
#2359=CARTESIAN_POINT('Ctrl Pts',(1.36851016458333,0.145657631596765,1.04542933018595));
#2360=CARTESIAN_POINT('Ctrl Pts',(1.35045108235573,0.147313859666657,1.04592236168743));
#2361=CARTESIAN_POINT('Ctrl Pts',(1.33266102871116,0.14897008773655,1.05626954864374));
#2362=CARTESIAN_POINT('Ctrl Pts',(1.32330328329102,0.150626315806442,1.07172290209263));
#2363=CARTESIAN_POINT('Ctrl Pts',(1.31394553787088,0.152282543876335,1.08717625554152));
#2364=CARTESIAN_POINT('Ctrl Pts',(1.31302010067517,0.153938771946228,1.10773577548299));
#2365=CARTESIAN_POINT('Ctrl Pts',(1.32095162488045,0.15559500001612,1.12396736358917));
#2366=CARTESIAN_POINT('Ctrl Pts',(1.32888314908573,0.157251228086013,1.14019895169536));
#2367=CARTESIAN_POINT('Ctrl Pts',(1.34567163469199,0.158907456155906,1.15210260796625));
#2368=CARTESIAN_POINT('Ctrl Pts',(1.36361338918023,0.160563684225798,1.15421613045759));
#2369=CARTESIAN_POINT('Ctrl Pts',(1.38155514366847,0.162219912295691,1.15632965294894));
#2370=CARTESIAN_POINT('Ctrl Pts',(1.40065016703869,0.163876140365583,1.14865304166073));
#2371=CARTESIAN_POINT('Ctrl Pts',(1.41213637132524,0.165532368435476,1.13470884392377));
#2372=CARTESIAN_POINT('Ctrl Pts',(1.42005866349807,0.166674706003848,1.12509121865506));
#2373=CARTESIAN_POINT('Ctrl Pts',(1.42436131136218,0.16781704357222,1.11249199619379));
#2374=CARTESIAN_POINT('Ctrl Pts',(1.42446053474515,0.168959381140592,1.09995426883386));
#2375=CARTESIAN_POINT('Origin',(1.37,0.25,1.1));
#2376=CARTESIAN_POINT('',(1.42458988039635,0.200209381140592,1.09999289407839));
#2377=CARTESIAN_POINT('',(1.42445452975273,0.190415618859408,1.1000439573069));
#2378=CARTESIAN_POINT('',(1.4245,0.25,1.1));
#2379=CARTESIAN_POINT('Ctrl Pts',(1.42445452975273,0.190415618859408,1.1000439573069));
#2380=CARTESIAN_POINT('Ctrl Pts',(1.42449887820426,0.189880412562192,1.10591975072907));
#2381=CARTESIAN_POINT('Ctrl Pts',(1.42362301514878,0.189345206264975,1.11178267773511));
#2382=CARTESIAN_POINT('Ctrl Pts',(1.42177093055136,0.188809999967759,1.11731902699849));
#2383=CARTESIAN_POINT('Ctrl Pts',(1.41603954339462,0.187153771897867,1.13445159270716));
#2384=CARTESIAN_POINT('Ctrl Pts',(1.40095956353106,0.185497543827974,1.1484567511911));
#2385=CARTESIAN_POINT('Ctrl Pts',(1.3834507093419,0.183841315758081,1.15290799614384));
#2386=CARTESIAN_POINT('Ctrl Pts',(1.36594185515273,0.182185087688189,1.15735924109657));
#2387=CARTESIAN_POINT('Ctrl Pts',(1.34600412663796,0.180528859618296,1.15225657251811));
#2388=CARTESIAN_POINT('Ctrl Pts',(1.33278629998368,0.178872631548404,1.13994143607202));
#2389=CARTESIAN_POINT('Ctrl Pts',(1.3195684733294,0.177216403478511,1.12762629962593));
#2390=CARTESIAN_POINT('Ctrl Pts',(1.31307054853561,0.175560175408618,1.10809869531223));
#2391=CARTESIAN_POINT('Ctrl Pts',(1.31627421387494,0.173903947338726,1.09031921039439));
#2392=CARTESIAN_POINT('Ctrl Pts',(1.31947787921426,0.172247719268833,1.07253972547654));
#2393=CARTESIAN_POINT('Ctrl Pts',(1.3323831346867,0.17059149119894,1.05650835995456));
#2394=CARTESIAN_POINT('Ctrl Pts',(1.34906817589634,0.168935263129048,1.04958138749984));
#2395=CARTESIAN_POINT('Ctrl Pts',(1.36575321710598,0.167279035059155,1.04265441504512));
#2396=CARTESIAN_POINT('Ctrl Pts',(1.38621804405283,0.165622806989263,1.04483183565766));
#2397=CARTESIAN_POINT('Ctrl Pts',(1.40107201046109,0.16396657891937,1.05511450198161));
#2398=CARTESIAN_POINT('Ctrl Pts',(1.41542456265572,0.162366258899383,1.0650500640435));
#2399=CARTESIAN_POINT('Ctrl Pts',(1.42453866405308,0.160765938879395,1.08255290220628));
#2400=CARTESIAN_POINT('Ctrl Pts',(1.42458813420042,0.159165618859408,1.10001134669751));
#2401=CARTESIAN_POINT('Ctrl Pts',(1.42446053474515,0.168959381140592,1.09995426883386));
#2402=CARTESIAN_POINT('Ctrl Pts',(1.42450517124792,0.169473271642113,1.0943140630144));
#2403=CARTESIAN_POINT('Ctrl Pts',(1.42369914873217,0.169987162143634,1.08868630213425));
#2404=CARTESIAN_POINT('Ctrl Pts',(1.42198932032299,0.170501052645154,1.08334802685545));
#2405=CARTESIAN_POINT('Ctrl Pts',(1.41647867983131,0.172157280715047,1.06614319170981));
#2406=CARTESIAN_POINT('Ctrl Pts',(1.40158001364505,0.173813508784939,1.05194530560425));
#2407=CARTESIAN_POINT('Ctrl Pts',(1.38412983746877,0.175469736854832,1.04726931459214));
#2408=CARTESIAN_POINT('Ctrl Pts',(1.36667966129248,0.177125964924724,1.04259332358002));
#2409=CARTESIAN_POINT('Ctrl Pts',(1.34667797512618,0.178782192994617,1.04743922766134));
#2410=CARTESIAN_POINT('Ctrl Pts',(1.33330290487328,0.18043842106451,1.05958340676747));
#2411=CARTESIAN_POINT('Ctrl Pts',(1.31992783462039,0.182094649134402,1.0717275858736));
#2412=CARTESIAN_POINT('Ctrl Pts',(1.3131793802809,0.183750877204295,1.09117004000453));
#2413=CARTESIAN_POINT('Ctrl Pts',(1.31615418966935,0.185407105274188,1.10898923957357));
#2414=CARTESIAN_POINT('Ctrl Pts',(1.31912899905781,0.18706333334408,1.12680843914261));
#2415=CARTESIAN_POINT('Ctrl Pts',(1.33182707217419,0.188719561413973,1.14300438414975));
#2416=CARTESIAN_POINT('Ctrl Pts',(1.34842167316533,0.190375789483865,1.15014531352156));
#2417=CARTESIAN_POINT('Ctrl Pts',(1.36501627415647,0.192032017553758,1.15728624289336));
#2418=CARTESIAN_POINT('Ctrl Pts',(1.38550740302236,0.193688245623651,1.15537215662983));
#2419=CARTESIAN_POINT('Ctrl Pts',(1.40049234657596,0.195344473693543,1.14528129944968));
#2420=CARTESIAN_POINT('Ctrl Pts',(1.41516431211274,0.196966109509226,1.13540120158652));
#2421=CARTESIAN_POINT('Ctrl Pts',(1.42455769656303,0.198587745324909,1.11768232862574));
#2422=CARTESIAN_POINT('Ctrl Pts',(1.42458988039635,0.200209381140592,1.09999289407839));
#2423=CARTESIAN_POINT('Origin',(1.37,0.25,1.1));
#2424=CARTESIAN_POINT('',(1.42448164930258,0.231459381140592,1.10005019049273));
#2425=CARTESIAN_POINT('',(1.42442928535199,0.221665618859408,1.09996829183913));
#2426=CARTESIAN_POINT('',(1.4245,0.25,1.1));
#2427=CARTESIAN_POINT('',(1.3245994394902,0.25,1.13015027537845));
#2428=CARTESIAN_POINT('Ctrl Pts',(1.42448164930258,0.231459381140592,1.10005019049273));
#2429=CARTESIAN_POINT('Ctrl Pts',(1.42436425329235,0.232670903217384,1.08676967130009));
#2430=CARTESIAN_POINT('Ctrl Pts',(1.41947168738354,0.233882425294175,1.07341257641535));
#2431=CARTESIAN_POINT('Ctrl Pts',(1.41065151385219,0.235093947370966,1.0635682928765));
#2432=CARTESIAN_POINT('Ctrl Pts',(1.39859377321025,0.236750175440859,1.05011052843509));
#2433=CARTESIAN_POINT('Ctrl Pts',(1.37919586945309,0.238406403510752,1.04321772942551));
#2434=CARTESIAN_POINT('Ctrl Pts',(1.36135725980323,0.240062631580644,1.04608825535316));
#2435=CARTESIAN_POINT('Ctrl Pts',(1.34351865015337,0.241718859650537,1.04895878128081));
#2436=CARTESIAN_POINT('Ctrl Pts',(1.3272393346108,0.243375087720429,1.06159263214567));
#2437=CARTESIAN_POINT('Ctrl Pts',(1.31999948826422,0.245031315790322,1.07811085893115));
#2438=CARTESIAN_POINT('Ctrl Pts',(1.31275964191764,0.246687543860215,1.09462908571664));
#2439=CARTESIAN_POINT('Ctrl Pts',(1.31455926476704,0.248343771930107,1.11503168842274));
#2440=CARTESIAN_POINT('Ctrl Pts',(1.3245994394902,0.25,1.13015027537845));
#2441=CARTESIAN_POINT('',(1.41533822742129,0.25,1.13015901567829));
#2442=CARTESIAN_POINT('Origin',(1.37,0.25,1.1));
#2443=CARTESIAN_POINT('Ctrl Pts',(1.41533822742129,0.25,1.13015901567829));
#2444=CARTESIAN_POINT('Ctrl Pts',(1.41220879156433,0.249478070161298,1.13496153165975));
#2445=CARTESIAN_POINT('Ctrl Pts',(1.40835601946795,0.248956140322596,1.13926885228068));
#2446=CARTESIAN_POINT('Ctrl Pts',(1.40389418755109,0.248434210483894,1.14280604231262));
#2447=CARTESIAN_POINT('Ctrl Pts',(1.38973555795019,0.246777982414001,1.15403052687937));
#2448=CARTESIAN_POINT('Ctrl Pts',(1.36944388577497,0.245121754344109,1.15750003643155));
#2449=CARTESIAN_POINT('Ctrl Pts',(1.35234630127896,0.243465526274216,1.15165425514882));
#2450=CARTESIAN_POINT('Ctrl Pts',(1.33524871678296,0.241809298204323,1.1458084738661));
#2451=CARTESIAN_POINT('Ctrl Pts',(1.32134521996618,0.240153070134431,1.13064740174848));
#2452=CARTESIAN_POINT('Ctrl Pts',(1.31700773308094,0.238496842064538,1.11311245469064));
#2453=CARTESIAN_POINT('Ctrl Pts',(1.31267024619571,0.236840613994645,1.09557750763281));
#2454=CARTESIAN_POINT('Ctrl Pts',(1.31789876924203,0.235184385924753,1.07566868563476));
#2455=CARTESIAN_POINT('Ctrl Pts',(1.33029807044632,0.23352815785486,1.06252922381585));
#2456=CARTESIAN_POINT('Ctrl Pts',(1.34269737165061,0.231871929784968,1.04938976199694));
#2457=CARTESIAN_POINT('Ctrl Pts',(1.36226745101287,0.230215701715075,1.04301966035717));
#2458=CARTESIAN_POINT('Ctrl Pts',(1.38002624988827,0.228559473645182,1.04633809608053));
#2459=CARTESIAN_POINT('Ctrl Pts',(1.39778504876367,0.22690324557529,1.0496565318039));
#2460=CARTESIAN_POINT('Ctrl Pts',(1.41373256715221,0.225247017505397,1.0626635048904));
#2461=CARTESIAN_POINT('Ctrl Pts',(1.42055199599573,0.223590789435504,1.07939246329715));
#2462=CARTESIAN_POINT('Ctrl Pts',(1.42319425764918,0.222949065910139,1.0858742796361));
#2463=CARTESIAN_POINT('Ctrl Pts',(1.42446615659491,0.222307342384773,1.09291486239123));
#2464=CARTESIAN_POINT('Ctrl Pts',(1.42442928535199,0.221665618859408,1.09996829183913));
#2465=CARTESIAN_POINT('Origin',(-1.37,0.25,1.1));
#2466=CARTESIAN_POINT('',(-1.31550580159598,0.0127093811405923,1.10005293308361));
#2467=CARTESIAN_POINT('',(-1.31559864950165,0.00291561885940765,1.09992969385558));
#2468=CARTESIAN_POINT('',(-1.3155,0.25,1.1));
#2469=CARTESIAN_POINT('',(-1.3245994394902,4.37095678986282E-17,1.13015027537845));
#2470=CARTESIAN_POINT('Ctrl Pts',(-1.31559864950165,0.00291561885940765,
1.09992969385558));
#2471=CARTESIAN_POINT('Ctrl Pts',(-1.31565380258556,0.00194374590627181,
1.11058767323191));
#2472=CARTESIAN_POINT('Ctrl Pts',(-1.31870787513649,0.000971872953135961,
1.12127870387269));
#2473=CARTESIAN_POINT('Ctrl Pts',(-1.3245994394902,1.07907995749738E-16,
1.13015027537844));
#2474=CARTESIAN_POINT('',(-1.41533822675585,5.51394393612087E-17,1.13015902886187));
#2475=CARTESIAN_POINT('Origin',(-1.37,0.,1.1));
#2476=CARTESIAN_POINT('Ctrl Pts',(-1.41533822675585,5.51394393612087E-17,
1.13015902886187));
#2477=CARTESIAN_POINT('Ctrl Pts',(-1.41220879400883,0.000521929838702106,
1.13496153793734));
#2478=CARTESIAN_POINT('Ctrl Pts',(-1.40835602463207,0.00104385967740415,
1.13926885244679));
#2479=CARTESIAN_POINT('Ctrl Pts',(-1.40389419406415,0.0015657895161062,
1.142806039467));
#2480=CARTESIAN_POINT('Ctrl Pts',(-1.38973556874381,0.00322201758599882,
1.15403051447673));
#2481=CARTESIAN_POINT('Ctrl Pts',(-1.3694438870467,0.00487824565589145,
1.15750004568556));
#2482=CARTESIAN_POINT('Ctrl Pts',(-1.35234629817993,0.00653447372578408,
1.15165426812569));
#2483=CARTESIAN_POINT('Ctrl Pts',(-1.33524870931316,0.00819070179567669,
1.14580849056583));
#2484=CARTESIAN_POINT('Ctrl Pts',(-1.32134521327673,0.00984692986556928,
1.13064740423728));
#2485=CARTESIAN_POINT('Ctrl Pts',(-1.31700772674224,0.0115031579354619,
1.11311245242257));
#2486=CARTESIAN_POINT('Ctrl Pts',(-1.31595473631478,0.011905232337172,1.10885557778793));
#2487=CARTESIAN_POINT('Ctrl Pts',(-1.31546551772169,0.0123073067388822,
1.10445879962304));
#2488=CARTESIAN_POINT('Ctrl Pts',(-1.31550580159598,0.0127093811405923,
1.10005293308361));
#2489=CARTESIAN_POINT('Origin',(-1.37,0.25,1.1));
#2490=CARTESIAN_POINT('',(-1.31558740446607,0.0439593811405923,1.09999040609343));
#2491=CARTESIAN_POINT('',(-1.31544147995181,0.0341656188594077,1.09996329187062));
#2492=CARTESIAN_POINT('',(-1.3155,0.25,1.1));
#2493=CARTESIAN_POINT('Ctrl Pts',(-1.31544147995181,0.0341656188594077,
1.09996329187062));
#2494=CARTESIAN_POINT('Ctrl Pts',(-1.31556450079409,0.0327144476589609,
1.11581691009659));
#2495=CARTESIAN_POINT('Ctrl Pts',(-1.32286821443677,0.0312632764585141,
1.1317687958741));
#2496=CARTESIAN_POINT('Ctrl Pts',(-1.33502101639962,0.0298121052580673,
1.1419117641627));
#2497=CARTESIAN_POINT('Ctrl Pts',(-1.34889106269912,0.0281558771881747,
1.15348797845529));
#2498=CARTESIAN_POINT('Ctrl Pts',(-1.36907741372558,0.026499649118282,1.15749763784702));
#2499=CARTESIAN_POINT('Ctrl Pts',(-1.38631736339206,0.0248434210483894,
1.15209650373245));
#2500=CARTESIAN_POINT('Ctrl Pts',(-1.40355731305855,0.0231871929784968,
1.14669536961789));
#2501=CARTESIAN_POINT('Ctrl Pts',(-1.41785086136507,0.0215309649086042,
1.13188344199704));
#2502=CARTESIAN_POINT('Ctrl Pts',(-1.42263884597236,0.0198747368387116,
1.11446611448116));
#2503=CARTESIAN_POINT('Ctrl Pts',(-1.42742683057965,0.0182185087688189,
1.09704878696528));
#2504=CARTESIAN_POINT('Ctrl Pts',(-1.42270925148772,0.0165622806989263,
1.07702605955437));
#2505=CARTESIAN_POINT('Ctrl Pts',(-1.41065151199983,0.0149060526290336,
1.06356829488415));
#2506=CARTESIAN_POINT('Ctrl Pts',(-1.39859377251195,0.013249824559141,1.05011053021393));
#2507=CARTESIAN_POINT('Ctrl Pts',(-1.37919587262811,0.0115935964892484,
1.0432177282844));
#2508=CARTESIAN_POINT('Ctrl Pts',(-1.36135726125809,0.00993736841935577,
1.04608825548957));
#2509=CARTESIAN_POINT('Ctrl Pts',(-1.34351864988808,0.00828114034946316,
1.04895878269473));
#2510=CARTESIAN_POINT('Ctrl Pts',(-1.32723932703188,0.00662491227957052,
1.06159263903461));
#2511=CARTESIAN_POINT('Ctrl Pts',(-1.31999948075163,0.00496868420967792,
1.07811086546661));
#2512=CARTESIAN_POINT('Ctrl Pts',(-1.31700796893239,0.00428432909292116,
1.08493621336644));
#2513=CARTESIAN_POINT('Ctrl Pts',(-1.31555981284603,0.00359997397616441,
1.09242475949461));
#2514=CARTESIAN_POINT('Ctrl Pts',(-1.31559864950165,0.00291561885940765,
1.09992969385558));
#2515=CARTESIAN_POINT('Ctrl Pts',(-1.31550580159598,0.0127093811405923,
1.10005293308361));
#2516=CARTESIAN_POINT('Ctrl Pts',(-1.3156314553767,0.0139635348087748,1.08631011917044));
#2517=CARTESIAN_POINT('Ctrl Pts',(-1.32090888128191,0.0152176884769573,
1.07247888029702));
#2518=CARTESIAN_POINT('Ctrl Pts',(-1.33029806559486,0.0164718421451398,
1.06252922140616));
#2519=CARTESIAN_POINT('Ctrl Pts',(-1.34269736801451,0.0181280702150324,
1.0493897595053));
#2520=CARTESIAN_POINT('Ctrl Pts',(-1.36226744988634,0.0197842982849251,
1.04301965300443));
#2521=CARTESIAN_POINT('Ctrl Pts',(-1.38002625103885,0.0214405263548177,
1.04633808824331));
#2522=CARTESIAN_POINT('Ctrl Pts',(-1.39778505219135,0.0230967544247103,
1.04965652348218));
#2523=CARTESIAN_POINT('Ctrl Pts',(-1.41373257262452,0.0247529824946029,
1.0626635004608));
#2524=CARTESIAN_POINT('Ctrl Pts',(-1.42055200229537,0.0264092105644955,
1.07939246143718));
#2525=CARTESIAN_POINT('Ctrl Pts',(-1.42737143196623,0.0280654386343882,
1.09612142241355));
#2526=CARTESIAN_POINT('Ctrl Pts',(-1.42506277087477,0.0297216667042808,
1.11657236738768));
#2527=CARTESIAN_POINT('Ctrl Pts',(-1.41468489388256,0.0313778947741734,
1.13136005920862));
#2528=CARTESIAN_POINT('Ctrl Pts',(-1.40430701689035,0.0330341228440661,
1.14614775102955));
#2529=CARTESIAN_POINT('Ctrl Pts',(-1.38585992399739,0.0346903509139587,
1.15527218969729));
#2530=CARTESIAN_POINT('Ctrl Pts',(-1.36780863616529,0.0363465789838513,
1.15454694562871));
#2531=CARTESIAN_POINT('Ctrl Pts',(-1.34975734833319,0.0380028070537439,
1.15382170156012));
#2532=CARTESIAN_POINT('Ctrl Pts',(-1.33210186556196,0.0396590351236366,
1.14324677475522));
#2533=CARTESIAN_POINT('Ctrl Pts',(-1.32294359374593,0.0413152631935292,
1.12767441699737));
#2534=CARTESIAN_POINT('Ctrl Pts',(-1.31806995922802,0.0421966358425502,
1.11938748450418));
#2535=CARTESIAN_POINT('Ctrl Pts',(-1.3156026551074,0.0430780084915712,1.10968532646536));
#2536=CARTESIAN_POINT('Ctrl Pts',(-1.31558740446607,0.0439593811405923,
1.09999040609343));
#2537=CARTESIAN_POINT('Origin',(-1.37,0.25,1.1));
#2538=CARTESIAN_POINT('',(-1.31546900607404,0.0752093811405924,1.09995364882056));
#2539=CARTESIAN_POINT('',(-1.31546216787281,0.0654156188594076,1.10004461527496));
#2540=CARTESIAN_POINT('',(-1.3155,0.25,1.1));
#2541=CARTESIAN_POINT('Ctrl Pts',(-1.31546216787281,0.0654156188594076,
1.10004461527496));
#2542=CARTESIAN_POINT('Ctrl Pts',(-1.31543562815799,0.0651413774815426,
1.10304366057412));
#2543=CARTESIAN_POINT('Ctrl Pts',(-1.31566161646842,0.0648671361036775,
1.10603870264178));
#2544=CARTESIAN_POINT('Ctrl Pts',(-1.31615419102389,0.0645928947258124,
1.10898923935066));
#2545=CARTESIAN_POINT('Ctrl Pts',(-1.31912900033834,0.0629366666559198,
1.12680843846838));
#2546=CARTESIAN_POINT('Ctrl Pts',(-1.33182707313863,0.0612804385860272,
1.14300438305584));
#2547=CARTESIAN_POINT('Ctrl Pts',(-1.3484216737103,0.0596242105161346,1.15014531225298));
#2548=CARTESIAN_POINT('Ctrl Pts',(-1.36501627428197,0.0579679824462419,
1.15728624145012));
#2549=CARTESIAN_POINT('Ctrl Pts',(-1.385507402625,0.0563117543763492,1.15537215525692));
#2550=CARTESIAN_POINT('Ctrl Pts',(-1.40049234580485,0.0546555263064566,
1.14528129832152));
#2551=CARTESIAN_POINT('Ctrl Pts',(-1.4154772889847,0.052999298236564,1.13519044138613));
#2552=CARTESIAN_POINT('Ctrl Pts',(-1.42495604700136,0.0513430701666715,
1.11692281370853));
#2553=CARTESIAN_POINT('Ctrl Pts',(-1.42457911980196,0.0496868420967789,
1.09886097333574));
#2554=CARTESIAN_POINT('Ctrl Pts',(-1.42420219260257,0.0480306140268862,
1.08079913296294));
#2555=CARTESIAN_POINT('Ctrl Pts',(-1.41396958018712,0.0463743859569936,
1.06294307989496));
#2556=CARTESIAN_POINT('Ctrl Pts',(-1.39857670687384,0.0447181578871009,
1.05348610836159));
#2557=CARTESIAN_POINT('Ctrl Pts',(-1.38318383356055,0.0430619298172083,
1.04402913682823));
#2558=CARTESIAN_POINT('Ctrl Pts',(-1.36263069934943,0.0414057017473156,
1.04297124682949));
#2559=CARTESIAN_POINT('Ctrl Pts',(-1.34634845254666,0.039749473677423,1.05079841093886));
#2560=CARTESIAN_POINT('Ctrl Pts',(-1.33006620574388,0.0380932456075304,
1.05862557504823));
#2561=CARTESIAN_POINT('Ctrl Pts',(-1.31805484634944,0.0364370175376378,
1.0753377932657));
#2562=CARTESIAN_POINT('Ctrl Pts',(-1.3158260374385,0.0347807894677452,1.09326528697117));
#2563=CARTESIAN_POINT('Ctrl Pts',(-1.31555008958676,0.0345757325982993,
1.09548488208798));
#2564=CARTESIAN_POINT('Ctrl Pts',(-1.31542409656605,0.0343706757288535,
1.09772310592853));
#2565=CARTESIAN_POINT('Ctrl Pts',(-1.31544147995181,0.0341656188594077,
1.09996329187062));
#2566=CARTESIAN_POINT('Ctrl Pts',(-1.31558740446607,0.0439593811405923,
1.09999040609343));
#2567=CARTESIAN_POINT('Ctrl Pts',(-1.31557399692259,0.0447342365614639,
1.09146715362644));
#2568=CARTESIAN_POINT('Ctrl Pts',(-1.31745577673751,0.0455090919823355,
1.08294949513809));
#2569=CARTESIAN_POINT('Ctrl Pts',(-1.32126381230567,0.046283947403207,1.07540398071242));
#2570=CARTESIAN_POINT('Ctrl Pts',(-1.32940336354226,0.0479401754730997,
1.05927569089609));
#2571=CARTESIAN_POINT('Ctrl Pts',(-1.34634352687626,0.0495964035429923,
1.04758889997422));
#2572=CARTESIAN_POINT('Ctrl Pts',(-1.36431097897701,0.051252631612885,1.04570623809094));
#2573=CARTESIAN_POINT('Ctrl Pts',(-1.38227843107776,0.0529088596827776,
1.04382357620766));
#2574=CARTESIAN_POINT('Ctrl Pts',(-1.40127317194525,0.0545650877526703,
1.05174504336298));
#2575=CARTESIAN_POINT('Ctrl Pts',(-1.41257914537288,0.0562213158225629,
1.06583576463893));
#2576=CARTESIAN_POINT('Ctrl Pts',(-1.42388511880052,0.0578775438924555,
1.07992648591489));
#2577=CARTESIAN_POINT('Ctrl Pts',(-1.4275023247883,0.0595337719623481,1.10018646131149));
#2578=CARTESIAN_POINT('Ctrl Pts',(-1.42177093692411,0.0611900000322407,
1.11731902912245));
#2579=CARTESIAN_POINT('Ctrl Pts',(-1.41603954905993,0.0628462281021333,
1.13445159693342));
#2580=CARTESIAN_POINT('Ctrl Pts',(-1.40095956734379,0.0645024561720259,
1.14845675715875));
#2581=CARTESIAN_POINT('Ctrl Pts',(-1.38345071099953,0.0661586842419185,
1.15290800266357));
#2582=CARTESIAN_POINT('Ctrl Pts',(-1.36594185465528,0.0678149123118111,
1.15735924816839));
#2583=CARTESIAN_POINT('Ctrl Pts',(-1.34600412368292,0.0694711403817038,
1.1522565789527));
#2584=CARTESIAN_POINT('Ctrl Pts',(-1.33278629540044,0.0711273684515964,
1.13994144098802));
#2585=CARTESIAN_POINT('Ctrl Pts',(-1.32192721470761,0.0724880393479284,
1.12982396374109));
#2586=CARTESIAN_POINT('Ctrl Pts',(-1.31560367289087,0.0738487102442604,
1.11483849451375));
#2587=CARTESIAN_POINT('Ctrl Pts',(-1.31546900607404,0.0752093811405924,
1.09995364882056));
#2588=CARTESIAN_POINT('Origin',(-1.37,0.25,1.1));
#2589=CARTESIAN_POINT('',(-1.31543576541108,0.106459381140592,1.10003387270284));
#2590=CARTESIAN_POINT('',(-1.31558592901037,0.0966656188594077,1.10001339013409));
#2591=CARTESIAN_POINT('',(-1.3155,0.25,1.1));
#2592=CARTESIAN_POINT('Ctrl Pts',(-1.31558592901037,0.0966656188594077,
1.10001339013409));
#2593=CARTESIAN_POINT('Ctrl Pts',(-1.31556775965818,0.0959120792342317,
1.10830159839394));
#2594=CARTESIAN_POINT('Ctrl Pts',(-1.31734299410667,0.0951585396090557,
1.11658242323521));
#2595=CARTESIAN_POINT('Ctrl Pts',(-1.32095162611511,0.0944049999838797,
1.12396736298593));
#2596=CARTESIAN_POINT('Ctrl Pts',(-1.32888315012074,0.0927487719139871,
1.14019895068346));
#2597=CARTESIAN_POINT('Ctrl Pts',(-1.34567163530445,0.0910925438440945,
1.15210260665443));
#2598=CARTESIAN_POINT('Ctrl Pts',(-1.36361338934103,0.0894363157742018,
1.15421612909269));
#2599=CARTESIAN_POINT('Ctrl Pts',(-1.3815551433776,0.0877800877043092,1.15632965153096));
#2600=CARTESIAN_POINT('Ctrl Pts',(-1.40065016626703,0.0861238596344166,
1.14865304043651));
#2601=CARTESIAN_POINT('Ctrl Pts',(-1.4121363702645,0.0844676315645239,1.13470884305033));
#2602=CARTESIAN_POINT('Ctrl Pts',(-1.42362257426197,0.0828114034946313,
1.12076464566415));
#2603=CARTESIAN_POINT('Ctrl Pts',(-1.42749995936749,0.0811551754247387,
1.10055286198623));
#2604=CARTESIAN_POINT('Ctrl Pts',(-1.42198931901441,0.0794989473548461,
1.08334802727411));
#2605=CARTESIAN_POINT('Ctrl Pts',(-1.41647867866132,0.0778427192849535,
1.06614319256199));
#2606=CARTESIAN_POINT('Ctrl Pts',(-1.40158001284965,0.0761864912150608,
1.05194530681567));
#2607=CARTESIAN_POINT('Ctrl Pts',(-1.38412983711285,0.0745302631451682,
1.04726931592046));
#2608=CARTESIAN_POINT('Ctrl Pts',(-1.36667966137606,0.0728740350752756,
1.04259332502524));
#2609=CARTESIAN_POINT('Ctrl Pts',(-1.34667797571415,0.071217807005383,1.04743922898113));
#2610=CARTESIAN_POINT('Ctrl Pts',(-1.3333029057975,0.0695615789354903,1.05958340778306));
#2611=CARTESIAN_POINT('Ctrl Pts',(-1.32214250526706,0.0681795922434628,
1.06971673047874));
#2612=CARTESIAN_POINT('Ctrl Pts',(-1.31559590966251,0.0667976055514352,
1.08493150315274));
#2613=CARTESIAN_POINT('Ctrl Pts',(-1.31546216787281,0.0654156188594076,
1.10004461527496));
#2614=CARTESIAN_POINT('Ctrl Pts',(-1.31546900607404,0.0752093811405924,
1.09995364882056));
#2615=CARTESIAN_POINT('Ctrl Pts',(-1.31543975451596,0.075504938314153,1.09672044751243));
#2616=CARTESIAN_POINT('Ctrl Pts',(-1.31570250677534,0.0758004954877137,
1.09349199382904));
#2617=CARTESIAN_POINT('Ctrl Pts',(-1.31627420725949,0.0760960526612743,
1.09031920920356));
#2618=CARTESIAN_POINT('Ctrl Pts',(-1.31947787299362,0.0777522807311669,
1.07253972209744));
#2619=CARTESIAN_POINT('Ctrl Pts',(-1.33238313005449,0.0794085088010595,
1.05650835459889));
#2620=CARTESIAN_POINT('Ctrl Pts',(-1.34906817331857,0.0810647368709521,
1.04958138129059));
#2621=CARTESIAN_POINT('Ctrl Pts',(-1.36575321658265,0.0827209649408447,
1.04265440798229));
#2622=CARTESIAN_POINT('Ctrl Pts',(-1.38621804604996,0.0843771930107374,
1.04483182886425));
#2623=CARTESIAN_POINT('Ctrl Pts',(-1.40107201428743,0.08603342108063,1.05511449645472));
#2624=CARTESIAN_POINT('Ctrl Pts',(-1.41592598252491,0.0876896491505227,
1.06539716404519));
#2625=CARTESIAN_POINT('Ctrl Pts',(-1.42516908953256,0.0893458772204153,
1.08378507834418));
#2626=CARTESIAN_POINT('Ctrl Pts',(-1.42455997264009,0.0910021052903079,
1.10184062057549));
#2627=CARTESIAN_POINT('Ctrl Pts',(-1.42395085574763,0.0926583333602006,
1.11989616280679));
#2628=CARTESIAN_POINT('Ctrl Pts',(-1.41348951495505,0.0943145614300932,
1.13761933297041));
#2629=CARTESIAN_POINT('Ctrl Pts',(-1.3979763209151,0.0959707894999858,1.14687754220017));
#2630=CARTESIAN_POINT('Ctrl Pts',(-1.38246312687515,0.0976270175698785,
1.15613575142993));
#2631=CARTESIAN_POINT('Ctrl Pts',(-1.36189807958783,0.0992832456397711,
1.15692899972582));
#2632=CARTESIAN_POINT('Ctrl Pts',(-1.34571781340875,0.100939473709664,1.14889329106927));
#2633=CARTESIAN_POINT('Ctrl Pts',(-1.32953754722967,0.102595701779556,1.14085758241272));
#2634=CARTESIAN_POINT('Ctrl Pts',(-1.31774206215883,0.104251929849449,1.12399291680374));
#2635=CARTESIAN_POINT('Ctrl Pts',(-1.31574392441911,0.105908157919342,1.10603794330798));
#2636=CARTESIAN_POINT('Ctrl Pts',(-1.31552225206584,0.106091898993092,1.10404602796175));
#2637=CARTESIAN_POINT('Ctrl Pts',(-1.31542116122395,0.106275640066842,1.10204069357786));
#2638=CARTESIAN_POINT('Ctrl Pts',(-1.31543576541108,0.106459381140592,1.10003387270284));
#2639=CARTESIAN_POINT('Origin',(-1.37,0.25,1.1));
#2640=CARTESIAN_POINT('',(-1.31557443227687,0.137709381140592,1.10002828727559));
#2641=CARTESIAN_POINT('',(-1.31551142722512,0.127915618859408,1.09994997987182));
#2642=CARTESIAN_POINT('',(-1.3155,0.25,1.1));
#2643=CARTESIAN_POINT('Ctrl Pts',(-1.31551142722512,0.127915618859408,1.09994997987182));
#2644=CARTESIAN_POINT('Ctrl Pts',(-1.31563325949569,0.126682780986921,1.11346334639174));
#2645=CARTESIAN_POINT('Ctrl Pts',(-1.32071664418323,0.125449943114434,1.12705854763369));
#2646=CARTESIAN_POINT('Ctrl Pts',(-1.32982015801303,0.124217105241947,1.1369561600202));
#2647=CARTESIAN_POINT('Ctrl Pts',(-1.34205006713253,0.122560877172054,1.15025288282966));
#2648=CARTESIAN_POINT('Ctrl Pts',(-1.36153549304331,0.120904649102162,1.15687620857187));
#2649=CARTESIAN_POINT('Ctrl Pts',(-1.37933520465593,0.119248421032269,1.15378690750804));
#2650=CARTESIAN_POINT('Ctrl Pts',(-1.39713491626854,0.117592192962376,1.15069760644421));
#2651=CARTESIAN_POINT('Ctrl Pts',(-1.41324891358299,0.115935964892484,1.13789567857434));
#2652=CARTESIAN_POINT('Ctrl Pts',(-1.42028300493937,0.114279736822591,1.12125551410631));
#2653=CARTESIAN_POINT('Ctrl Pts',(-1.42731709629575,0.112623508752699,1.10461534963829));
#2654=CARTESIAN_POINT('Ctrl Pts',(-1.42527128169406,0.110967280682806,1.08413694857211));
#2655=CARTESIAN_POINT('Ctrl Pts',(-1.41508431921858,0.109311052612913,1.06921718618019));
#2656=CARTESIAN_POINT('Ctrl Pts',(-1.4048973567431,0.107654824543021,1.05429742378827));
#2657=CARTESIAN_POINT('Ctrl Pts',(-1.38656924639383,0.105998596473128,1.0449363000706));
#2658=CARTESIAN_POINT('Ctrl Pts',(-1.36851016462083,0.104342368403235,1.04542933155965));
#2659=CARTESIAN_POINT('Ctrl Pts',(-1.35045108284783,0.102686140333343,1.0459223630487));
#2660=CARTESIAN_POINT('Ctrl Pts',(-1.33266102965109,0.10102991226345,1.05626954974447));
#2661=CARTESIAN_POINT('Ctrl Pts',(-1.3233032844665,0.0993736841935575,1.07172290280439));
#2662=CARTESIAN_POINT('Ctrl Pts',(-1.31820306391096,0.0984709957488409,
1.08014539212993));
#2663=CARTESIAN_POINT('Ctrl Pts',(-1.31560769463983,0.0975683073041243,
1.09008468887726));
#2664=CARTESIAN_POINT('Ctrl Pts',(-1.31558592901037,0.0966656188594077,
1.10001339013409));
#2665=CARTESIAN_POINT('Ctrl Pts',(-1.31543576541108,0.106459381140592,1.10003387270284));
#2666=CARTESIAN_POINT('Ctrl Pts',(-1.31555280225639,0.107931868136735,1.08395136277875));
#2667=CARTESIAN_POINT('Ctrl Pts',(-1.32310011834412,0.109404355132877,1.0677733859684));
#2668=CARTESIAN_POINT('Ctrl Pts',(-1.33556274841186,0.110876842129019,1.05764136216215));
#2669=CARTESIAN_POINT('Ctrl Pts',(-1.34958050055293,0.112533070198912,1.04624503589463));
#2670=CARTESIAN_POINT('Ctrl Pts',(-1.36981679524368,0.114189298268805,1.04249766474213));
#2671=CARTESIAN_POINT('Ctrl Pts',(-1.38698585202519,0.115845526338697,1.04811879600772));
#2672=CARTESIAN_POINT('Ctrl Pts',(-1.4041549088067,0.11750175440859,1.05373992727331));
#2673=CARTESIAN_POINT('Ctrl Pts',(-1.41825672767896,0.119157982478483,1.06872956095699));
#2674=CARTESIAN_POINT('Ctrl Pts',(-1.4228204405207,0.120814210548375,1.08620943946465));
#2675=CARTESIAN_POINT('Ctrl Pts',(-1.42738415336243,0.122470438618268,1.10368931797231));
#2676=CARTESIAN_POINT('Ctrl Pts',(-1.42240976017363,0.12412666668816,1.12365944130394));
#2677=CARTESIAN_POINT('Ctrl Pts',(-1.4101798489383,0.125782894758053,1.13695616641382));
#2678=CARTESIAN_POINT('Ctrl Pts',(-1.39794993770297,0.127439122827946,1.15025289152369));
#2679=CARTESIAN_POINT('Ctrl Pts',(-1.3784645084211,0.129095350897838,1.15687621841181));
#2680=CARTESIAN_POINT('Ctrl Pts',(-1.36066479372903,0.130751578967731,1.15378691681349));
#2681=CARTESIAN_POINT('Ctrl Pts',(-1.34286507903697,0.132407807037624,1.15069761521518));
#2682=CARTESIAN_POINT('Ctrl Pts',(-1.32675107893469,0.134064035107516,1.13789568513043));
#2683=CARTESIAN_POINT('Ctrl Pts',(-1.31971698636138,0.135720263177409,1.1212555177836));
#2684=CARTESIAN_POINT('Ctrl Pts',(-1.31690102155022,0.13638330249847,1.11459394413891));
#2685=CARTESIAN_POINT('Ctrl Pts',(-1.31554024677834,0.137046341819531,1.10731723596621));
#2686=CARTESIAN_POINT('Ctrl Pts',(-1.31557443227687,0.137709381140592,1.10002828727559));
#2687=CARTESIAN_POINT('Origin',(-1.37,0.25,1.1));
#2688=CARTESIAN_POINT('',(-1.31553945720459,0.168959381140592,1.09995426883041));
#2689=CARTESIAN_POINT('',(-1.31541186852158,0.159165618859408,1.10001134669701));
#2690=CARTESIAN_POINT('',(-1.3155,0.25,1.1));
#2691=CARTESIAN_POINT('Ctrl Pts',(-1.31541186852158,0.159165618859408,1.10001134669701));
#2692=CARTESIAN_POINT('Ctrl Pts',(-1.31541014025518,0.159109710809502,1.10062126691611));
#2693=CARTESIAN_POINT('Ctrl Pts',(-1.31541947530005,0.159053802759597,1.10123113295308));
#2694=CARTESIAN_POINT('Ctrl Pts',(-1.315440036799,0.158997894709692,1.10184062025731));
#2695=CARTESIAN_POINT('Ctrl Pts',(-1.31604915358602,0.157341666639799,1.11989615936513));
#2696=CARTESIAN_POINT('Ctrl Pts',(-1.32651049256889,0.155685438569907,1.13761932646205));
#2697=CARTESIAN_POINT('Ctrl Pts',(-1.34202368392501,0.154029210500014,1.14687753408996));
#2698=CARTESIAN_POINT('Ctrl Pts',(-1.35753687528113,0.152372982430122,1.15613574171788));
#2699=CARTESIAN_POINT('Ctrl Pts',(-1.37810191901049,0.150716754360229,1.15692898987679));
#2700=CARTESIAN_POINT('Ctrl Pts',(-1.39428218239028,0.149060526290336,1.14889328261053));
#2701=CARTESIAN_POINT('Ctrl Pts',(-1.41046244577006,0.147404298220444,1.14085757534427));
#2702=CARTESIAN_POINT('Ctrl Pts',(-1.42225792880026,0.145748070150551,1.12399291265283));
#2703=CARTESIAN_POINT('Ctrl Pts',(-1.4242560661943,0.144091842080658,1.10603794226335));
#2704=CARTESIAN_POINT('Ctrl Pts',(-1.42625420358835,0.142435614010766,1.08808297187386));
#2705=CARTESIAN_POINT('Ctrl Pts',(-1.41845499534623,0.140779385940873,1.06903769378633));
#2706=CARTESIAN_POINT('Ctrl Pts',(-1.4044372456303,0.139123157870981,1.05764136949045));
#2707=CARTESIAN_POINT('Ctrl Pts',(-1.39041949591437,0.137466929801088,1.04624504519457));
#2708=CARTESIAN_POINT('Ctrl Pts',(-1.37018320472462,0.135810701731195,1.04249767469035));
#2709=CARTESIAN_POINT('Ctrl Pts',(-1.35301415091346,0.134154473661303,1.04811880498345));
#2710=CARTESIAN_POINT('Ctrl Pts',(-1.3358450971023,0.13249824559141,1.05373993527654));
#2711=CARTESIAN_POINT('Ctrl Pts',(-1.32174328066972,0.130842017521517,1.06872956636694));
#2712=CARTESIAN_POINT('Ctrl Pts',(-1.31717956861753,0.129185789451625,1.0862094418505));
#2713=CARTESIAN_POINT('Ctrl Pts',(-1.31601292316465,0.128762399254219,1.09067791335279));
#2714=CARTESIAN_POINT('Ctrl Pts',(-1.31546958669586,0.128339009056813,1.09530912072386));
#2715=CARTESIAN_POINT('Ctrl Pts',(-1.31551142722512,0.127915618859408,1.09994997987182));
#2716=CARTESIAN_POINT('Ctrl Pts',(-1.31557443227687,0.137709381140592,1.10002828727559));
#2717=CARTESIAN_POINT('Ctrl Pts',(-1.31562563987714,0.138702569889424,1.08910992753375));
#2718=CARTESIAN_POINT('Ctrl Pts',(-1.31880686559588,0.139695758638255,1.07816410246283));
#2719=CARTESIAN_POINT('Ctrl Pts',(-1.3249156729816,0.140688947387087,1.06921718085466));
#2720=CARTESIAN_POINT('Ctrl Pts',(-1.33510263721946,0.142345175456979,1.05429741588148));
#2721=CARTESIAN_POINT('Ctrl Pts',(-1.35343075073954,0.144001403526872,1.04493629054401));
#2722=CARTESIAN_POINT('Ctrl Pts',(-1.37148983563689,0.145657631596765,1.04542932211848));
#2723=CARTESIAN_POINT('Ctrl Pts',(-1.38954892053424,0.147313859666657,1.04592235369295));
#2724=CARTESIAN_POINT('Ctrl Pts',(-1.40733897680886,0.14897008773655,1.05626954217936));
#2725=CARTESIAN_POINT('Ctrl Pts',(-1.41669672361234,0.150626315806442,1.07172289791256));
#2726=CARTESIAN_POINT('Ctrl Pts',(-1.42605447041582,0.152282543876335,1.08717625364577));
#2727=CARTESIAN_POINT('Ctrl Pts',(-1.42697990774817,0.153938771946228,1.10773577662579));
#2728=CARTESIAN_POINT('Ctrl Pts',(-1.41904838237043,0.15559500001612,1.12396736713191));
#2729=CARTESIAN_POINT('Ctrl Pts',(-1.4111168569927,0.157251228086013,1.14019895763803));
#2730=CARTESIAN_POINT('Ctrl Pts',(-1.39432836890489,0.158907456155906,1.15210261567027));
#2731=CARTESIAN_POINT('Ctrl Pts',(-1.37638661176409,0.160563684225798,1.15421613847335));
#2732=CARTESIAN_POINT('Ctrl Pts',(-1.3584448546233,0.162219912295691,1.15632966127643));
#2733=CARTESIAN_POINT('Ctrl Pts',(-1.33934982842954,0.163876140365583,1.14865304885036));
#2734=CARTESIAN_POINT('Ctrl Pts',(-1.32786362244527,0.165532368435476,1.13470884905333));
#2735=CARTESIAN_POINT('Ctrl Pts',(-1.3199413291015,0.166674706003848,1.12509122236374));
#2736=CARTESIAN_POINT('Ctrl Pts',(-1.31563868060202,0.16781704357222,1.11249199804288));
#2737=CARTESIAN_POINT('Ctrl Pts',(-1.31553945720459,0.168959381140592,1.09995426883041));
#2738=CARTESIAN_POINT('Origin',(-1.37,0.25,1.1));
#2739=CARTESIAN_POINT('',(-1.31541011157684,0.200209381140592,1.0999928942091));
#2740=CARTESIAN_POINT('',(-1.31554547296288,0.190415618859408,1.10004395730321));
#2741=CARTESIAN_POINT('',(-1.3155,0.25,1.1));
#2742=CARTESIAN_POINT('Ctrl Pts',(-1.31554547296288,0.190415618859408,1.10004395730321));
#2743=CARTESIAN_POINT('Ctrl Pts',(-1.31550112451306,0.189880412562192,1.10591975043445));
#2744=CARTESIAN_POINT('Ctrl Pts',(-1.31637698752438,0.189345206264976,1.11178267715014));
#2745=CARTESIAN_POINT('Ctrl Pts',(-1.31822907202923,0.188809999967759,1.11731902613843));
#2746=CARTESIAN_POINT('Ctrl Pts',(-1.32396045889949,0.187153771897867,1.1344515909958));
#2747=CARTESIAN_POINT('Ctrl Pts',(-1.33904043801287,0.185497543827974,1.14845674877455));
#2748=CARTESIAN_POINT('Ctrl Pts',(-1.35654929132935,0.183841315758081,1.15290799350372));
#2749=CARTESIAN_POINT('Ctrl Pts',(-1.37405814464583,0.182185087688189,1.15735923823289));
#2750=CARTESIAN_POINT('Ctrl Pts',(-1.39399587216543,0.180528859618296,1.15225656991248));
#2751=CARTESIAN_POINT('Ctrl Pts',(-1.40721369816038,0.178872631548404,1.13994143408133));
#2752=CARTESIAN_POINT('Ctrl Pts',(-1.42043152415533,0.177216403478511,1.12762629825019));
#2753=CARTESIAN_POINT('Ctrl Pts',(-1.42692944862565,0.175560175408618,1.10809869490832));
#2754=CARTESIAN_POINT('Ctrl Pts',(-1.4237257834462,0.173903947338726,1.0903192108766));
#2755=CARTESIAN_POINT('Ctrl Pts',(-1.42052211826675,0.172247719268833,1.07253972684487));
#2756=CARTESIAN_POINT('Ctrl Pts',(-1.40761686343753,0.170591491198941,1.0565083621233));
#2757=CARTESIAN_POINT('Ctrl Pts',(-1.39093182305981,0.168935263129048,1.04958139001423));
#2758=CARTESIAN_POINT('Ctrl Pts',(-1.3742467826821,0.167279035059155,1.04265441790515));
#2759=CARTESIAN_POINT('Ctrl Pts',(-1.35378195675588,0.165622806989263,1.04483183840859));
#2760=CARTESIAN_POINT('Ctrl Pts',(-1.33892799108836,0.16396657891937,1.05511450421967));
#2761=CARTESIAN_POINT('Ctrl Pts',(-1.32457543960945,0.162366258899383,1.06505006578601));
#2762=CARTESIAN_POINT('Ctrl Pts',(-1.31546133866648,0.160765938879395,1.08255290307626));
#2763=CARTESIAN_POINT('Ctrl Pts',(-1.31541186852158,0.159165618859408,1.10001134669701));
#2764=CARTESIAN_POINT('Ctrl Pts',(-1.31553945720459,0.168959381140592,1.09995426883041));
#2765=CARTESIAN_POINT('Ctrl Pts',(-1.31549482069531,0.169473271642113,1.09431406217756));
#2766=CARTESIAN_POINT('Ctrl Pts',(-1.3163008433302,0.169987162143633,1.08868630046545));
#2767=CARTESIAN_POINT('Ctrl Pts',(-1.31801067199194,0.170501052645154,1.08334802439669));
#2768=CARTESIAN_POINT('Ctrl Pts',(-1.32352131329762,0.172157280715047,1.06614318670509));
#2769=CARTESIAN_POINT('Ctrl Pts',(-1.33841998168374,0.173813508784939,1.05194529848988));
#2770=CARTESIAN_POINT('Ctrl Pts',(-1.35587016044104,0.175469736854832,1.04726930679121));
#2771=CARTESIAN_POINT('Ctrl Pts',(-1.37332033919834,0.177125964924724,1.04259331509254));
#2772=CARTESIAN_POINT('Ctrl Pts',(-1.39332202832683,0.178782192994617,1.0474392199104));
#2773=CARTESIAN_POINT('Ctrl Pts',(-1.40669710055441,0.18043842106451,1.05958340080308));
#2774=CARTESIAN_POINT('Ctrl Pts',(-1.42007217278199,0.182094649134402,1.07172758169576));
#2775=CARTESIAN_POINT('Ctrl Pts',(-1.42682062810866,0.183750877204295,1.09117003866325));
#2776=CARTESIAN_POINT('Ctrl Pts',(-1.42384581828558,0.185407105274187,1.10898924088276));
#2777=CARTESIAN_POINT('Ctrl Pts',(-1.42087100846249,0.18706333334408,1.12680844310226));
#2778=CARTESIAN_POINT('Ctrl Pts',(-1.40817293348966,0.188719561413973,1.14300439057378));
#2779=CARTESIAN_POINT('Ctrl Pts',(-1.39157833003509,0.190375789483866,1.1501453209715));
#2780=CARTESIAN_POINT('Ctrl Pts',(-1.37498372658052,0.192032017553758,1.15728625136922));
#2781=CARTESIAN_POINT('Ctrl Pts',(-1.35449259464422,0.193688245623651,1.15537216469314));
#2782=CARTESIAN_POINT('Ctrl Pts',(-1.33950764889558,0.195344473693543,1.14528130607543));
#2783=CARTESIAN_POINT('Ctrl Pts',(-1.3248356812096,0.196966109509226,1.13540120680472));
#2784=CARTESIAN_POINT('Ctrl Pts',(-1.31544229544926,0.198587745324909,1.11768233145375));
#2785=CARTESIAN_POINT('Ctrl Pts',(-1.31541011157684,0.200209381140592,1.0999928942091));
#2786=CARTESIAN_POINT('Origin',(-1.37,0.25,1.1));
#2787=CARTESIAN_POINT('',(-1.31551834197226,0.231459381140592,1.10005019114624));
#2788=CARTESIAN_POINT('',(-1.31557071737389,0.221665618859408,1.09996829158517));
#2789=CARTESIAN_POINT('',(-1.3155,0.25,1.1));
#2790=CARTESIAN_POINT('',(-1.4154005605098,0.25,1.13015027537845));
#2791=CARTESIAN_POINT('Ctrl Pts',(-1.31551834197226,0.231459381140592,1.10005019114624));
#2792=CARTESIAN_POINT('Ctrl Pts',(-1.31563573446982,0.232670903217384,1.08676966600804));
#2793=CARTESIAN_POINT('Ctrl Pts',(-1.32052829680499,0.233882425294175,1.07341256366448));
#2794=CARTESIAN_POINT('Ctrl Pts',(-1.32934847528433,0.235093947370966,1.06356828110225));
#2795=CARTESIAN_POINT('Ctrl Pts',(-1.34140622269051,0.236750175440859,1.05011051799594));
#2796=CARTESIAN_POINT('Ctrl Pts',(-1.36080414913768,0.238406403510752,1.04321773608617));
#2797=CARTESIAN_POINT('Ctrl Pts',(-1.37864274869451,0.240062631580644,1.04608825451618));
#2798=CARTESIAN_POINT('Ctrl Pts',(-1.39648134825133,0.241718859650537,1.04895877294618));
#2799=CARTESIAN_POINT('Ctrl Pts',(-1.4127606209178,0.243375087720429,1.06159259171596));
#2800=CARTESIAN_POINT('Ctrl Pts',(-1.4200004676632,0.245031315790322,1.0781108205851));
#2801=CARTESIAN_POINT('Ctrl Pts',(-1.42724031440861,0.246687543860215,1.09462904945424));
#2802=CARTESIAN_POINT('Ctrl Pts',(-1.42544073523296,0.248343771930107,1.11503168842273));
#2803=CARTESIAN_POINT('Ctrl Pts',(-1.4154005605098,0.25,1.13015027537845));
#2804=CARTESIAN_POINT('',(-1.32466177231273,0.25,1.13015901034882));
#2805=CARTESIAN_POINT('Origin',(-1.37,0.25,1.1));
#2806=CARTESIAN_POINT('Ctrl Pts',(-1.32466177231273,0.25,1.13015901034882));
#2807=CARTESIAN_POINT('Ctrl Pts',(-1.32779120943104,0.249478070161298,1.13496152913139));
#2808=CARTESIAN_POINT('Ctrl Pts',(-1.33164398263036,0.248956140322596,1.13926885223069));
#2809=CARTESIAN_POINT('Ctrl Pts',(-1.33610581509404,0.248434210483894,1.14280604348313));
#2810=CARTESIAN_POINT('Ctrl Pts',(-1.35026444643015,0.246777982414001,1.15403053192288));
#2811=CARTESIAN_POINT('Ctrl Pts',(-1.37055611474076,0.245121754344108,1.15750003268169));
#2812=CARTESIAN_POINT('Ctrl Pts',(-1.38765369746437,0.243465526274216,1.1516542498867));
#2813=CARTESIAN_POINT('Ctrl Pts',(-1.40475128018798,0.241809298204323,1.1458084670917));
#2814=CARTESIAN_POINT('Ctrl Pts',(-1.41865477732458,0.240153070134431,1.13064740074291));
#2815=CARTESIAN_POINT('Ctrl Pts',(-1.42299226435297,0.238496842064538,1.113112455614));
#2816=CARTESIAN_POINT('Ctrl Pts',(-1.42732975138135,0.236840613994646,1.0955775104851));
#2817=CARTESIAN_POINT('Ctrl Pts',(-1.42210122830153,0.235184385924753,1.07566868657609));
#2818=CARTESIAN_POINT('Ctrl Pts',(-1.40970192758889,0.23352815785486,1.06252922478864));
#2819=CARTESIAN_POINT('Ctrl Pts',(-1.39730262687625,0.231871929784968,1.04938976300118));
#2820=CARTESIAN_POINT('Ctrl Pts',(-1.37773254853079,0.230215701715075,1.04301966333528));
#2821=CARTESIAN_POINT('Ctrl Pts',(-1.35997375057769,0.228559473645182,1.04633809925592));
#2822=CARTESIAN_POINT('Ctrl Pts',(-1.34221495262459,0.22690324557529,1.04965653517657));
#2823=CARTESIAN_POINT('Ctrl Pts',(-1.32626743506385,0.225247017505397,1.06266350668376));
#2824=CARTESIAN_POINT('Ctrl Pts',(-1.31944800655527,0.223590789435504,1.07939246404929));
#2825=CARTESIAN_POINT('Ctrl Pts',(-1.3168057450316,0.222949065910139,1.08587427998482));
#2826=CARTESIAN_POINT('Ctrl Pts',(-1.31553384614166,0.222307342384773,1.09291486241729));
#2827=CARTESIAN_POINT('Ctrl Pts',(-1.31557071737389,0.221665618859408,1.09996829158517));
#2828=CARTESIAN_POINT('Origin',(1.37,0.317955960043842,1.1));
#2829=CARTESIAN_POINT('',(1.43907409297564,0.025794039956158,1.09995352527964));
#2830=CARTESIAN_POINT('',(1.43899264553667,0.0210809600438418,1.10006702268219));
#2831=CARTESIAN_POINT('',(1.439,0.317955960043842,1.1));
#2832=CARTESIAN_POINT('',(1.33851666035869,0.,1.03860130844204));
#2833=CARTESIAN_POINT('Ctrl Pts',(1.43899264553667,0.0210809600438418,1.10006702268219));
#2834=CARTESIAN_POINT('Ctrl Pts',(1.43904364704904,0.0206788856421317,1.10564509187511));
#2835=CARTESIAN_POINT('Ctrl Pts',(1.43587292350274,0.018620583170529,1.13414148168732));
#2836=CARTESIAN_POINT('Ctrl Pts',(1.39639444306852,0.0149060526290336,1.17719079347587));
#2837=CARTESIAN_POINT('Ctrl Pts',(1.31932332849479,0.00993736841935575,
1.16401303978214));
#2838=CARTESIAN_POINT('Ctrl Pts',(1.2888408098493,0.00496868420967783,1.09192588697065));
#2839=CARTESIAN_POINT('Ctrl Pts',(1.31807062518065,0.00165622806989262,
1.04908539944617));
#2840=CARTESIAN_POINT('Ctrl Pts',(1.33851666035869,0.,1.03860130844204));
#2841=CARTESIAN_POINT('',(1.40140908526571,-6.60044657132838E-17,1.03863023333547));
#2842=CARTESIAN_POINT('Origin',(1.37,0.,1.1));
#2843=CARTESIAN_POINT('Ctrl Pts',(1.43907409297564,0.025794039956158,1.09995352527964));
#2844=CARTESIAN_POINT('Ctrl Pts',(1.43891834199885,0.0243428687557112,1.12002507997667));
#2845=CARTESIAN_POINT('Ctrl Pts',(1.41911790670373,0.0212354694853718,1.16327079342431));
#2846=CARTESIAN_POINT('Ctrl Pts',(1.34561101008304,0.0164718421451398,1.17787162449715));
#2847=CARTESIAN_POINT('Ctrl Pts',(1.29132175687153,0.011503157935462,1.12161348365633));
#2848=CARTESIAN_POINT('Ctrl Pts',(1.3092398895417,0.00653447372578406,1.04556383992361));
#2849=CARTESIAN_POINT('Ctrl Pts',(1.36609678741008,0.00270008774729674,
1.02536047492107));
#2850=CARTESIAN_POINT('Ctrl Pts',(1.39498041782227,0.000521929838702007,
1.03526282846502));
#2851=CARTESIAN_POINT('Ctrl Pts',(1.40140908526571,-9.24559805355749E-17,
1.03863023333547));
#2852=CARTESIAN_POINT('Origin',(1.37,0.317955960043842,1.1));
#2853=CARTESIAN_POINT('',(1.43904790099573,0.0570440399561579,1.10005648538664));
#2854=CARTESIAN_POINT('',(1.43888933093633,0.0523309600438418,1.09998785368914));
#2855=CARTESIAN_POINT('',(1.439,0.317955960043842,1.1));
#2856=CARTESIAN_POINT('Ctrl Pts',(1.43888933093633,0.0523309600438418,1.09998785368914));
#2857=CARTESIAN_POINT('Ctrl Pts',(1.43887002277282,0.0514495873948208,1.11226215480926));
#2858=CARTESIAN_POINT('Ctrl Pts',(1.42987631174379,0.0489119866759072,1.14762804468311));
#2859=CARTESIAN_POINT('Ctrl Pts',(1.37327549791338,0.0447181578871009,1.18152966309987));
#2860=CARTESIAN_POINT('Ctrl Pts',(1.30321040276539,0.0397494736774229,1.14687354656189));
#2861=CARTESIAN_POINT('Ctrl Pts',(1.29444172847138,0.0347807894677452,1.06919748601354));
#2862=CARTESIAN_POINT('Ctrl Pts',(1.35501303528924,0.0298121052580672,1.01979485725996));
#2863=CARTESIAN_POINT('Ctrl Pts',(1.42332848449918,0.0252454954500995,1.04203167558997));
#2864=CARTESIAN_POINT('Ctrl Pts',(1.43883356121411,0.0223351137120243,1.08266786493944));
#2865=CARTESIAN_POINT('Ctrl Pts',(1.43899264553667,0.0210809600438418,1.10006702268219));
#2866=CARTESIAN_POINT('Ctrl Pts',(1.43904790099573,0.0570440399561579,1.10005648538664));
#2867=CARTESIAN_POINT('Ctrl Pts',(1.43908150173731,0.0567697985782929,1.10385344200982));
#2868=CARTESIAN_POINT('Ctrl Pts',(1.43706745967884,0.0548393291305352,1.13054571066938));
#2869=CARTESIAN_POINT('Ctrl Pts',(1.40225256915288,0.051252631612885,1.17495087732603));
#2870=CARTESIAN_POINT('Ctrl Pts',(1.32442387591611,0.0462839474032071,1.16768086134753));
#2871=CARTESIAN_POINT('Ctrl Pts',(1.2884219859791,0.0413152631935292,1.09829739160169));
#2872=CARTESIAN_POINT('Ctrl Pts',(1.32728713945208,0.0363465789838513,1.03047714940438));
#2873=CARTESIAN_POINT('Ctrl Pts',(1.40535134158661,0.0313778947741735,1.02645910929651));
#2874=CARTESIAN_POINT('Ctrl Pts',(1.43764820416423,0.0278603817649423,1.07139592217941));
#2875=CARTESIAN_POINT('Ctrl Pts',(1.43909610127329,0.0259990968256038,1.09711732637367));
#2876=CARTESIAN_POINT('Ctrl Pts',(1.43907409297564,0.025794039956158,1.09995352527964));
#2877=CARTESIAN_POINT('Origin',(1.37,0.317955960043842,1.1));
#2878=CARTESIAN_POINT('',(1.43889121257804,0.088294039956158,1.10001695264752));
#2879=CARTESIAN_POINT('',(1.43903922981029,0.0835809600438418,1.09994131686347));
#2880=CARTESIAN_POINT('',(1.439,0.317955960043842,1.1));
#2881=CARTESIAN_POINT('Ctrl Pts',(1.43903922981029,0.0835809600438418,1.09994131686347));
#2882=CARTESIAN_POINT('Ctrl Pts',(1.43886873423181,0.0822202891475099,1.118786348077));
#2883=CARTESIAN_POINT('Ctrl Pts',(1.42111782555452,0.0792033901812853,1.1608522825594));
#2884=CARTESIAN_POINT('Ctrl Pts',(1.34989557346904,0.0745302631451682,1.17908021396175));
#2885=CARTESIAN_POINT('Ctrl Pts',(1.29261932108628,0.0695615789354902,1.12588631058758));
#2886=CARTESIAN_POINT('Ctrl Pts',(1.30635806476889,0.0645928947258124,1.04893558957888));
#2887=CARTESIAN_POINT('Ctrl Pts',(1.37850321660301,0.0596242105161345,1.01884855390937));
#2888=CARTESIAN_POINT('Ctrl Pts',(1.43143148930739,0.0555368989554776,1.05536305714681));
#2889=CARTESIAN_POINT('Ctrl Pts',(1.43890630563503,0.0531058154647134,1.08919694842234));
#2890=CARTESIAN_POINT('Ctrl Pts',(1.43888933093633,0.0523309600438418,1.09998785368914));
#2891=CARTESIAN_POINT('Ctrl Pts',(1.43889121257804,0.088294039956158,1.10001695264752));
#2892=CARTESIAN_POINT('Ctrl Pts',(1.43891421597919,0.087540500330982,1.11051028105931));
#2893=CARTESIAN_POINT('Ctrl Pts',(1.43172672338631,0.0851307326359135,1.14403732716856));
#2894=CARTESIAN_POINT('Ctrl Pts',(1.37954590297752,0.0810647368709521,1.18103545580643));
#2895=CARTESIAN_POINT('Ctrl Pts',(1.30701984911956,0.0760960526612744,1.15187841771469));
#2896=CARTESIAN_POINT('Ctrl Pts',(1.29229289945406,0.0711273684515965,1.07511072175954));
#2897=CARTESIAN_POINT('Ctrl Pts',(1.34888049535525,0.0661586842419186,1.02118480438721));
#2898=CARTESIAN_POINT('Ctrl Pts',(1.42065713493572,0.0614642414101058,1.03857447383917));
#2899=CARTESIAN_POINT('Ctrl Pts',(1.43887857651938,0.0584260266481855,1.08092245257115));
#2900=CARTESIAN_POINT('Ctrl Pts',(1.43904790099573,0.0570440399561579,1.10005648538664));
#2901=CARTESIAN_POINT('Origin',(1.37,0.317955960043842,1.1));
#2902=CARTESIAN_POINT('',(1.43898553594392,0.119544039956158,1.09993667176116));
#2903=CARTESIAN_POINT('',(1.43908131431294,0.114830960043842,1.10004288469997));
#2904=CARTESIAN_POINT('',(1.439,0.317955960043842,1.1));
#2905=CARTESIAN_POINT('Ctrl Pts',(1.43908131431294,0.114830960043842,1.10004288469997));
#2906=CARTESIAN_POINT('Ctrl Pts',(1.439099804015,0.114647218970092,1.10258363001934));
#2907=CARTESIAN_POINT('Ctrl Pts',(1.43781815641804,0.112807249826449,1.12800761448993));
#2908=CARTESIAN_POINT('Ctrl Pts',(1.40629395374024,0.109311052612913,1.17307953256365));
#2909=CARTESIAN_POINT('Ctrl Pts',(1.32818451962758,0.104342368403235,1.17006664498529));
#2910=CARTESIAN_POINT('Ctrl Pts',(1.28845062560995,0.0993736841935575,1.10275112789489));
#2911=CARTESIAN_POINT('Ctrl Pts',(1.32355746722067,0.0944049999838796,1.03291080317263));
#2912=CARTESIAN_POINT('Ctrl Pts',(1.40128625755791,0.0894363157742019,1.02464060031737));
#2913=CARTESIAN_POINT('Ctrl Pts',(1.43687946900244,0.0858283024608558,1.06885574847642));
#2914=CARTESIAN_POINT('Ctrl Pts',(1.43907626388769,0.0838765172174025,1.09584790663756));
#2915=CARTESIAN_POINT('Ctrl Pts',(1.43903922981029,0.0835809600438418,1.09994131686347));
#2916=CARTESIAN_POINT('Ctrl Pts',(1.43898553594392,0.119544039956158,1.09993667176116));
#2917=CARTESIAN_POINT('Ctrl Pts',(1.43883128957533,0.118311202083671,1.11704533848354));
#2918=CARTESIAN_POINT('Ctrl Pts',(1.42374935426024,0.115422136141292,1.15738105146416));
#2919=CARTESIAN_POINT('Ctrl Pts',(1.35604690925227,0.110876842129019,1.18039390983768));
#2920=CARTESIAN_POINT('Ctrl Pts',(1.29484328337299,0.105908157919342,1.13177007128339));
#2921=CARTESIAN_POINT('Ctrl Pts',(1.30261362545865,0.100939473709664,1.0539897184014));
#2922=CARTESIAN_POINT('Ctrl Pts',(1.37222681869678,0.0959707894999859,1.01843462287482));
#2923=CARTESIAN_POINT('Ctrl Pts',(1.4295489318468,0.0917556449154839,1.05177474839369));
#2924=CARTESIAN_POINT('Ctrl Pts',(1.43886365609168,0.0891967284008747,1.08744666969562));
#2925=CARTESIAN_POINT('Ctrl Pts',(1.43889121257804,0.088294039956158,1.10001695264752));
#2926=CARTESIAN_POINT('Origin',(1.37,0.317955960043842,1.1));
#2927=CARTESIAN_POINT('',(1.43911158274915,0.150794039956158,1.10001436554364));
#2928=CARTESIAN_POINT('',(1.43890575445375,0.146080960043842,1.10003581324266));
#2929=CARTESIAN_POINT('',(1.439,0.317955960043842,1.1));
#2930=CARTESIAN_POINT('Ctrl Pts',(1.43890575445375,0.146080960043842,1.10003581324266));
#2931=CARTESIAN_POINT('Ctrl Pts',(1.43894903517026,0.145417920722781,1.10926402214732));
#2932=CARTESIAN_POINT('Ctrl Pts',(1.43292274123923,0.143098653331827,1.14148947429815));
#2933=CARTESIAN_POINT('Ctrl Pts',(1.3839530904032,0.139123157870981,1.18039390785256));
#2934=CARTESIAN_POINT('Ctrl Pts',(1.30994422315431,0.134154473661303,1.15523742229017));
#2935=CARTESIAN_POINT('Ctrl Pts',(1.29105065915691,0.129185789451625,1.07938760727117));
#2936=CARTESIAN_POINT('Ctrl Pts',(1.34461168805645,0.124217105241947,1.02245451160474));
#2937=CARTESIAN_POINT('Ctrl Pts',(1.41863016757751,0.119432162106019,1.03616130522237));
#2938=CARTESIAN_POINT('Ctrl Pts',(1.43893313924628,0.116303447039984,1.07968154487035));
#2939=CARTESIAN_POINT('Ctrl Pts',(1.43908131431294,0.114830960043842,1.10004288469997));
#2940=CARTESIAN_POINT('Ctrl Pts',(1.43911158274915,0.150794039956158,1.10001436554364));
#2941=CARTESIAN_POINT('Ctrl Pts',(1.43911377082966,0.150738131906253,1.10078655815311));
#2942=CARTESIAN_POINT('Ctrl Pts',(1.43875183384406,0.149025995786455,1.12443219437177));
#2943=CARTESIAN_POINT('Ctrl Pts',(1.41181548140497,0.145657631596765,1.17006664671549));
#2944=CARTESIAN_POINT('Ctrl Pts',(1.33370604536357,0.140688947387087,1.1730795343681));
#2945=CARTESIAN_POINT('Ctrl Pts',(1.28890485070298,0.135720263177409,1.10902475728193));
#2946=CARTESIAN_POINT('Ctrl Pts',(1.31852753302629,0.130751578967731,1.03668764240653));
#2947=CARTESIAN_POINT('Ctrl Pts',(1.39538831257045,0.125782894758053,1.02245450968998));
#2948=CARTESIAN_POINT('Ctrl Pts',(1.43565969431404,0.122047048420862,1.06526127566395));
#2949=CARTESIAN_POINT('Ctrl Pts',(1.43903850835976,0.119967430153564,1.09406108832672));
#2950=CARTESIAN_POINT('Ctrl Pts',(1.43898553594392,0.119544039956158,1.09993667176116));
#2951=CARTESIAN_POINT('Origin',(1.37,0.317955960043842,1.1));
#2952=CARTESIAN_POINT('',(1.438942432164,0.182044039956158,1.10005565237021));
#2953=CARTESIAN_POINT('',(1.43895003481496,0.177330960043842,1.09994210182636));
#2954=CARTESIAN_POINT('',(1.439,0.317955960043842,1.1));
#2955=CARTESIAN_POINT('Ctrl Pts',(1.43895003481496,0.177330960043842,1.09994210182636));
#2956=CARTESIAN_POINT('Ctrl Pts',(1.43882441255028,0.17618862247547,1.11581555481415));
#2957=CARTESIAN_POINT('Ctrl Pts',(1.42547907908248,0.173390056837205,1.15489400847593));
#2958=CARTESIAN_POINT('Ctrl Pts',(1.36045409725834,0.168935263129048,1.18103545380482));
#2959=CARTESIAN_POINT('Ctrl Pts',(1.29668865651529,0.16396657891937,1.13582340154657));
#2960=CARTESIAN_POINT('Ctrl Pts',(1.30020361980907,0.158997894709692,1.05773494965877));
#2961=CARTESIAN_POINT('Ctrl Pts',(1.36777318135819,0.154029210500014,1.01843462488894));
#2962=CARTESIAN_POINT('Ctrl Pts',(1.42809693501138,0.149723565611397,1.04924511818603));
#2963=CARTESIAN_POINT('Ctrl Pts',(1.43884092282264,0.147074148792673,1.08621257084235));
#2964=CARTESIAN_POINT('Ctrl Pts',(1.43890575445375,0.146080960043842,1.10003581324266));
#2965=CARTESIAN_POINT('Ctrl Pts',(1.438942432164,0.182044039956158,1.10005565237021));
#2966=CARTESIAN_POINT('Ctrl Pts',(1.43899857974484,0.181508833658942,1.10749473028084));
#2967=CARTESIAN_POINT('Ctrl Pts',(1.43445815951674,0.179317399291833,1.13788778340427));
#2968=CARTESIAN_POINT('Ctrl Pts',(1.39010442702858,0.175469736854832,1.17908021591886));
#2969=CARTESIAN_POINT('Ctrl Pts',(1.31437764166054,0.170501052645154,1.15969943801532));
#2970=CARTESIAN_POINT('Ctrl Pts',(1.28969745024195,0.165532368435476,1.08553037208987));
#2971=CARTESIAN_POINT('Ctrl Pts',(1.33871374166936,0.160563684225798,1.02464059845593));
#2972=CARTESIAN_POINT('Ctrl Pts',(1.4155679230608,0.155650908066026,1.03281774450051));
#2973=CARTESIAN_POINT('Ctrl Pts',(1.43904895081949,0.152394359976145,1.07791101380244));
#2974=CARTESIAN_POINT('Ctrl Pts',(1.43911158274915,0.150794039956158,1.10001436554364));
#2975=CARTESIAN_POINT('Origin',(1.37,0.317955960043842,1.1));
#2976=CARTESIAN_POINT('',(1.43891047136306,0.213294039956158,1.09995985572294));
#2977=CARTESIAN_POINT('',(1.43911379352932,0.208580960043842,1.09999100351209));
#2978=CARTESIAN_POINT('',(1.439,0.317955960043842,1.1));
#2979=CARTESIAN_POINT('Ctrl Pts',(1.43911379352932,0.208580960043842,1.09999100351209));
#2980=CARTESIAN_POINT('Ctrl Pts',(1.43907304702476,0.206959324228159,1.12238680137937));
#2981=CARTESIAN_POINT('Ctrl Pts',(1.41503427528883,0.203681460342583,1.16773147398121));
#2982=CARTESIAN_POINT('Ctrl Pts',(1.33774743165229,0.198747368387115,1.17495087544635));
#2983=CARTESIAN_POINT('Ctrl Pts',(1.28951805302675,0.193778684177437,1.11343600174949));
#2984=CARTESIAN_POINT('Ctrl Pts',(1.31514979703177,0.18880999996776,1.03959035027971));
#2985=CARTESIAN_POINT('Ctrl Pts',(1.39111950412213,0.183841315758081,1.0211848063378));
#2986=CARTESIAN_POINT('Ctrl Pts',(1.43469718848259,0.180014969116776,1.06271275196451));
#2987=CARTESIAN_POINT('Ctrl Pts',(1.43900654708452,0.177844850545363,1.09280129078888));
#2988=CARTESIAN_POINT('Ctrl Pts',(1.43895003481496,0.177330960043842,1.09994210182636));
#2989=CARTESIAN_POINT('Ctrl Pts',(1.43891047136306,0.213294039956158,1.09995985572294));
#2990=CARTESIAN_POINT('Ctrl Pts',(1.43883667305544,0.212279535411631,1.11407739326374));
#2991=CARTESIAN_POINT('Ctrl Pts',(1.42774043833692,0.209608802797211,1.15134951027166));
#2992=CARTESIAN_POINT('Ctrl Pts',(1.36672450203297,0.205281842112899,1.18152966530163));
#2993=CARTESIAN_POINT('Ctrl Pts',(1.29966607136514,0.200313157903221,1.14136435337023));
#2994=CARTESIAN_POINT('Ctrl Pts',(1.29715525321605,0.195344473693543,1.06323690783903));
#2995=CARTESIAN_POINT('Ctrl Pts',(1.36149678318052,0.190375789483866,1.01884855187599));
#2996=CARTESIAN_POINT('Ctrl Pts',(1.42587075656934,0.185942311571404,1.04569473608854));
#2997=CARTESIAN_POINT('Ctrl Pts',(1.43882482767966,0.183165061728835,1.08447405635792));
#2998=CARTESIAN_POINT('Ctrl Pts',(1.438942432164,0.182044039956158,1.10005565237021));
#2999=CARTESIAN_POINT('Origin',(1.37,0.317955960043842,1.1));
#3000=CARTESIAN_POINT('',(1.4390734595974,0.244544039956158,1.09994322392845));
#3001=CARTESIAN_POINT('',(1.43897676700693,0.239830960043842,1.10006354392658));
#3002=CARTESIAN_POINT('',(1.439,0.317955960043842,1.1));
#3003=CARTESIAN_POINT('',(1.40148333964131,0.25,1.03860130844204));
#3004=CARTESIAN_POINT('Ctrl Pts',(1.40148333964131,0.25,1.03860130844204));
#3005=CARTESIAN_POINT('Ctrl Pts',(1.42192937481935,0.248343771930107,1.04908539944617));
#3006=CARTESIAN_POINT('Ctrl Pts',(1.4379775528429,0.24652511858216,1.07260632578164));
#3007=CARTESIAN_POINT('Ctrl Pts',(1.43908897851127,0.244706465234213,1.09770003206392));
#3008=CARTESIAN_POINT('Ctrl Pts',(1.4390734595974,0.244544039956158,1.09994322392845));
#3009=CARTESIAN_POINT('',(1.3385909129548,0.25,1.03863023616929));
#3010=CARTESIAN_POINT('Origin',(1.37,0.25,1.1));
#3011=CARTESIAN_POINT('Ctrl Pts',(1.3385909129548,0.25,1.03863023616929));
#3012=CARTESIAN_POINT('Ctrl Pts',(1.34501958194619,0.249478070161298,1.03526283015372));
#3013=CARTESIAN_POINT('Ctrl Pts',(1.37390321804435,0.247299912252703,1.02536047236458));
#3014=CARTESIAN_POINT('Ctrl Pts',(1.42416593340359,0.243910232267317,1.04322069061207));
#3015=CARTESIAN_POINT('Ctrl Pts',(1.43882813719583,0.241042482120633,1.08324967559094));
#3016=CARTESIAN_POINT('Ctrl Pts',(1.43897676700693,0.239830960043842,1.10006354392658));
#3017=CARTESIAN_POINT('Origin',(-1.37,0.317955960043842,1.1));
#3018=CARTESIAN_POINT('',(-1.30092591039771,0.025794039956158,1.09995352548757));
#3019=CARTESIAN_POINT('',(-1.30100734513986,0.0210809600438419,1.1000670161976));
#3020=CARTESIAN_POINT('',(-1.301,0.317955960043842,1.1));
#3021=CARTESIAN_POINT('',(-1.40148333964131,0.,1.03860130844204));
#3022=CARTESIAN_POINT('Ctrl Pts',(-1.30100734513986,0.0210809600438419,
1.1000670161976));
#3023=CARTESIAN_POINT('Ctrl Pts',(-1.30095634353755,0.0206788856421317,
1.10564508576128));
#3024=CARTESIAN_POINT('Ctrl Pts',(-1.30412706661801,0.018620583170529,1.13414148022343));
#3025=CARTESIAN_POINT('Ctrl Pts',(-1.34360554438756,0.0149060526290336,
1.17719084047179));
#3026=CARTESIAN_POINT('Ctrl Pts',(-1.42067670239309,0.00993736841935576,
1.16401298799055));
#3027=CARTESIAN_POINT('Ctrl Pts',(-1.45115913856409,0.00496868420967788,
1.09192602113187));
#3028=CARTESIAN_POINT('Ctrl Pts',(-1.42192937481935,0.00165622806989262,
1.04908539944617));
#3029=CARTESIAN_POINT('Ctrl Pts',(-1.40148333964131,0.,1.03860130844204));
#3030=CARTESIAN_POINT('',(-1.33859091114208,-7.77590349532981E-17,1.03863023905708));
#3031=CARTESIAN_POINT('Origin',(-1.37,0.,1.1));
#3032=CARTESIAN_POINT('Ctrl Pts',(-1.30092591039771,0.025794039956158,1.09995352548757));
#3033=CARTESIAN_POINT('Ctrl Pts',(-1.30108166155582,0.0243428687557112,
1.12002507883789));
#3034=CARTESIAN_POINT('Ctrl Pts',(-1.3208820966898,0.0212354694853718,1.16327078849388));
#3035=CARTESIAN_POINT('Ctrl Pts',(-1.39438898656679,0.0164718421451398,
1.17787162402703));
#3036=CARTESIAN_POINT('Ctrl Pts',(-1.44867824343742,0.0115031579354619,
1.12161347691664));
#3037=CARTESIAN_POINT('Ctrl Pts',(-1.4307600989965,0.00653447372578405,
1.04556385170457));
#3038=CARTESIAN_POINT('Ctrl Pts',(-1.37390322360945,0.00270008774729674,
1.02536046975487));
#3039=CARTESIAN_POINT('Ctrl Pts',(-1.34501958171227,0.000521929838702026,
1.03526283187356));
#3040=CARTESIAN_POINT('Ctrl Pts',(-1.33859091114208,-5.1520945755512E-17,
1.03863023905708));
#3041=CARTESIAN_POINT('Origin',(-1.37,0.317955960043842,1.1));
#3042=CARTESIAN_POINT('',(-1.30095210244447,0.0570440399561579,1.10005648539399));
#3043=CARTESIAN_POINT('',(-1.3011106588653,0.0523309600438419,1.09998785358618));
#3044=CARTESIAN_POINT('',(-1.301,0.317955960043842,1.1));
#3045=CARTESIAN_POINT('Ctrl Pts',(-1.3011106588653,0.0523309600438419,1.09998785358618));
#3046=CARTESIAN_POINT('Ctrl Pts',(-1.30112996701671,0.0514495873948208,
1.11226215644238));
#3047=CARTESIAN_POINT('Ctrl Pts',(-1.31012367934033,0.0489119866759072,
1.14762805138421));
#3048=CARTESIAN_POINT('Ctrl Pts',(-1.36672450176525,0.0447181578871009,
1.18152967627866));
#3049=CARTESIAN_POINT('Ctrl Pts',(-1.43678960688162,0.039749473677423,1.14687355143055));
#3050=CARTESIAN_POINT('Ctrl Pts',(-1.44555828295377,0.0347807894677451,
1.06919748519853));
#3051=CARTESIAN_POINT('Ctrl Pts',(-1.38498696681311,0.0298121052580673,
1.01979483869259));
#3052=CARTESIAN_POINT('Ctrl Pts',(-1.31667150708523,0.0252454954500995,
1.04203167740242));
#3053=CARTESIAN_POINT('Ctrl Pts',(-1.30116642974298,0.0223351137120244,
1.08266785729836));
#3054=CARTESIAN_POINT('Ctrl Pts',(-1.30100734513986,0.0210809600438419,
1.1000670161976));
#3055=CARTESIAN_POINT('Ctrl Pts',(-1.30095210244447,0.0570440399561579,
1.10005648539399));
#3056=CARTESIAN_POINT('Ctrl Pts',(-1.30091850170462,0.0567697985782929,
1.10385344182779));
#3057=CARTESIAN_POINT('Ctrl Pts',(-1.30293254366393,0.0548393291305352,
1.13054570915271));
#3058=CARTESIAN_POINT('Ctrl Pts',(-1.33774743247314,0.051252631612885,1.17495087353006));
#3059=CARTESIAN_POINT('Ctrl Pts',(-1.41557612177605,0.0462839474032071,
1.16768085808068));
#3060=CARTESIAN_POINT('Ctrl Pts',(-1.45157801002281,0.0413152631935292,
1.0982973914887));
#3061=CARTESIAN_POINT('Ctrl Pts',(-1.41271285827973,0.0363465789838513,
1.03047715323047));
#3062=CARTESIAN_POINT('Ctrl Pts',(-1.33464866045034,0.0313778947741735,
1.02645911231783));
#3063=CARTESIAN_POINT('Ctrl Pts',(-1.30235179890445,0.0278603817649423,
1.07139592422811));
#3064=CARTESIAN_POINT('Ctrl Pts',(-1.30090390207444,0.0259990968256039,
1.0971173267719));
#3065=CARTESIAN_POINT('Ctrl Pts',(-1.30092591039771,0.025794039956158,1.09995352548757));
#3066=CARTESIAN_POINT('Origin',(-1.37,0.317955960043842,1.1));
#3067=CARTESIAN_POINT('',(-1.30110879085717,0.088294039956158,1.10001695264684));
#3068=CARTESIAN_POINT('',(-1.30096075998364,0.0835809600438419,1.09994131685539));
#3069=CARTESIAN_POINT('',(-1.301,0.317955960043842,1.1));
#3070=CARTESIAN_POINT('Ctrl Pts',(-1.30096075998364,0.0835809600438419,
1.09994131685539));
#3071=CARTESIAN_POINT('Ctrl Pts',(-1.3011312555866,0.0822202891475099,1.11878635085227));
#3072=CARTESIAN_POINT('Ctrl Pts',(-1.31888216688527,0.0792033901812854,
1.16085229154379));
#3073=CARTESIAN_POINT('Ctrl Pts',(-1.39010442951022,0.0745302631451681,
1.17908022567893));
#3074=CARTESIAN_POINT('Ctrl Pts',(-1.44738069034035,0.0695615789354903,
1.12588631436437));
#3075=CARTESIAN_POINT('Ctrl Pts',(-1.433641944662,0.0645928947258125,1.04893558212407));
#3076=CARTESIAN_POINT('Ctrl Pts',(-1.36149678210107,0.0596242105161345,
1.018848541736));
#3077=CARTESIAN_POINT('Ctrl Pts',(-1.30856850165792,0.0555368989554777,
1.0553630507875));
#3078=CARTESIAN_POINT('Ctrl Pts',(-1.30109368417723,0.0531058154647135,
1.0891969467931));
#3079=CARTESIAN_POINT('Ctrl Pts',(-1.3011106588653,0.0523309600438419,1.09998785358618));
#3080=CARTESIAN_POINT('Ctrl Pts',(-1.30110879085717,0.088294039956158,1.10001695264684));
#3081=CARTESIAN_POINT('Ctrl Pts',(-1.30108578745715,0.087540500330982,1.11051028053544));
#3082=CARTESIAN_POINT('Ctrl Pts',(-1.30827327969161,0.0851307326359134,
1.14403732497299));
#3083=CARTESIAN_POINT('Ctrl Pts',(-1.36045409749878,0.0810647368709523,
1.18103545176427));
#3084=CARTESIAN_POINT('Ctrl Pts',(-1.43298014773937,0.0760960526612743,
1.15187841513032));
#3085=CARTESIAN_POINT('Ctrl Pts',(-1.44770709667224,0.0711273684515965,
1.07511072299585));
#3086=CARTESIAN_POINT('Ctrl Pts',(-1.39111950358935,0.0661586842419186,
1.02118480832634));
#3087=CARTESIAN_POINT('Ctrl Pts',(-1.31934286759443,0.0614642414101057,
1.03857447688666));
#3088=CARTESIAN_POINT('Ctrl Pts',(-1.30112142691216,0.0584260266481855,
1.08092245353283));
#3089=CARTESIAN_POINT('Ctrl Pts',(-1.30095210244447,0.0570440399561579,
1.10005648539399));
#3090=CARTESIAN_POINT('Origin',(-1.37,0.317955960043842,1.1));
#3091=CARTESIAN_POINT('',(-1.30101446749603,0.119544039956158,1.09993667176432));
#3092=CARTESIAN_POINT('',(-1.30091867547457,0.114830960043842,1.10004288470635));
#3093=CARTESIAN_POINT('',(-1.301,0.317955960043842,1.1));
#3094=CARTESIAN_POINT('Ctrl Pts',(-1.30091867547457,0.114830960043842,1.10004288470635));
#3095=CARTESIAN_POINT('Ctrl Pts',(-1.30090018576978,0.114647218970092,1.10258363040133));
#3096=CARTESIAN_POINT('Ctrl Pts',(-1.30218183355621,0.112807249826449,1.1280076186304));
#3097=CARTESIAN_POINT('Ctrl Pts',(-1.33370604089422,0.109311052612913,1.17307954336693));
#3098=CARTESIAN_POINT('Ctrl Pts',(-1.41181548655431,0.104342368403236,1.17006665534401));
#3099=CARTESIAN_POINT('Ctrl Pts',(-1.4515493864454,0.0993736841935575,1.10275112830053));
#3100=CARTESIAN_POINT('Ctrl Pts',(-1.41644253964571,0.0944049999838796,
1.03291079325666));
#3101=CARTESIAN_POINT('Ctrl Pts',(-1.33871373781576,0.0894363157742018,
1.02464058917289));
#3102=CARTESIAN_POINT('Ctrl Pts',(-1.30312052111182,0.0858283024608558,
1.06885574387656));
#3103=CARTESIAN_POINT('Ctrl Pts',(-1.30092372590093,0.0838765172174026,
1.09584790602491));
#3104=CARTESIAN_POINT('Ctrl Pts',(-1.30096075998364,0.0835809600438419,
1.09994131685539));
#3105=CARTESIAN_POINT('Ctrl Pts',(-1.30101446749603,0.119544039956158,1.09993667176432));
#3106=CARTESIAN_POINT('Ctrl Pts',(-1.30116871385692,0.118311202083671,1.11704533763358));
#3107=CARTESIAN_POINT('Ctrl Pts',(-1.31625064841995,0.115422136141292,1.15738104860288));
#3108=CARTESIAN_POINT('Ctrl Pts',(-1.38395309005197,0.110876842129019,1.18039390582883));
#3109=CARTESIAN_POINT('Ctrl Pts',(-1.44515671287933,0.105908157919342,1.13177006969923));
#3110=CARTESIAN_POINT('Ctrl Pts',(-1.43738637118116,0.100939473709664,1.05398972069559));
#3111=CARTESIAN_POINT('Ctrl Pts',(-1.36777318141422,0.095970789499986,1.01843462694225));
#3112=CARTESIAN_POINT('Ctrl Pts',(-1.31045107112265,0.0917556449154839,
1.05177475079815));
#3113=CARTESIAN_POINT('Ctrl Pts',(-1.30113634734217,0.0891967284008746,
1.08744667032166));
#3114=CARTESIAN_POINT('Ctrl Pts',(-1.30110879085717,0.088294039956158,1.10001695264684));
#3115=CARTESIAN_POINT('Origin',(-1.37,0.317955960043842,1.1));
#3116=CARTESIAN_POINT('',(-1.30088842069705,0.150794039956158,1.10001436554301));
#3117=CARTESIAN_POINT('',(-1.30109423535971,0.146080960043842,1.100035813248));
#3118=CARTESIAN_POINT('',(-1.301,0.317955960043842,1.1));
#3119=CARTESIAN_POINT('Ctrl Pts',(-1.30109423535971,0.146080960043842,1.100035813248));
#3120=CARTESIAN_POINT('Ctrl Pts',(-1.3010509546368,0.145417920722781,1.10926402351685));
#3121=CARTESIAN_POINT('Ctrl Pts',(-1.30707724945869,0.143098653331827,1.14148948043156));
#3122=CARTESIAN_POINT('Ctrl Pts',(-1.35604690753408,0.139123157870981,1.18039391973751));
#3123=CARTESIAN_POINT('Ctrl Pts',(-1.43005578572392,0.134154473661303,1.15523743045605));
#3124=CARTESIAN_POINT('Ctrl Pts',(-1.4489493525144,0.129185789451625,1.07938760422398));
#3125=CARTESIAN_POINT('Ctrl Pts',(-1.3953883156968,0.124217105241947,1.02245450014099));
#3126=CARTESIAN_POINT('Ctrl Pts',(-1.32136982523332,0.119432162106019,1.03616129578484));
#3127=CARTESIAN_POINT('Ctrl Pts',(-1.30106685056314,0.116303447039984,1.07968154186667));
#3128=CARTESIAN_POINT('Ctrl Pts',(-1.30091867547457,0.114830960043842,1.10004288470635));
#3129=CARTESIAN_POINT('Ctrl Pts',(-1.30088842069705,0.150794039956158,1.10001436554301));
#3130=CARTESIAN_POINT('Ctrl Pts',(-1.30088623261665,0.150738131906253,1.10078655811397));
#3131=CARTESIAN_POINT('Ctrl Pts',(-1.30124816958418,0.149025995786455,1.12443219315364));
#3132=CARTESIAN_POINT('Ctrl Pts',(-1.32818452068021,0.145657631596765,1.17006664322144));
#3133=CARTESIAN_POINT('Ctrl Pts',(-1.40629395282661,0.140688947387087,1.1730795307241));
#3134=CARTESIAN_POINT('Ctrl Pts',(-1.45109514525325,0.135720263177409,1.10902475683186));
#3135=CARTESIAN_POINT('Ctrl Pts',(-1.42147246440704,0.130751578967731,1.03668764556361));
#3136=CARTESIAN_POINT('Ctrl Pts',(-1.34461168869553,0.125782894758053,1.02245451355676));
#3137=CARTESIAN_POINT('Ctrl Pts',(-1.30434030896006,0.122047048420862,1.06526127739618));
#3138=CARTESIAN_POINT('Ctrl Pts',(-1.30096149508283,0.119967430153564,1.09406108862286));
#3139=CARTESIAN_POINT('Ctrl Pts',(-1.30101446749603,0.119544039956158,1.09993667176432));
#3140=CARTESIAN_POINT('Origin',(-1.37,0.317955960043842,1.1));
#3141=CARTESIAN_POINT('',(-1.30105757127411,0.182044039956158,1.10005565236553));
#3142=CARTESIAN_POINT('',(-1.30104995499296,0.177330960043842,1.09994210182198));
#3143=CARTESIAN_POINT('',(-1.301,0.317955960043842,1.1));
#3144=CARTESIAN_POINT('Ctrl Pts',(-1.30104995499296,0.177330960043842,1.09994210182198));
#3145=CARTESIAN_POINT('Ctrl Pts',(-1.30117557727595,0.17618862247547,1.11581555715521));
#3146=CARTESIAN_POINT('Ctrl Pts',(-1.31452091271444,0.173390056837205,1.15489401658477));
#3147=CARTESIAN_POINT('Ctrl Pts',(-1.37954590415372,0.168935263129048,1.18103546578849));
#3148=CARTESIAN_POINT('Ctrl Pts',(-1.44331135432212,0.16396657891937,1.13582340684037));
#3149=CARTESIAN_POINT('Ctrl Pts',(-1.43979639050936,0.158997894709692,1.05773494341169));
#3150=CARTESIAN_POINT('Ctrl Pts',(-1.3722268189709,0.154029210500014,1.01843461283031));
#3151=CARTESIAN_POINT('Ctrl Pts',(-1.3119030564,0.149723565611398,1.04924511068296));
#3152=CARTESIAN_POINT('Ctrl Pts',(-1.30115906700041,0.147074148792673,1.08621256880419));
#3153=CARTESIAN_POINT('Ctrl Pts',(-1.30109423535971,0.146080960043842,1.100035813248));
#3154=CARTESIAN_POINT('Ctrl Pts',(-1.30105757127411,0.182044039956158,1.10005565236553));
#3155=CARTESIAN_POINT('Ctrl Pts',(-1.30100142369543,0.181508833658942,1.10749472990784));
#3156=CARTESIAN_POINT('Ctrl Pts',(-1.30554184369465,0.179317399291833,1.13788778152611));
#3157=CARTESIAN_POINT('Ctrl Pts',(-1.34989557397634,0.175469736854832,1.17908021196656));
#3158=CARTESIAN_POINT('Ctrl Pts',(-1.42562235556452,0.170501052645154,1.15969943504316));
#3159=CARTESIAN_POINT('Ctrl Pts',(-1.45030254575452,0.165532368435476,1.0855303728089));
#3160=CARTESIAN_POINT('Ctrl Pts',(-1.40128625677016,0.160563684225798,1.02464060221502));
#3161=CARTESIAN_POINT('Ctrl Pts',(-1.32443207921165,0.155650908066026,1.03281774784987));
#3162=CARTESIAN_POINT('Ctrl Pts',(-1.30095105262362,0.152394359976146,1.07791101490389));
#3163=CARTESIAN_POINT('Ctrl Pts',(-1.30088842069705,0.150794039956158,1.10001436554301));
#3164=CARTESIAN_POINT('Origin',(-1.37,0.317955960043842,1.1));
#3165=CARTESIAN_POINT('',(-1.30108953208805,0.213294039956158,1.09995985540141));
#3166=CARTESIAN_POINT('',(-1.30088619630829,0.208580960043842,1.09999100367757));
#3167=CARTESIAN_POINT('',(-1.301,0.317955960043842,1.1));
#3168=CARTESIAN_POINT('Ctrl Pts',(-1.30088619630829,0.208580960043842,1.09999100367757));
#3169=CARTESIAN_POINT('Ctrl Pts',(-1.30092694286237,0.206959324228159,1.1223868049598));
#3170=CARTESIAN_POINT('Ctrl Pts',(-1.32496571795083,0.203681460342583,1.16773148367842));
#3171=CARTESIAN_POINT('Ctrl Pts',(-1.40225257316808,0.198747368387115,1.17495088669954));
#3172=CARTESIAN_POINT('Ctrl Pts',(-1.45048195884473,0.193778684177437,1.11343600364259));
#3173=CARTESIAN_POINT('Ctrl Pts',(-1.42485021109022,0.188809999967759,1.03959034139909));
#3174=CARTESIAN_POINT('Ctrl Pts',(-1.34888049274899,0.183841315758082,1.02118479465968));
#3175=CARTESIAN_POINT('Ctrl Pts',(-1.30530280195409,0.180014969116776,1.062712746457));
#3176=CARTESIAN_POINT('Ctrl Pts',(-1.30099344271516,0.177844850545362,1.09280128972939));
#3177=CARTESIAN_POINT('Ctrl Pts',(-1.30104995499296,0.177330960043842,1.09994210182198));
#3178=CARTESIAN_POINT('Ctrl Pts',(-1.30108953208805,0.213294039956158,1.09995985540141));
#3179=CARTESIAN_POINT('Ctrl Pts',(-1.30116333037428,0.212279535411631,1.11407739238173));
#3180=CARTESIAN_POINT('Ctrl Pts',(-1.31225956448277,0.209608802797211,1.15134950826922));
#3181=CARTESIAN_POINT('Ctrl Pts',(-1.37327549785869,0.205281842112899,1.18152966085506));
#3182=CARTESIAN_POINT('Ctrl Pts',(-1.44033392509182,0.200313157903221,1.14136435151435));
#3183=CARTESIAN_POINT('Ctrl Pts',(-1.44284474317367,0.195344473693543,1.06323690956076));
#3184=CARTESIAN_POINT('Ctrl Pts',(-1.37850321638233,0.190375789483866,1.01884855598235));
#3185=CARTESIAN_POINT('Ctrl Pts',(-1.31412924622202,0.185942311571404,1.04569473877444));
#3186=CARTESIAN_POINT('Ctrl Pts',(-1.30117517575393,0.183165061728835,1.08447405712471));
#3187=CARTESIAN_POINT('Ctrl Pts',(-1.30105757127411,0.182044039956158,1.10005565236553));
#3188=CARTESIAN_POINT('Origin',(-1.37,0.317955960043842,1.1));
#3189=CARTESIAN_POINT('',(-1.30092653230921,0.244544039956158,1.09994320076412));
#3190=CARTESIAN_POINT('',(-1.30102322194653,0.239830960043842,1.10006354475395));
#3191=CARTESIAN_POINT('',(-1.301,0.317955960043842,1.1));
#3192=CARTESIAN_POINT('',(-1.33851666035869,0.25,1.03860130844204));
#3193=CARTESIAN_POINT('Ctrl Pts',(-1.33851666035869,0.25,1.03860130844204));
#3194=CARTESIAN_POINT('Ctrl Pts',(-1.31807062518065,0.248343771930107,1.04908539944617));
#3195=CARTESIAN_POINT('Ctrl Pts',(-1.30202243759227,0.24652511858216,1.07260630090985));
#3196=CARTESIAN_POINT('Ctrl Pts',(-1.30091101320918,0.244706465234213,1.09770000859992));
#3197=CARTESIAN_POINT('Ctrl Pts',(-1.30092653230921,0.244544039956158,1.09994320076412));
#3198=CARTESIAN_POINT('',(-1.40140907637136,0.25,1.03863021918646));
#3199=CARTESIAN_POINT('Origin',(-1.37,0.25,1.1));
#3200=CARTESIAN_POINT('Ctrl Pts',(-1.40140907637136,0.25,1.03863021918646));
#3201=CARTESIAN_POINT('Ctrl Pts',(-1.3949804166369,0.249478070161298,1.0352628200187));
#3202=CARTESIAN_POINT('Ctrl Pts',(-1.36609681454532,0.247299912252703,1.02536048761972));
#3203=CARTESIAN_POINT('Ctrl Pts',(-1.31583404039302,0.243910232267317,1.0432206615592));
#3204=CARTESIAN_POINT('Ctrl Pts',(-1.30117184731042,0.241042482120633,1.08324966889091));
#3205=CARTESIAN_POINT('Ctrl Pts',(-1.30102322194653,0.239830960043842,1.10006354475395));
#3206=CARTESIAN_POINT('Origin',(-0.900000000000003,0.25,0.900000000000003));
#3207=CARTESIAN_POINT('',(-0.987890205391077,0.0165898088547894,0.899926603452119));
#3208=CARTESIAN_POINT('',(-0.987838454733252,0.00424352447854354,0.900115695421507));
#3209=CARTESIAN_POINT('',(-0.987950000000003,0.25,0.900000000000003));
#3210=CARTESIAN_POINT('',(-0.970549131923215,0.,0.847483121904659));
#3211=CARTESIAN_POINT('Ctrl Pts',(-0.987838454733252,0.00424352447854354,
0.900115695421507));
#3212=CARTESIAN_POINT('Ctrl Pts',(-0.987705059065648,0.00282901631902903,
0.881362105722587));
#3213=CARTESIAN_POINT('Ctrl Pts',(-0.981751129343081,0.00141450815951451,
0.8625314496507));
#3214=CARTESIAN_POINT('Ctrl Pts',(-0.970549131923216,-6.82961998416066E-18,
0.84748312190466));
#3215=CARTESIAN_POINT('',(-0.829493203787143,-3.0904030428327E-17,0.847422152445865));
#3216=CARTESIAN_POINT('Origin',(-0.900000000000003,0.,0.900000000000003));
#3217=CARTESIAN_POINT('Ctrl Pts',(-0.829493203787143,-3.0904030428327E-17,
0.847422152445865));
#3218=CARTESIAN_POINT('Ctrl Pts',(-0.833409039719931,0.00050097358253682,
0.842053459492195));
#3219=CARTESIAN_POINT('Ctrl Pts',(-0.837919017009704,0.00100194716507367,
0.837142291659572));
#3220=CARTESIAN_POINT('Ctrl Pts',(-0.842959018511278,0.00150292074761052,
0.832855825314108));
#3221=CARTESIAN_POINT('Ctrl Pts',(-0.86488869767556,0.00368271968842093,
0.814204872199279));
#3222=CARTESIAN_POINT('Ctrl Pts',(-0.896852950677998,0.00586251862923136,
0.807380950869255));
#3223=CARTESIAN_POINT('Ctrl Pts',(-0.924505019834242,0.00804231757004176,
0.815393858169043));
#3224=CARTESIAN_POINT('Ctrl Pts',(-0.952157088990486,0.0102221165108522,
0.823406765468832));
#3225=CARTESIAN_POINT('Ctrl Pts',(-0.975496974300537,0.0124019154516627,
0.846256501398434));
#3226=CARTESIAN_POINT('Ctrl Pts',(-0.98407902745947,0.0145817143924731,
0.873728156062418));
#3227=CARTESIAN_POINT('Ctrl Pts',(-0.986714373484755,0.0152510792132452,
0.882164052995937));
#3228=CARTESIAN_POINT('Ctrl Pts',(-0.987958116178799,0.0159204440340173,
0.891035777999705));
#3229=CARTESIAN_POINT('Ctrl Pts',(-0.987890205391077,0.0165898088547894,
0.899926603452119));
#3230=CARTESIAN_POINT('Origin',(-0.900000000000003,0.25,0.900000000000003));
#3231=CARTESIAN_POINT('',(-0.987882049550593,0.0582564755214561,0.900066651196322));
#3232=CARTESIAN_POINT('',(-0.988086968939163,0.0459101911452102,0.899989038969791));
#3233=CARTESIAN_POINT('',(-0.987950000000003,0.25,0.900000000000003));
#3234=CARTESIAN_POINT('Ctrl Pts',(-0.988086968939163,0.0459101911452102,
0.899989038969791));
#3235=CARTESIAN_POINT('Ctrl Pts',(-0.988087985937863,0.0458653866824798,
0.899397367788685));
#3236=CARTESIAN_POINT('Ctrl Pts',(-0.988082527795248,0.0458205822197494,
0.898805716402296));
#3237=CARTESIAN_POINT('Ctrl Pts',(-0.988070536613655,0.045775777757019,
0.898214198025097));
#3238=CARTESIAN_POINT('Ctrl Pts',(-0.987487149081659,0.0435959788162086,
0.869436012694654));
#3239=CARTESIAN_POINT('Ctrl Pts',(-0.971440340690894,0.0414161798753981,
0.840972654370405));
#3240=CARTESIAN_POINT('Ctrl Pts',(-0.94712012344497,0.0392363809345877,
0.825574402368168));
#3241=CARTESIAN_POINT('Ctrl Pts',(-0.922799906199047,0.0370565819937773,
0.810176150365931));
#3242=CARTESIAN_POINT('Ctrl Pts',(-0.890206280097964,0.0348767830529668,
0.807843004685707));
#3243=CARTESIAN_POINT('Ctrl Pts',(-0.863943548071024,0.0326969841121564,
0.819626909102265));
#3244=CARTESIAN_POINT('Ctrl Pts',(-0.837680816044084,0.030517185171346,
0.831410813518822));
#3245=CARTESIAN_POINT('Ctrl Pts',(-0.817748978091287,0.0283373862305355,
0.857311768032161));
#3246=CARTESIAN_POINT('Ctrl Pts',(-0.813078627788598,0.0261575872897251,
0.885711263655392));
#3247=CARTESIAN_POINT('Ctrl Pts',(-0.808408277485909,0.0239777883489146,
0.914110759278623));
#3248=CARTESIAN_POINT('Ctrl Pts',(-0.818999414833329,0.0217979894081042,
0.945008796011746));
#3249=CARTESIAN_POINT('Ctrl Pts',(-0.840106925221143,0.0196181904672937,
0.964587270701851));
#3250=CARTESIAN_POINT('Ctrl Pts',(-0.861214435608957,0.0174383915264833,
0.984165745391955));
#3251=CARTESIAN_POINT('Ctrl Pts',(-0.892838319037164,0.0152585925856729,
0.992424658039042));
#3252=CARTESIAN_POINT('Ctrl Pts',(-0.920808398655912,0.0130787936448625,
0.985609721544771));
#3253=CARTESIAN_POINT('Ctrl Pts',(-0.948778478274661,0.010898994704052,
0.978794785050501));
#3254=CARTESIAN_POINT('Ctrl Pts',(-0.973094754083951,0.00871919576324159,
0.956905999414873));
#3255=CARTESIAN_POINT('Ctrl Pts',(-0.982853069892036,0.00653939682243114,
0.929875563243702));
#3256=CARTESIAN_POINT('Ctrl Pts',(-0.986279050604792,0.00577410604113527,
0.92038563129222));
#3257=CARTESIAN_POINT('Ctrl Pts',(-0.987910625737708,0.00500881525983941,
0.910261942522489));
#3258=CARTESIAN_POINT('Ctrl Pts',(-0.987838454733252,0.00424352447854354,
0.900115695421507));
#3259=CARTESIAN_POINT('Ctrl Pts',(-0.987890205391077,0.0165898088547894,
0.899926603452119));
#3260=CARTESIAN_POINT('Ctrl Pts',(-0.987736963440335,0.0181002429748277,
0.919988915814366));
#3261=CARTESIAN_POINT('Ctrl Pts',(-0.980904944779877,0.019610677094866,
0.940148485290115));
#3262=CARTESIAN_POINT('Ctrl Pts',(-0.968312766163468,0.0211211112149043,
0.955617148080782));
#3263=CARTESIAN_POINT('Ctrl Pts',(-0.950140230700717,0.0233009101557148,
0.977940912036798));
#3264=CARTESIAN_POINT('Ctrl Pts',(-0.919970938767401,0.0254807090965253,
0.990494866550465));
#3265=CARTESIAN_POINT('Ctrl Pts',(-0.891325846902806,0.0276605080373357,
0.987659764204491));
#3266=CARTESIAN_POINT('Ctrl Pts',(-0.862680755038212,0.0298403069781461,
0.984824661858516));
#3267=CARTESIAN_POINT('Ctrl Pts',(-0.83555986324234,0.0320201059189565,
0.9666005026529));
#3268=CARTESIAN_POINT('Ctrl Pts',(-0.822113675672343,0.034199904859767,
0.941150074648661));
#3269=CARTESIAN_POINT('Ctrl Pts',(-0.808667488102345,0.0363797038005774,
0.915699646644421));
#3270=CARTESIAN_POINT('Ctrl Pts',(-0.808896004758224,0.0385595027413879,
0.883022949841559));
#3271=CARTESIAN_POINT('Ctrl Pts',(-0.822697591731572,0.0407393016821983,
0.857762828545364));
#3272=CARTESIAN_POINT('Ctrl Pts',(-0.836499178704919,0.0429191006230087,
0.83250270724917));
#3273=CARTESIAN_POINT('Ctrl Pts',(-0.863873835995736,0.0450988995638191,
0.814659161459642));
#3274=CARTESIAN_POINT('Ctrl Pts',(-0.892555459520086,0.0472786985046295,
0.812226606425563));
#3275=CARTESIAN_POINT('Ctrl Pts',(-0.921237083044438,0.04945849744544,0.809794051391484));
#3276=CARTESIAN_POINT('Ctrl Pts',(-0.951225672802324,0.0516382963862505,
0.822772487112855));
#3277=CARTESIAN_POINT('Ctrl Pts',(-0.969084469777155,0.0538180953270609,
0.845347041678407));
#3278=CARTESIAN_POINT('Ctrl Pts',(-0.981205485360262,0.0552975553918593,
0.860668707972974));
#3279=CARTESIAN_POINT('Ctrl Pts',(-0.987738879173682,0.0567770154566577,
0.880410852301854));
#3280=CARTESIAN_POINT('Ctrl Pts',(-0.987882049550593,0.0582564755214561,
0.900066651196322));
#3281=CARTESIAN_POINT('Origin',(-0.900000000000003,0.25,0.900000000000003));
#3282=CARTESIAN_POINT('',(-0.98807918674347,0.0999231421881228,0.8999748027322));
#3283=CARTESIAN_POINT('',(-0.98784032635057,0.0875768578118769,0.899954343182908));
#3284=CARTESIAN_POINT('',(-0.987950000000003,0.25,0.900000000000003));
#3285=CARTESIAN_POINT('Ctrl Pts',(-0.98784032635057,0.0875768578118769,
0.899954343182908));
#3286=CARTESIAN_POINT('Ctrl Pts',(-0.987895176222919,0.0867219581051202,
0.88858271984312));
#3287=CARTESIAN_POINT('Ctrl Pts',(-0.985840466624303,0.0858670583983635,
0.877230147638628));
#3288=CARTESIAN_POINT('Ctrl Pts',(-0.981582475841167,0.0850121586916068,
0.866774882414997));
#3289=CARTESIAN_POINT('Ctrl Pts',(-0.970725572129888,0.0828323597507963,
0.840116344717255));
#3290=CARTESIAN_POINT('Ctrl Pts',(-0.945544399559101,0.0806525608099859,
0.819291500210235));
#3291=CARTESIAN_POINT('Ctrl Pts',(-0.917321851694529,0.0784727618691754,
0.813631259001274));
#3292=CARTESIAN_POINT('Ctrl Pts',(-0.889099303829958,0.076292962928365,
0.807971017792313));
#3293=CARTESIAN_POINT('Ctrl Pts',(-0.857835380671602,0.0741131639875546,
0.817475379881412));
#3294=CARTESIAN_POINT('Ctrl Pts',(-0.837538468533998,0.0719333650467442,
0.837885839146418));
#3295=CARTESIAN_POINT('Ctrl Pts',(-0.817241556396394,0.0697535661059337,
0.858296298411425));
#3296=CARTESIAN_POINT('Ctrl Pts',(-0.807911655279541,0.0675737671651232,
0.889612854852341));
#3297=CARTESIAN_POINT('Ctrl Pts',(-0.813729197840951,0.0653939682243128,
0.917803338734626));
#3298=CARTESIAN_POINT('Ctrl Pts',(-0.819546740402362,0.0632141692835024,
0.945993822616912));
#3299=CARTESIAN_POINT('Ctrl Pts',(-0.840511726642036,0.061034370342692,
0.971058233940568));
#3300=CARTESIAN_POINT('Ctrl Pts',(-0.867230410530271,0.0588545714018816,
0.981766400063161));
#3301=CARTESIAN_POINT('Ctrl Pts',(-0.893949094418507,0.0566747724610712,
0.992474566185753));
#3302=CARTESIAN_POINT('Ctrl Pts',(-0.926421475955304,0.0544949735202607,
0.988826487107284));
#3303=CARTESIAN_POINT('Ctrl Pts',(-0.95009768338709,0.0523151745794503,
0.972455941399731));
#3304=CARTESIAN_POINT('Ctrl Pts',(-0.973287240544112,0.0501801801013703,
0.956421882462263));
#3305=CARTESIAN_POINT('Ctrl Pts',(-0.988038507547715,0.0480451856232902,
0.928182987240094));
#3306=CARTESIAN_POINT('Ctrl Pts',(-0.988086968939163,0.0459101911452102,
0.899989038969791));
#3307=CARTESIAN_POINT('Ctrl Pts',(-0.987882049550593,0.0582564755214561,
0.900066651196322));
#3308=CARTESIAN_POINT('Ctrl Pts',(-0.987949822776265,0.0589568143974682,
0.909371207927798));
#3309=CARTESIAN_POINT('Ctrl Pts',(-0.986585652048486,0.0596571532734802,
0.918656416067798));
#3310=CARTESIAN_POINT('Ctrl Pts',(-0.983704401018293,0.0603574921494922,
0.92744421219905));
#3311=CARTESIAN_POINT('Ctrl Pts',(-0.974736531092824,0.0625372910903026,
0.954796154744407));
#3312=CARTESIAN_POINT('Ctrl Pts',(-0.95107178705011,0.0647170900311131,
0.977329366425386));
#3313=CARTESIAN_POINT('Ctrl Pts',(-0.923313646193193,0.0668968889719235,
0.98494751030604));
#3314=CARTESIAN_POINT('Ctrl Pts',(-0.895555505336276,0.069076687912734,
0.992565654186694));
#3315=CARTESIAN_POINT('Ctrl Pts',(-0.863703967665156,0.0712564868535444,
0.985268730267024));
#3316=CARTESIAN_POINT('Ctrl Pts',(-0.842030685878203,0.0734362857943548,
0.966326217014791));
#3317=CARTESIAN_POINT('Ctrl Pts',(-0.82035740409125,0.0756160847351652,
0.947383703762558));
#3318=CARTESIAN_POINT('Ctrl Pts',(-0.808862378188464,0.0777958836759757,
0.916795601177762));
#3319=CARTESIAN_POINT('Ctrl Pts',(-0.812696180813838,0.0799756826167861,
0.888267501904289));
#3320=CARTESIAN_POINT('Ctrl Pts',(-0.816529983439212,0.0821554815575966,
0.859739402630816));
#3321=CARTESIAN_POINT('Ctrl Pts',(-0.835692614592745,0.084335280498407,
0.833271306668666));
#3322=CARTESIAN_POINT('Ctrl Pts',(-0.861597893799302,0.0865150794392174,
0.820722727484902));
#3323=CARTESIAN_POINT('Ctrl Pts',(-0.88750317300586,0.0886948783800278,
0.808174148301138));
#3324=CARTESIAN_POINT('Ctrl Pts',(-0.920151100265441,0.0908746773208383,
0.80954508589576));
#3325=CARTESIAN_POINT('Ctrl Pts',(-0.944913165152913,0.0930544762616488,
0.824221271602742));
#3326=CARTESIAN_POINT('Ctrl Pts',(-0.969675230040384,0.0952342752024592,
0.838897457309723));
#3327=CARTESIAN_POINT('Ctrl Pts',(-0.986551432555745,0.0974140741432696,
0.866878891129064));
#3328=CARTESIAN_POINT('Ctrl Pts',(-0.987980073638634,0.09959387308408,0.89562796650023));
#3329=CARTESIAN_POINT('Ctrl Pts',(-0.988052008005386,0.0997036294520943,
0.897075528492041));
#3330=CARTESIAN_POINT('Ctrl Pts',(-0.988084778420014,0.0998133858201085,
0.898525036673037));
#3331=CARTESIAN_POINT('Ctrl Pts',(-0.98807918674347,0.0999231421881228,
0.8999748027322));
#3332=CARTESIAN_POINT('Origin',(-0.900000000000003,0.25,0.900000000000003));
#3333=CARTESIAN_POINT('',(-0.987828241673749,0.141589808854789,0.899965859634161));
#3334=CARTESIAN_POINT('',(-0.987948794661878,0.129243524478544,0.900075661156618));
#3335=CARTESIAN_POINT('',(-0.987950000000003,0.25,0.900000000000003));
#3336=CARTESIAN_POINT('Ctrl Pts',(-0.987948794661878,0.129243524478544,
0.900075661156618));
#3337=CARTESIAN_POINT('Ctrl Pts',(-0.987754046019194,0.127578529527761,
0.877997663566399));
#3338=CARTESIAN_POINT('Ctrl Pts',(-0.979298103618026,0.125913534576978,
0.855786597432369));
#3339=CARTESIAN_POINT('Ctrl Pts',(-0.964259439543045,0.124248539626195,
0.839747756885213));
#3340=CARTESIAN_POINT('Ctrl Pts',(-0.944570932976444,0.122068740685384,
0.818749826759313));
#3341=CARTESIAN_POINT('Ctrl Pts',(-0.913599739787514,0.119888941744574,
0.808330999094336));
#3342=CARTESIAN_POINT('Ctrl Pts',(-0.885223081245762,0.117709142803763,
0.813159623451152));
#3343=CARTESIAN_POINT('Ctrl Pts',(-0.856846422704011,0.115529343862953,
0.817988247807968));
#3344=CARTESIAN_POINT('Ctrl Pts',(-0.831064298809437,0.113349544922142,
0.838064324186578));
#3345=CARTESIAN_POINT('Ctrl Pts',(-0.819428871566386,0.111169745981332,
0.864392393264086));
#3346=CARTESIAN_POINT('Ctrl Pts',(-0.807793444323335,0.108989947040521,
0.890720462341594));
#3347=CARTESIAN_POINT('Ctrl Pts',(-0.810304713731807,0.106810148099711,
0.923300524118002));
#3348=CARTESIAN_POINT('Ctrl Pts',(-0.825837458580327,0.104630349158901,
0.947534470564081));
#3349=CARTESIAN_POINT('Ctrl Pts',(-0.841370203428847,0.10245055021809,0.97176841701016));
#3350=CARTESIAN_POINT('Ctrl Pts',(-0.869924423717416,0.10027075127728,0.987656248125912));
#3351=CARTESIAN_POINT('Ctrl Pts',(-0.898705868070034,0.0980909523364694,
0.988079130791789));
#3352=CARTESIAN_POINT('Ctrl Pts',(-0.927487312422653,0.0959111533956589,
0.988502013457665));
#3353=CARTESIAN_POINT('Ctrl Pts',(-0.956495980839322,0.0937313544548485,
0.973459947673667));
#3354=CARTESIAN_POINT('Ctrl Pts',(-0.97273399762177,0.091551555514038,0.949692799337435));
#3355=CARTESIAN_POINT('Ctrl Pts',(-0.982603594122087,0.0902266562799843,
0.935246936447619));
#3356=CARTESIAN_POINT('Ctrl Pts',(-0.987755321579498,0.0889017570459306,
0.917577761384782));
#3357=CARTESIAN_POINT('Ctrl Pts',(-0.98784032635057,0.0875768578118769,
0.899954343182908));
#3358=CARTESIAN_POINT('Ctrl Pts',(-0.98807918674347,0.0999231421881228,
0.8999748027322));
#3359=CARTESIAN_POINT('Ctrl Pts',(-0.987973725814793,0.101993184760919,
0.927317885574309));
#3360=CARTESIAN_POINT('Ctrl Pts',(-0.974222390368809,0.104063227333715,
0.95475269889854));
#3361=CARTESIAN_POINT('Ctrl Pts',(-0.952204752305048,0.106133269906511,
0.970952602514581));
#3362=CARTESIAN_POINT('Ctrl Pts',(-0.929019710238157,0.108313068847322,
0.988011446234774));
#3363=CARTESIAN_POINT('Ctrl Pts',(-0.896668546453959,0.110492867788132,
0.992612416752168));
#3364=CARTESIAN_POINT('Ctrl Pts',(-0.869646803506925,0.112672666728943,
0.982693962737624));
#3365=CARTESIAN_POINT('Ctrl Pts',(-0.842625060559891,0.114852465669753,
0.97277550872308));
#3366=CARTESIAN_POINT('Ctrl Pts',(-0.820932738450021,0.117032264610563,
0.948337630176597));
#3367=CARTESIAN_POINT('Ctrl Pts',(-0.814289487269685,0.119212063551374,
0.920330174976304));
#3368=CARTESIAN_POINT('Ctrl Pts',(-0.80764623608935,0.121391862492184,0.892322719776011));
#3369=CARTESIAN_POINT('Ctrl Pts',(-0.816052055838549,0.123571661432995,
0.860745687921908));
#3370=CARTESIAN_POINT('Ctrl Pts',(-0.835740561948255,0.125751460373805,
0.839747758283434));
#3371=CARTESIAN_POINT('Ctrl Pts',(-0.85542906805796,0.127931259314616,0.81874982864496));
#3372=CARTESIAN_POINT('Ctrl Pts',(-0.88640026052817,0.130111058255426,0.808331001222115));
#3373=CARTESIAN_POINT('Ctrl Pts',(-0.914776918411336,0.132290857196237,
0.813159625466683));
#3374=CARTESIAN_POINT('Ctrl Pts',(-0.943153576294502,0.134470656137047,
0.817988249711251));
#3375=CARTESIAN_POINT('Ctrl Pts',(-0.968935699590623,0.136650455077857,
0.838064325623232));
#3376=CARTESIAN_POINT('Ctrl Pts',(-0.980571126563711,0.138830254018668,
0.864392394090073));
#3377=CARTESIAN_POINT('Ctrl Pts',(-0.985481151088265,0.139750105630708,
0.875502554650171));
#3378=CARTESIAN_POINT('Ctrl Pts',(-0.987872004288504,0.140669957242749,
0.887726038067026));
#3379=CARTESIAN_POINT('Ctrl Pts',(-0.987828241673749,0.141589808854789,
0.899965859634161));
#3380=CARTESIAN_POINT('Origin',(-0.900000000000003,0.25,0.900000000000003));
#3381=CARTESIAN_POINT('',(-0.987973914073291,0.183256475521456,0.900073974797242));
#3382=CARTESIAN_POINT('',(-0.988030774457641,0.17091019114521,0.899940706285334));
#3383=CARTESIAN_POINT('',(-0.987950000000003,0.25,0.900000000000003));
#3384=CARTESIAN_POINT('Ctrl Pts',(-0.988030774457641,0.17091019114521,0.899940706285334));
#3385=CARTESIAN_POINT('Ctrl Pts',(-0.988061225349561,0.170614899891211,
0.896034549006797));
#3386=CARTESIAN_POINT('Ctrl Pts',(-0.987823175721762,0.170319608637212,
0.892132123387432));
#3387=CARTESIAN_POINT('Ctrl Pts',(-0.987303821211555,0.170024317383214,
0.888267501634569));
#3388=CARTESIAN_POINT('Ctrl Pts',(-0.983470018496695,0.167844518442403,
0.859739401701221));
#3389=CARTESIAN_POINT('Ctrl Pts',(-0.964307386899771,0.165664719501593,
0.833271305119883));
#3390=CARTESIAN_POINT('Ctrl Pts',(-0.938402107092313,0.163484920560782,
0.820722725643732));
#3391=CARTESIAN_POINT('Ctrl Pts',(-0.912496827284855,0.161305121619972,
0.808174146167582));
#3392=CARTESIAN_POINT('Ctrl Pts',(-0.879848899266863,0.159125322679161,
0.809545083796617));
#3393=CARTESIAN_POINT('Ctrl Pts',(-0.855086833804561,0.156945523738351,
0.824221269844816));
#3394=CARTESIAN_POINT('Ctrl Pts',(-0.830324768342259,0.154765724797541,
0.838897455893014));
#3395=CARTESIAN_POINT('Ctrl Pts',(-0.813448565435646,0.15258592585673,0.866878890360374));
#3396=CARTESIAN_POINT('Ctrl Pts',(-0.812019924319695,0.15040612691592,0.8956279663984));
#3397=CARTESIAN_POINT('Ctrl Pts',(-0.810591283203744,0.148226327975109,
0.924377042436426));
#3398=CARTESIAN_POINT('Ctrl Pts',(-0.824610203878455,0.146046529034299,
0.953893760045118));
#3399=CARTESIAN_POINT('Ctrl Pts',(-0.847795246483358,0.143866730093488,
0.970952604161389));
#3400=CARTESIAN_POINT('Ctrl Pts',(-0.870980289088262,0.141686931152678,
0.988011448277659));
#3401=CARTESIAN_POINT('Ctrl Pts',(-0.903331453623358,0.139507132211868,
0.992612418901509));
#3402=CARTESIAN_POINT('Ctrl Pts',(-0.930353197197529,0.137327333271057,
0.982693964656667));
#3403=CARTESIAN_POINT('Ctrl Pts',(-0.9573749407717,0.135147534330247,0.972775510411826));
#3404=CARTESIAN_POINT('Ctrl Pts',(-0.979067263384947,0.132967735389436,
0.948337631298293));
#3405=CARTESIAN_POINT('Ctrl Pts',(-0.985710514719433,0.130787936448626,
0.920330175448114));
#3406=CARTESIAN_POINT('Ctrl Pts',(-0.987279454051276,0.130273132458598,
0.913715643368));
#3407=CARTESIAN_POINT('Ctrl Pts',(-0.988009009486108,0.129758328468571,
0.906902012939797));
#3408=CARTESIAN_POINT('Ctrl Pts',(-0.987948794661878,0.129243524478544,
0.900075661156618));
#3409=CARTESIAN_POINT('Ctrl Pts',(-0.987828241673749,0.141589808854789,
0.899965859634161));
#3410=CARTESIAN_POINT('Ctrl Pts',(-0.987768298755957,0.142849756183559,
0.916731096859676));
#3411=CARTESIAN_POINT('Ctrl Pts',(-0.98314063376045,0.144109703512329,0.933526987024058));
#3412=CARTESIAN_POINT('Ctrl Pts',(-0.97416253969868,0.145369650841099,0.947534469461654));
#3413=CARTESIAN_POINT('Ctrl Pts',(-0.958629795210505,0.14754944978191,0.971768415344696));
#3414=CARTESIAN_POINT('Ctrl Pts',(-0.930075575584097,0.14972924872272,0.987656246089081));
#3415=CARTESIAN_POINT('Ctrl Pts',(-0.901294131899683,0.15190904766353,0.988079128746317));
#3416=CARTESIAN_POINT('Ctrl Pts',(-0.872512688215269,0.154088846604341,
0.988502011403554));
#3417=CARTESIAN_POINT('Ctrl Pts',(-0.843504020472849,0.156268645545151,
0.973459945973641));
#3418=CARTESIAN_POINT('Ctrl Pts',(-0.827266004066719,0.158448444485962,
0.949692798186797));
#3419=CARTESIAN_POINT('Ctrl Pts',(-0.811027987660589,0.160628243426772,
0.925925650399952));
#3420=CARTESIAN_POINT('Ctrl Pts',(-0.807560622590749,0.162808042367583,
0.893433420256176));
#3421=CARTESIAN_POINT('Ctrl Pts',(-0.818417526051125,0.164987841308393,
0.866774883181165));
#3422=CARTESIAN_POINT('Ctrl Pts',(-0.829274429511502,0.167167640249203,
0.840116346106154));
#3423=CARTESIAN_POINT('Ctrl Pts',(-0.854455601502094,0.169347439190014,
0.819291502099908));
#3424=CARTESIAN_POINT('Ctrl Pts',(-0.882678148709561,0.171527238130824,
0.81363126101484));
#3425=CARTESIAN_POINT('Ctrl Pts',(-0.910900695917028,0.173707037071635,
0.807971019929771));
#3426=CARTESIAN_POINT('Ctrl Pts',(-0.942164618341371,0.175886836012445,
0.817475381765881));
#3427=CARTESIAN_POINT('Ctrl Pts',(-0.962461530012231,0.178066634953256,
0.837885840570865));
#3428=CARTESIAN_POINT('Ctrl Pts',(-0.978569703053097,0.179796581809322,
0.854084127660331));
#3429=CARTESIAN_POINT('Ctrl Pts',(-0.987770375697663,0.181526528665389,
0.877151548995031));
#3430=CARTESIAN_POINT('Ctrl Pts',(-0.987973914073291,0.183256475521456,
0.900073974797242));
#3431=CARTESIAN_POINT('Origin',(-0.900000000000003,0.25,0.900000000000003));
#3432=CARTESIAN_POINT('',(-0.988007836541295,0.224923142188123,0.899933892191979));
#3433=CARTESIAN_POINT('',(-0.987814549759213,0.212576857811877,0.90000355361161));
#3434=CARTESIAN_POINT('',(-0.987950000000003,0.25,0.900000000000003));
#3435=CARTESIAN_POINT('',(-0.829450868076793,0.25,0.847483121904658));
#3436=CARTESIAN_POINT('Ctrl Pts',(-0.988007836541295,0.224923142188123,
0.899933892191979));
#3437=CARTESIAN_POINT('Ctrl Pts',(-0.987803817357809,0.22674269796965,0.924014285623412));
#3438=CARTESIAN_POINT('Ctrl Pts',(-0.977512261238887,0.228562253751178,
0.948244417303526));
#3439=CARTESIAN_POINT('Ctrl Pts',(-0.959893072258241,0.230381809532706,
0.964587267538323));
#3440=CARTESIAN_POINT('Ctrl Pts',(-0.938785563564166,0.232561608473516,
0.984165742676757));
#3441=CARTESIAN_POINT('Ctrl Pts',(-0.907161685592187,0.234741407414327,
0.992424659938462));
#3442=CARTESIAN_POINT('Ctrl Pts',(-0.879191603485791,0.236921206355137,
0.985609721398653));
#3443=CARTESIAN_POINT('Ctrl Pts',(-0.851221521379394,0.239101005295948,
0.978794782858844));
#3444=CARTESIAN_POINT('Ctrl Pts',(-0.82690523513858,0.241280804236758,0.956905988517522));
#3445=CARTESIAN_POINT('Ctrl Pts',(-0.817146919416982,0.243460603177569,
0.929875552894264));
#3446=CARTESIAN_POINT('Ctrl Pts',(-0.807388603695384,0.245640402118379,
0.902845117271007));
#3447=CARTESIAN_POINT('Ctrl Pts',(-0.812188258493003,0.24782020105919,0.870673040365816));
#3448=CARTESIAN_POINT('Ctrl Pts',(-0.829450868076793,0.25,0.847483121904657));
#3449=CARTESIAN_POINT('',(-0.970506796755779,0.25,0.847422150011745));
#3450=CARTESIAN_POINT('Origin',(-0.900000000000003,0.25,0.900000000000003));
#3451=CARTESIAN_POINT('Ctrl Pts',(-0.970506796755779,0.25,0.847422150011745));
#3452=CARTESIAN_POINT('Ctrl Pts',(-0.966590961442989,0.249499026417463,
0.84205345846715));
#3453=CARTESIAN_POINT('Ctrl Pts',(-0.962080984669794,0.248998052834926,
0.837142291814098));
#3454=CARTESIAN_POINT('Ctrl Pts',(-0.957040983467899,0.248497079252389,
0.832855826145444));
#3455=CARTESIAN_POINT('Ctrl Pts',(-0.935111305607557,0.246317280311579,
0.814204875975501));
#3456=CARTESIAN_POINT('Ctrl Pts',(-0.903147049802674,0.244137481370768,
0.807380948071934));
#3457=CARTESIAN_POINT('Ctrl Pts',(-0.87549497933448,0.241957682429958,0.815393854210456));
#3458=CARTESIAN_POINT('Ctrl Pts',(-0.847842908866286,0.239777883489147,
0.823406760348978));
#3459=CARTESIAN_POINT('Ctrl Pts',(-0.82450302373478,0.237598084548337,0.846256500529589));
#3460=CARTESIAN_POINT('Ctrl Pts',(-0.815920970636364,0.235418285607527,
0.873728156617632));
#3461=CARTESIAN_POINT('Ctrl Pts',(-0.807338917537948,0.233238486666716,
0.901199812705675));
#3462=CARTESIAN_POINT('Ctrl Pts',(-0.813514696472622,0.231058687725906,
0.93329338470115));
#3463=CARTESIAN_POINT('Ctrl Pts',(-0.831687232267224,0.228878888785095,
0.955617148711981));
#3464=CARTESIAN_POINT('Ctrl Pts',(-0.849859768061827,0.226699089844285,
0.977940912722813));
#3465=CARTESIAN_POINT('Ctrl Pts',(-0.880029060716358,0.224519290903475,
0.990494868749002));
#3466=CARTESIAN_POINT('Ctrl Pts',(-0.908674153270759,0.222339491962664,
0.987659766605672));
#3467=CARTESIAN_POINT('Ctrl Pts',(-0.93731924582516,0.220159693021854,0.984824664462341));
#3468=CARTESIAN_POINT('Ctrl Pts',(-0.964440138279431,0.217979894081043,
0.96660050414949));
#3469=CARTESIAN_POINT('Ctrl Pts',(-0.977886326158889,0.215800095140233,
0.941150075401901));
#3470=CARTESIAN_POINT('Ctrl Pts',(-0.984513887671671,0.214725682697447,
0.928605681142096));
#3471=CARTESIAN_POINT('Ctrl Pts',(-0.98781923875875,0.213651270254662,0.914305696170881));
#3472=CARTESIAN_POINT('Ctrl Pts',(-0.987814549759213,0.212576857811877,
0.90000355361161));
#3473=CARTESIAN_POINT('Origin',(1.08360757102187,0.25,0.900518039935954));
#3474=CARTESIAN_POINT('',(0.995717227045845,0.0165898088547893,0.90044472884829));
#3475=CARTESIAN_POINT('',(0.995769566056385,0.00424352447854369,0.90063415908217));
#3476=CARTESIAN_POINT('',(0.995657571021873,0.25,0.900518039935954));
#3477=CARTESIAN_POINT('',(1.01305843909866,0.,0.84800116184061));
#3478=CARTESIAN_POINT('Ctrl Pts',(0.995769566056385,0.00424352447854369,
0.90063415908217));
#3479=CARTESIAN_POINT('Ctrl Pts',(0.99590277517902,0.00282901631902913,
0.881880389179353));
#3480=CARTESIAN_POINT('Ctrl Pts',(1.0018564416788,0.00141450815951457,0.863049489586651));
#3481=CARTESIAN_POINT('Ctrl Pts',(1.01305843909866,0.,0.84800116184061));
#3482=CARTESIAN_POINT('',(1.15411440459816,1.62203474623816E-17,0.847940005365986));
#3483=CARTESIAN_POINT('Origin',(1.08360757102187,0.,0.900518039935954));
#3484=CARTESIAN_POINT('Ctrl Pts',(1.15411440459816,1.62203474623816E-17,
0.847940005365986));
#3485=CARTESIAN_POINT('Ctrl Pts',(1.15019861376483,0.000500973582536847,
0.842571414909936));
#3486=CARTESIAN_POINT('Ctrl Pts',(1.14568867409646,0.00100194716507368,
0.837660333049797));
#3487=CARTESIAN_POINT('Ctrl Pts',(1.14064869449811,0.00150292074761051,
0.833373916318927));
#3488=CARTESIAN_POINT('Ctrl Pts',(1.1187191106375,0.00368271968842091,0.814723179083424));
#3489=CARTESIAN_POINT('Ctrl Pts',(1.08675465535752,0.0058625186292313,0.807898785294506));
#3490=CARTESIAN_POINT('Ctrl Pts',(1.05910249063715,0.00804231757004171,
0.815911609496665));
#3491=CARTESIAN_POINT('Ctrl Pts',(1.03145032591679,0.0102221165108522,0.823924433698824));
#3492=CARTESIAN_POINT('Ctrl Pts',(1.00811045175604,0.0124019154516626,0.846774475892061));
#3493=CARTESIAN_POINT('Ctrl Pts',(0.999528402456213,0.014581714392473,0.874246234303441));
#3494=CARTESIAN_POINT('Ctrl Pts',(0.996893057615969,0.0152510792132451,
0.882682163095337));
#3495=CARTESIAN_POINT('Ctrl Pts',(0.99564931541953,0.0159204440340172,0.891553900861029));
#3496=CARTESIAN_POINT('Ctrl Pts',(0.995717227045845,0.0165898088547893,
0.90044472884829));
#3497=CARTESIAN_POINT('Origin',(1.08360757102187,0.25,0.900518039935954));
#3498=CARTESIAN_POINT('',(0.995725370696456,0.058256475521456,0.900584691715211));
#3499=CARTESIAN_POINT('',(0.995520484431816,0.0459101911452105,0.900507090374735));
#3500=CARTESIAN_POINT('',(0.995657571021873,0.25,0.900518039935954));
#3501=CARTESIAN_POINT('Ctrl Pts',(0.995520484431816,0.0459101911452105,
0.900507090374735));
#3502=CARTESIAN_POINT('Ctrl Pts',(0.995519467357673,0.04586538668248,0.899915418237191));
#3503=CARTESIAN_POINT('Ctrl Pts',(0.995524925428846,0.0458205822197496,
0.899323765882809));
#3504=CARTESIAN_POINT('Ctrl Pts',(0.995536916542921,0.0457757777570191,
0.898732246525837));
#3505=CARTESIAN_POINT('Ctrl Pts',(0.996120300790082,0.0435959788162087,
0.869954013528084));
#3506=CARTESIAN_POINT('Ctrl Pts',(1.01216711518455,0.0414161798753982,0.841490579649779));
#3507=CARTESIAN_POINT('Ctrl Pts',(1.03648737434878,0.0392363809345878,0.826092319639893));
#3508=CARTESIAN_POINT('Ctrl Pts',(1.06080763351302,0.0370565819937773,0.810694059630006));
#3509=CARTESIAN_POINT('Ctrl Pts',(1.09340133744704,0.0348767830529669,0.808360973488539));
#3510=CARTESIAN_POINT('Ctrl Pts',(1.11966408907107,0.0326969841121565,0.82014487244175));
#3511=CARTESIAN_POINT('Ctrl Pts',(1.1459268406951,0.030517185171346,0.831928771394961));
#3512=CARTESIAN_POINT('Ctrl Pts',(1.16585864000914,0.0283373862305356,0.857829655442849));
#3513=CARTESIAN_POINT('Ctrl Pts',(1.17052903083626,0.0261575872897252,0.88622922457265));
#3514=CARTESIAN_POINT('Ctrl Pts',(1.17519942166339,0.0239777883489147,0.914628793702452));
#3515=CARTESIAN_POINT('Ctrl Pts',(1.16460840400359,0.0217979894081043,0.945527047914169));
#3516=CARTESIAN_POINT('Ctrl Pts',(1.14350079431678,0.0196181904672938,0.965105497096299));
#3517=CARTESIAN_POINT('Ctrl Pts',(1.12239318462998,0.0174383915264834,0.984683946278429));
#3518=CARTESIAN_POINT('Ctrl Pts',(1.09076898291616,0.015258592585673,0.992942590430975));
#3519=CARTESIAN_POINT('Ctrl Pts',(1.0627990504117,0.0130787936448626,0.986127775131349));
#3520=CARTESIAN_POINT('Ctrl Pts',(1.03482911790723,0.0108989947040521,0.979312959831723));
#3521=CARTESIAN_POINT('Ctrl Pts',(1.01051345461211,0.00871919576324169,
0.957424685079926));
#3522=CARTESIAN_POINT('Ctrl Pts',(1.00075513251402,0.00653939682243124,
0.930394215197437));
#3523=CARTESIAN_POINT('Ctrl Pts',(0.997329149592947,0.00577410604113539,
0.920904271410478));
#3524=CARTESIAN_POINT('Ctrl Pts',(0.995697495978279,0.00500881525983954,
0.910780503678792));
#3525=CARTESIAN_POINT('Ctrl Pts',(0.995769566056385,0.00424352447854369,
0.90063415908217));
#3526=CARTESIAN_POINT('Ctrl Pts',(0.995717227045845,0.0165898088547893,
0.90044472884829));
#3527=CARTESIAN_POINT('Ctrl Pts',(0.995870470888888,0.0181002429748276,
0.92050704693047));
#3528=CARTESIAN_POINT('Ctrl Pts',(1.00270249317792,0.0196106770948659,0.940666570051158));
#3529=CARTESIAN_POINT('Ctrl Pts',(1.01529468897566,0.0211211112149042,0.95613523632017));
#3530=CARTESIAN_POINT('Ctrl Pts',(1.03346724923385,0.0233009101557147,0.978459005295998));
#3531=CARTESIAN_POINT('Ctrl Pts',(1.06363659418912,0.0254807090965252,0.991013068618132));
#3532=CARTESIAN_POINT('Ctrl Pts',(1.09228173693189,0.0276605080373356,0.988177980644294));
#3533=CARTESIAN_POINT('Ctrl Pts',(1.12092687967466,0.029840306978146,0.985342892670456));
#3534=CARTESIAN_POINT('Ctrl Pts',(1.14804782020494,0.0320201059189564,0.967118653400647));
#3535=CARTESIAN_POINT('Ctrl Pts',(1.16149403068588,0.0341999048597668,0.941668170822568));
#3536=CARTESIAN_POINT('Ctrl Pts',(1.17494024116682,0.0363797038005773,0.916217688244489));
#3537=CARTESIAN_POINT('Ctrl Pts',(1.17471172159842,0.0385595027413878,0.883540962358141));
#3538=CARTESIAN_POINT('Ctrl Pts',(1.16091011067155,0.0407393016821982,0.858280803838143));
#3539=CARTESIAN_POINT('Ctrl Pts',(1.14710849974468,0.0429191006230086,0.833020645318145));
#3540=CARTESIAN_POINT('Ctrl Pts',(1.11973379745934,0.045098899563819,0.815177054164496));
#3541=CARTESIAN_POINT('Ctrl Pts',(1.09105212505324,0.0472786985046294,0.812744491584394));
#3542=CARTESIAN_POINT('Ctrl Pts',(1.06237045264715,0.0494584974454399,0.810311929004292));
#3543=CARTESIAN_POINT('Ctrl Pts',(1.03238181012029,0.0516382963862504,0.823290394997738));
#3544=CARTESIAN_POINT('Ctrl Pts',(1.01452298226602,0.0538180953270608,0.845864990131703));
#3545=CARTESIAN_POINT('Ctrl Pts',(1.0024019457246,0.0552975553918592,0.861186683960619));
#3546=CARTESIAN_POINT('Ctrl Pts',(0.995868541036336,0.0567770154566576,
0.880928860566885));
#3547=CARTESIAN_POINT('Ctrl Pts',(0.995725370696456,0.058256475521456,0.900584691715211));
#3548=CARTESIAN_POINT('Origin',(1.08360757102187,0.25,0.900518039935954));
#3549=CARTESIAN_POINT('',(0.995528233203473,0.0999231421881227,0.900492842596524));
#3550=CARTESIAN_POINT('',(0.995767123209965,0.087576857811877,0.90047238332648));
#3551=CARTESIAN_POINT('',(0.995657571021873,0.25,0.900518039935954));
#3552=CARTESIAN_POINT('Ctrl Pts',(0.995767123209965,0.087576857811877,0.90047238332648));
#3553=CARTESIAN_POINT('Ctrl Pts',(0.99571227327677,0.0867219581051203,0.889100744328682));
#3554=CARTESIAN_POINT('Ctrl Pts',(0.99776698572176,0.0858670583983636,0.877748156445342));
#3555=CARTESIAN_POINT('Ctrl Pts',(1.00202498237217,0.0850121586916069,0.867292876665744));
#3556=CARTESIAN_POINT('Ctrl Pts',(1.01288190104366,0.0828323597507964,0.840634301853613));
#3557=CARTESIAN_POINT('Ctrl Pts',(1.03806310821453,0.0806525608099859,0.819809427532424));
#3558=CARTESIAN_POINT('Ctrl Pts',(1.06628569524534,0.0784727618691755,0.81414917892281));
#3559=CARTESIAN_POINT('Ctrl Pts',(1.09450828227616,0.0762929629283651,0.808488930313195));
#3560=CARTESIAN_POINT('Ctrl Pts',(1.12577224916691,0.0741131639875547,0.817993307415154));
#3561=CARTESIAN_POINT('Ctrl Pts',(1.14606918913956,0.0719333650467443,0.838403794129993));
#3562=CARTESIAN_POINT('Ctrl Pts',(1.16636612911221,0.0697535661059338,0.858814280844832));
#3563=CARTESIAN_POINT('Ctrl Pts',(1.17569604216675,0.0675737671651233,0.890130877172552));
#3564=CARTESIAN_POINT('Ctrl Pts',(1.16987849205241,0.0653939682243129,0.918321401483581));
#3565=CARTESIAN_POINT('Ctrl Pts',(1.16406094193807,0.0632141692835025,0.946511925794609));
#3566=CARTESIAN_POINT('Ctrl Pts',(1.14309592865483,0.0610343703426921,0.971576378088946));
#3567=CARTESIAN_POINT('Ctrl Pts',(1.11637720680062,0.0588545714018817,0.982284556465234));
#3568=CARTESIAN_POINT('Ctrl Pts',(1.08965848494641,0.0566747724610712,0.992992734841522));
#3569=CARTESIAN_POINT('Ctrl Pts',(1.05718605452123,0.0544949735202607,0.989344639299759));
#3570=CARTESIAN_POINT('Ctrl Pts',(1.03350981635857,0.0523151745794503,0.972974075470276));
#3571=CARTESIAN_POINT('Ctrl Pts',(1.01032022910232,0.0501801801013703,0.956939998783366));
#3572=CARTESIAN_POINT('Ctrl Pts',(0.995568949418243,0.0480451856232904,
0.9287010842206));
#3573=CARTESIAN_POINT('Ctrl Pts',(0.995520484431816,0.0459101911452105,
0.900507090374735));
#3574=CARTESIAN_POINT('Ctrl Pts',(0.995725370696456,0.058256475521456,0.900584691715211));
#3575=CARTESIAN_POINT('Ctrl Pts',(0.995657597488314,0.058956814397468,0.909889263714845));
#3576=CARTESIAN_POINT('Ctrl Pts',(0.997021770678795,0.05965715327348,0.919174487117732));
#3577=CARTESIAN_POINT('Ctrl Pts',(0.999903026704734,0.0603574921494921,
0.927962298000982));
#3578=CARTESIAN_POINT('Ctrl Pts',(1.00887091217942,0.0625372910903025,0.955314286461811));
#3579=CARTESIAN_POINT('Ctrl Pts',(1.03253569631049,0.064717090031113,0.977847539108984));
#3580=CARTESIAN_POINT('Ctrl Pts',(1.06029388467669,0.0668968889719234,0.985465696597298));
#3581=CARTESIAN_POINT('Ctrl Pts',(1.08805207304289,0.0690766879127339,0.993083854085613));
#3582=CARTESIAN_POINT('Ctrl Pts',(1.11990366564421,0.0712564868535443,0.985786916415071));
#3583=CARTESIAN_POINT('Ctrl Pts',(1.1415769846709,0.0734362857943547,0.966844370380859));
#3584=CARTESIAN_POINT('Ctrl Pts',(1.16325030369758,0.0756160847351651,0.947901824346648));
#3585=CARTESIAN_POINT('Ctrl Pts',(1.17474534914962,0.0777958836759756,0.917313669948767));
#3586=CARTESIAN_POINT('Ctrl Pts',(1.17091153991117,0.079975682616786,0.888785521894918));
#3587=CARTESIAN_POINT('Ctrl Pts',(1.16707773067272,0.0821554815575965,0.860257373841068));
#3588=CARTESIAN_POINT('Ctrl Pts',(1.14791506674378,0.0843352804984069,0.83378923213125));
#3589=CARTESIAN_POINT('Ctrl Pts',(1.12200974312247,0.0865150794392173,0.821240631340558));
#3590=CARTESIAN_POINT('Ctrl Pts',(1.09610441950116,0.0886948783800278,0.808692030549865));
#3591=CARTESIAN_POINT('Ctrl Pts',(1.06345643618747,0.0908746773208382,0.810062970678298));
#3592=CARTESIAN_POINT('Ctrl Pts',(1.03869432881326,0.0930544762616486,0.824739181603244));
#3593=CARTESIAN_POINT('Ctrl Pts',(1.01393222143905,0.095234275202459,0.839415392528189));
#3594=CARTESIAN_POINT('Ctrl Pts',(0.997055990004311,0.0974140741432694,
0.867396874249647));
#3595=CARTESIAN_POINT('Ctrl Pts',(0.995627346477481,0.0995938730840799,
0.896145998911334));
#3596=CARTESIAN_POINT('Ctrl Pts',(0.995555411987673,0.0997036294520942,
0.897593563385002));
#3597=CARTESIAN_POINT('Ctrl Pts',(0.995522641517112,0.0998133858201084,
0.899043074051374));
#3598=CARTESIAN_POINT('Ctrl Pts',(0.995528233203473,0.0999231421881227,
0.900492842596524));
#3599=CARTESIAN_POINT('Origin',(1.08360757102187,0.25,0.900518039935954));
#3600=CARTESIAN_POINT('',(0.995779178700052,0.141589808854789,0.900483899484504));
#3601=CARTESIAN_POINT('',(0.995658654686896,0.129243524478544,0.900593701200861));
#3602=CARTESIAN_POINT('',(0.995657571021873,0.25,0.900518039935954));
#3603=CARTESIAN_POINT('Ctrl Pts',(0.995658654686896,0.129243524478544,0.900593701200861));
#3604=CARTESIAN_POINT('Ctrl Pts',(0.995853403599456,0.127578529527761,0.878515673070185));
#3605=CARTESIAN_POINT('Ctrl Pts',(1.00430935769876,0.125913534576978,0.856304576210042));
#3606=CARTESIAN_POINT('Ctrl Pts',(1.01934804257823,0.124248539626195,0.840265713468545));
#3607=CARTESIAN_POINT('Ctrl Pts',(1.03903657638192,0.122068740685384,0.81926775428598));
#3608=CARTESIAN_POINT('Ctrl Pts',(1.0700078124161,0.119888941744574,0.808848912187669));
#3609=CARTESIAN_POINT('Ctrl Pts',(1.09838451021808,0.117709142803763,0.81367754323551));
#3610=CARTESIAN_POINT('Ctrl Pts',(1.12676120802006,0.115529343862953,0.818506174283351));
#3611=CARTESIAN_POINT('Ctrl Pts',(1.15254336758985,0.113349544922143,0.838582278477344));
#3612=CARTESIAN_POINT('Ctrl Pts',(1.16417881092643,0.111169745981332,0.864910383959519));
#3613=CARTESIAN_POINT('Ctrl Pts',(1.17581425426301,0.108989947040522,0.891238489441694));
#3614=CARTESIAN_POINT('Ctrl Pts',(1.17330298136637,0.106810148099711,0.923818596212052));
#3615=CARTESIAN_POINT('Ctrl Pts',(1.15777021503612,0.104630349158901,0.948052576221045));
#3616=CARTESIAN_POINT('Ctrl Pts',(1.14223744870586,0.10245055021809,0.972286556230037));
#3617=CARTESIAN_POINT('Ctrl Pts',(1.11368318894198,0.10027075127728,0.988174409477664));
#3618=CARTESIAN_POINT('Ctrl Pts',(1.08490170475644,0.0980909523364695,0.988597292661267));
#3619=CARTESIAN_POINT('Ctrl Pts',(1.05612022057089,0.095911153395659,0.98902017584487));
#3620=CARTESIAN_POINT('Ctrl Pts',(1.02711151196369,0.0937313544548485,0.973978088964449));
#3621=CARTESIAN_POINT('Ctrl Pts',(1.01087347274614,0.0915515555140381,0.9502109078727));
#3622=CARTESIAN_POINT('Ctrl Pts',(1.00100386260958,0.0902266562799844,0.935765025073819));
#3623=CARTESIAN_POINT('Ctrl Pts',(0.995852128075336,0.0889017570459307,
0.918095825794691));
#3624=CARTESIAN_POINT('Ctrl Pts',(0.995767123209965,0.087576857811877,0.90047238332648));
#3625=CARTESIAN_POINT('Ctrl Pts',(0.995528233203473,0.0999231421881227,
0.900492842596524));
#3626=CARTESIAN_POINT('Ctrl Pts',(0.995633694317319,0.101993184760919,0.927835972325198));
#3627=CARTESIAN_POINT('Ctrl Pts',(1.00938505333714,0.104063227333715,0.9552708327531));
#3628=CARTESIAN_POINT('Ctrl Pts',(1.03140272916465,0.106133269906511,0.971470764169453));
#3629=CARTESIAN_POINT('Ctrl Pts',(1.05458781099757,0.108313068847322,0.988529637163968));
#3630=CARTESIAN_POINT('Ctrl Pts',(1.08693903028233,0.110492867788132,0.99313061555108));
#3631=CARTESIAN_POINT('Ctrl Pts',(1.11396081958252,0.112672666728942,0.983212144515128));
#3632=CARTESIAN_POINT('Ctrl Pts',(1.14098260888272,0.114852465669753,0.973293673479177));
#3633=CARTESIAN_POINT('Ctrl Pts',(1.16267496819834,0.117032264610563,0.948855753020164));
#3634=CARTESIAN_POINT('Ctrl Pts',(1.16931823077239,0.119212063551374,0.920848249784831));
#3635=CARTESIAN_POINT('Ctrl Pts',(1.17596149334644,0.121391862492184,0.892840746549499));
#3636=CARTESIAN_POINT('Ctrl Pts',(1.1675556591789,0.123571661432995,0.861263660537848));
#3637=CARTESIAN_POINT('Ctrl Pts',(1.14786711929875,0.125751460373805,0.840265694872983));
#3638=CARTESIAN_POINT('Ctrl Pts',(1.1281785794186,0.127931259314615,0.819267729208118));
#3639=CARTESIAN_POINT('Ctrl Pts',(1.09720733382584,0.130111058255426,0.808848883890039));
#3640=CARTESIAN_POINT('Ctrl Pts',(1.06883062726515,0.132290857196236,0.813677516430487));
#3641=CARTESIAN_POINT('Ctrl Pts',(1.04045392070446,0.134470656137047,0.818506148970936));
#3642=CARTESIAN_POINT('Ctrl Pts',(1.01467175317584,0.136650455077857,0.838582259369912));
#3643=CARTESIAN_POINT('Ctrl Pts',(1.00303630624883,0.138830254018668,0.864910372973979));
#3644=CARTESIAN_POINT('Ctrl Pts',(0.998126273303936,0.139750105630708,0.8760205525815));
#3645=CARTESIAN_POINT('Ctrl Pts',(0.995735416006759,0.140669957242749,0.888244056942317));
#3646=CARTESIAN_POINT('Ctrl Pts',(0.995779178700052,0.141589808854789,0.900483899484504));
#3647=CARTESIAN_POINT('Origin',(1.08360757102187,0.25,0.900518039935954));
#3648=CARTESIAN_POINT('',(0.995633506807137,0.183256475521456,0.900592012217606));
#3649=CARTESIAN_POINT('',(0.995576674800406,0.17091019114521,0.900458746214883));
#3650=CARTESIAN_POINT('',(0.995657571021873,0.25,0.900518039935954));
#3651=CARTESIAN_POINT('Ctrl Pts',(0.995576674800406,0.17091019114521,0.900458746214883));
#3652=CARTESIAN_POINT('Ctrl Pts',(0.995546223873589,0.170614899891211,0.896552583561333));
#3653=CARTESIAN_POINT('Ctrl Pts',(0.995784273836728,0.170319608637213,0.892650152567565));
#3654=CARTESIAN_POINT('Ctrl Pts',(0.996303629069494,0.170024317383214,0.888785525485125));
#3655=CARTESIAN_POINT('Ctrl Pts',(1.00013743711818,0.167844518442403,0.860257386209586));
#3656=CARTESIAN_POINT('Ctrl Pts',(1.01930009514925,0.165664719501593,0.833789252728731));
#3657=CARTESIAN_POINT('Ctrl Pts',(1.04520541077874,0.163484920560782,0.821240655825266));
#3658=CARTESIAN_POINT('Ctrl Pts',(1.07111072640824,0.161305121619972,0.8086920589218));
#3659=CARTESIAN_POINT('Ctrl Pts',(1.10375869963618,0.159125322679161,0.810062998595723));
#3660=CARTESIAN_POINT('Ctrl Pts',(1.12852079936564,0.156945523738351,0.824739204983428));
#3661=CARTESIAN_POINT('Ctrl Pts',(1.15328289909511,0.154765724797541,0.839415411371134));
#3662=CARTESIAN_POINT('Ctrl Pts',(1.17015912532611,0.15258592585673,0.867396884472621));
#3663=CARTESIAN_POINT('Ctrl Pts',(1.17158776841316,0.15040612691592,0.896146000265095));
#3664=CARTESIAN_POINT('Ctrl Pts',(1.17301641150021,0.148226327975109,0.924895116057569));
#3665=CARTESIAN_POINT('Ctrl Pts',(1.1589974714433,0.146046529034299,0.954411874541029));
#3666=CARTESIAN_POINT('Ctrl Pts',(1.13581239676566,0.143866730093489,0.971470742268207));
#3667=CARTESIAN_POINT('Ctrl Pts',(1.11262732208802,0.141686931152678,0.988529609995384));
#3668=CARTESIAN_POINT('Ctrl Pts',(1.08027611278964,0.139507132211868,0.993130586966278));
#3669=CARTESIAN_POINT('Ctrl Pts',(1.05325433182993,0.137327333271057,0.983212118992988));
#3670=CARTESIAN_POINT('Ctrl Pts',(1.02623255087022,0.135147534330247,0.973293651019697));
#3671=CARTESIAN_POINT('Ctrl Pts',(1.00454019824919,0.132967735389436,0.948855738102222));
#3672=CARTESIAN_POINT('Ctrl Pts',(0.997896937725267,0.130787936448626,0.920848243510075));
#3673=CARTESIAN_POINT('Ctrl Pts',(0.996327996223152,0.130273132458599,0.914233702280255));
#3674=CARTESIAN_POINT('Ctrl Pts',(0.995598439779222,0.129758328468571,0.90742006242692));
#3675=CARTESIAN_POINT('Ctrl Pts',(0.995658654686896,0.129243524478544,0.900593701200861));
#3676=CARTESIAN_POINT('Ctrl Pts',(0.995779178700052,0.141589808854789,0.900483899484504));
#3677=CARTESIAN_POINT('Ctrl Pts',(0.995839121725417,0.142849756183559,0.917249165440153));
#3678=CARTESIAN_POINT('Ctrl Pts',(1.00046679466234,0.144109703512329,0.934045084393));
#3679=CARTESIAN_POINT('Ctrl Pts',(1.00944490411923,0.145369650841099,0.948052590883515));
#3680=CARTESIAN_POINT('Ctrl Pts',(1.02497767524206,0.147549449781909,0.972286578379825));
#3681=CARTESIAN_POINT('Ctrl Pts',(1.05353194381312,0.14972924872272,0.988174436563289));
#3682=CARTESIAN_POINT('Ctrl Pts',(1.08231343688495,0.15190904766353,0.98859731986308));
#3683=CARTESIAN_POINT('Ctrl Pts',(1.11109492995679,0.154088846604341,0.989020203162872));
#3684=CARTESIAN_POINT('Ctrl Pts',(1.14010364752938,0.156268645545151,0.97397811157899));
#3685=CARTESIAN_POINT('Ctrl Pts',(1.15634169175249,0.158448444485962,0.950210923178434));
#3686=CARTESIAN_POINT('Ctrl Pts',(1.1725797359756,0.160628243426772,0.926443734777879));
#3687=CARTESIAN_POINT('Ctrl Pts',(1.17604710684923,0.162808042367582,0.893951449560649));
#3688=CARTESIAN_POINT('Ctrl Pts',(1.16519018483942,0.164987841308393,0.867292866470703));
#3689=CARTESIAN_POINT('Ctrl Pts',(1.15433326282961,0.167167640249203,0.840634283380757));
#3690=CARTESIAN_POINT('Ctrl Pts',(1.12915204793636,0.169347439190014,0.819809402418093));
#3691=CARTESIAN_POINT('Ctrl Pts',(1.10092945216927,0.171527238130824,0.814149152153543));
#3692=CARTESIAN_POINT('Ctrl Pts',(1.07270685640218,0.173707037071635,0.808488901888992));
#3693=CARTESIAN_POINT('Ctrl Pts',(1.04144287976123,0.175886836012445,0.817993282322555));
#3694=CARTESIAN_POINT('Ctrl Pts',(1.02114593357591,0.178066634953255,0.838403775168116));
#3695=CARTESIAN_POINT('Ctrl Pts',(1.00503773314345,0.179796581809322,0.854602089273097));
#3696=CARTESIAN_POINT('Ctrl Pts',(0.99583704551655,0.181526528665389,0.877669547350063));
#3697=CARTESIAN_POINT('Ctrl Pts',(0.995633506807137,0.183256475521456,0.900592012217606));
#3698=CARTESIAN_POINT('Origin',(1.08360757102187,0.25,0.900518039935954));
#3699=CARTESIAN_POINT('',(0.995599594472371,0.224923142188123,0.900451892029467));
#3700=CARTESIAN_POINT('',(0.995792899505624,0.212576857811877,0.900521585509584));
#3701=CARTESIAN_POINT('',(0.995657571021873,0.25,0.900518039935954));
#3702=CARTESIAN_POINT('',(1.15415670294508,0.25,0.848001161840609));
#3703=CARTESIAN_POINT('Ctrl Pts',(0.995599594472371,0.224923142188123,0.900451892029467));
#3704=CARTESIAN_POINT('Ctrl Pts',(0.995803553373665,0.22674269796965,0.924532399520293));
#3705=CARTESIAN_POINT('Ctrl Pts',(1.00609502363627,0.228562253751178,0.948762714055937));
#3706=CARTESIAN_POINT('Ctrl Pts',(1.02371431504293,0.230381809532706,0.965105538142499));
#3707=CARTESIAN_POINT('Ctrl Pts',(1.04482194644173,0.232561608473516,0.984683981955761));
#3708=CARTESIAN_POINT('Ctrl Pts',(1.07644621733482,0.234741407414327,0.992942567937204));
#3709=CARTESIAN_POINT('Ctrl Pts',(1.10441611733386,0.236921206355137,0.986127779475986));
#3710=CARTESIAN_POINT('Ctrl Pts',(1.1323860173329,0.239101005295948,0.979312991014768));
#3711=CARTESIAN_POINT('Ctrl Pts',(1.15670154643788,0.241280804236758,0.957424828110889));
#3712=CARTESIAN_POINT('Ctrl Pts',(1.16645987023688,0.243460603177569,0.930394350432639));
#3713=CARTESIAN_POINT('Ctrl Pts',(1.17621819403587,0.245640402118379,0.903363872754389));
#3714=CARTESIAN_POINT('Ctrl Pts',(1.17141931252887,0.24782020105919,0.871191080301767));
#3715=CARTESIAN_POINT('Ctrl Pts',(1.15415670294508,0.25,0.848001161840608));
#3716=CARTESIAN_POINT('',(1.01310074376177,0.25,0.847940040060559));
#3717=CARTESIAN_POINT('Origin',(1.08360757102187,0.25,0.900518039935954));
#3718=CARTESIAN_POINT('Ctrl Pts',(1.01310074376177,0.25,0.847940040060559));
#3719=CARTESIAN_POINT('Ctrl Pts',(1.01701654260288,0.249499026417463,0.842571431405073));
#3720=CARTESIAN_POINT('Ctrl Pts',(1.02152648895787,0.248998052834926,0.837660334254594));
#3721=CARTESIAN_POINT('Ctrl Pts',(1.0265664724607,0.248497079252389,0.833373908657454));
#3722=CARTESIAN_POINT('Ctrl Pts',(1.04849607331018,0.246317280311579,0.814723132843702));
#3723=CARTESIAN_POINT('Ctrl Pts',(1.08046049290656,0.244137481370768,0.807898822098923));
#3724=CARTESIAN_POINT('Ctrl Pts',(1.10811264063919,0.241957682429958,0.815911660849365));
#3725=CARTESIAN_POINT('Ctrl Pts',(1.13576478837182,0.239777883489147,0.823924499599806));
#3726=CARTESIAN_POINT('Ctrl Pts',(1.15910466424071,0.237598084548337,0.846774487845467));
#3727=CARTESIAN_POINT('Ctrl Pts',(1.16768671414526,0.235418285607527,0.874246227809877));
#3728=CARTESIAN_POINT('Ctrl Pts',(1.17626876404982,0.233238486666716,0.901717967774287));
#3729=CARTESIAN_POINT('Ctrl Pts',(1.17009298799004,0.231058687725906,0.933811459457447));
#3730=CARTESIAN_POINT('Ctrl Pts',(1.15192043223232,0.228878888785095,0.956135227388449));
#3731=CARTESIAN_POINT('Ctrl Pts',(1.13374787647459,0.226699089844285,0.978458995319452));
#3732=CARTESIAN_POINT('Ctrl Pts',(1.10357854101891,0.224519290903475,0.991013039498296));
#3733=CARTESIAN_POINT('Ctrl Pts',(1.07493340741534,0.222339491962664,0.988177949026857));
#3734=CARTESIAN_POINT('Ctrl Pts',(1.04628827381176,0.220159693021854,0.985342858555417));
#3735=CARTESIAN_POINT('Ctrl Pts',(1.0191673420603,0.217979894081043,0.967118633433694));
#3736=CARTESIAN_POINT('Ctrl Pts',(1.00572113570725,0.215800095140233,0.941668160621503));
#3737=CARTESIAN_POINT('Ctrl Pts',(0.999093565088921,0.214725682697448,0.929123744642468));
#3738=CARTESIAN_POINT('Ctrl Pts',(0.995788209955303,0.213651270254662,0.914823742991754));
#3739=CARTESIAN_POINT('Ctrl Pts',(0.995792899505624,0.212576857811877,0.900521585509584));
#3740=CARTESIAN_POINT('Origin',(-0.900000000000003,0.340665681752041,0.900000000000003));
#3741=CARTESIAN_POINT('',(-1.00816819380818,0.0343343182479582,0.899986540178934));
#3742=CARTESIAN_POINT('',(-1.00792657398791,0.0281656817520414,0.899909871208968));
#3743=CARTESIAN_POINT('',(-1.008,0.340665681752041,0.900000000000003));
#3744=CARTESIAN_POINT('',(-0.851560275679965,0.,0.996527680526362));
#3745=CARTESIAN_POINT('Ctrl Pts',(-1.00792657398791,0.0281656817520414,
0.899909871208968));
#3746=CARTESIAN_POINT('Ctrl Pts',(-1.00800996642763,0.0274963169312693,
0.888992200386221));
#3747=CARTESIAN_POINT('Ctrl Pts',(-1.00150907395815,0.0246471531696868,
0.842620767979389));
#3748=CARTESIAN_POINT('Ctrl Pts',(-0.935386674218158,0.0196181904672938,
0.777886972032254));
#3749=CARTESIAN_POINT('Ctrl Pts',(-0.817633200963015,0.0130787936448625,
0.803025693020633));
#3750=CARTESIAN_POINT('Ctrl Pts',(-0.773812687879839,0.00653939682243118,
0.915303886397342));
#3751=CARTESIAN_POINT('Ctrl Pts',(-0.81983105407753,0.00217979894081033,
0.980605255591562));
#3752=CARTESIAN_POINT('Ctrl Pts',(-0.851560275679967,-8.74191357972564E-17,
0.996527680526362));
#3753=CARTESIAN_POINT('',(-0.948439724320037,0.,0.996527680526364));
#3754=CARTESIAN_POINT('Origin',(-0.900000000000003,0.,0.900000000000003));
#3755=CARTESIAN_POINT('Ctrl Pts',(-1.00816819380818,0.0343343182479582,
0.899986540178934));
#3756=CARTESIAN_POINT('Ctrl Pts',(-1.00816944265252,0.0342895137852278,
0.899259985459669));
#3757=CARTESIAN_POINT('Ctrl Pts',(-1.00783665736775,0.032064910381687,0.863186747914087));
#3758=CARTESIAN_POINT('Ctrl Pts',(-0.968021620107035,0.0276605080373357,
0.792564001966853));
#3759=CARTESIAN_POINT('Ctrl Pts',(-0.847949592173545,0.0211211112149045,
0.783968900200023));
#3760=CARTESIAN_POINT('Ctrl Pts',(-0.774522468845443,0.0145817143924732,
0.87938571955559));
#3761=CARTESIAN_POINT('Ctrl Pts',(-0.813539279539748,0.00804231757004186,
0.993211346633832));
#3762=CARTESIAN_POINT('Ctrl Pts',(-0.900130529297321,0.00318174610588415,
1.01582557013277));
#3763=CARTESIAN_POINT('Ctrl Pts',(-0.941102486117905,0.000500973582536862,
1.00030189037755));
#3764=CARTESIAN_POINT('Ctrl Pts',(-0.948359649492494,-3.84166124109037E-18,
0.996571227853448));
#3765=CARTESIAN_POINT('Origin',(-0.900000000000003,0.340665681752041,0.900000000000003));
#3766=CARTESIAN_POINT('',(-1.0078653240007,0.0760009849146249,0.899943934778327));
#3767=CARTESIAN_POINT('',(-1.0079165588569,0.0698323484187082,0.900081845698724));
#3768=CARTESIAN_POINT('',(-1.008,0.340665681752041,0.900000000000003));
#3769=CARTESIAN_POINT('Ctrl Pts',(-1.0079165588569,0.0698323484187082,0.900081845698724));
#3770=CARTESIAN_POINT('Ctrl Pts',(-1.00774074986649,0.0683528883539098,
0.875945105725982));
#3771=CARTESIAN_POINT('Ctrl Pts',(-0.987897324034696,0.0646936293483009,
0.815983654152987));
#3772=CARTESIAN_POINT('Ctrl Pts',(-0.889253408470126,0.0588545714018817,
0.773292626405598));
#3773=CARTESIAN_POINT('Ctrl Pts',(-0.788407598780251,0.0523151745794503,
0.839026666608063));
#3774=CARTESIAN_POINT('Ctrl Pts',(-0.787565763686393,0.045775777757019,
0.959404719639643));
#3775=CARTESIAN_POINT('Ctrl Pts',(-0.887476723798536,0.0392363809345877,
1.02654090591161));
#3776=CARTESIAN_POINT('Ctrl Pts',(-0.987241460538548,0.0333663489329285,
0.985027105393176));
#3777=CARTESIAN_POINT('Ctrl Pts',(-1.00773839740257,0.0296761158720797,
0.924545797702689));
#3778=CARTESIAN_POINT('Ctrl Pts',(-1.00792657398791,0.0281656817520414,
0.899909871208968));
#3779=CARTESIAN_POINT('Ctrl Pts',(-1.0078653240007,0.0760009849146249,0.899943934778327));
#3780=CARTESIAN_POINT('Ctrl Pts',(-1.00793267802246,0.0751460852078682,
0.885979917487854));
#3781=CARTESIAN_POINT('Ctrl Pts',(-0.998976169067432,0.0721113865603011,
0.836493890518118));
#3782=CARTESIAN_POINT('Ctrl Pts',(-0.925005440758815,0.0668968889719235,
0.775320054757787));
#3783=CARTESIAN_POINT('Ctrl Pts',(-0.80983192053929,0.0603574921494922,
0.810333281783));
#3784=CARTESIAN_POINT('Ctrl Pts',(-0.775461392263448,0.0538180953270609,
0.925700698347602));
#3785=CARTESIAN_POINT('Ctrl Pts',(-0.852694542253832,0.0472786985046297,
1.01803576678267));
#3786=CARTESIAN_POINT('Ctrl Pts',(-0.971500306642959,0.0407841061449287,
1.00468864523021));
#3787=CARTESIAN_POINT('Ctrl Pts',(-1.00810868465211,0.0364693127260383,
0.934607875178283));
#3788=CARTESIAN_POINT('Ctrl Pts',(-1.00816819380818,0.0343343182479582,
0.899986540178934));
#3789=CARTESIAN_POINT('Origin',(-0.900000000000003,0.340665681752041,0.900000000000003));
#3790=CARTESIAN_POINT('',(-1.00799851988042,0.117667651581292,0.900092909663612));
#3791=CARTESIAN_POINT('',(-1.00815863750193,0.111499015085375,0.89996905850003));
#3792=CARTESIAN_POINT('',(-1.008,0.340665681752041,0.900000000000003));
#3793=CARTESIAN_POINT('Ctrl Pts',(-1.00815863750193,0.111499015085375,0.89996905850003));
#3794=CARTESIAN_POINT('Ctrl Pts',(-1.00816550391542,0.111389258717361,0.898188788637725));
#3795=CARTESIAN_POINT('Ctrl Pts',(-1.00732606082242,0.109099703408536,0.861058357282956));
#3796=CARTESIAN_POINT('Ctrl Pts',(-0.964835644942607,0.104630349158901,
0.790607510369087));
#3797=CARTESIAN_POINT('Ctrl Pts',(-0.844563576356998,0.0980909523364694,
0.785557097854505));
#3798=CARTESIAN_POINT('Ctrl Pts',(-0.773970142658934,0.0915515555140381,
0.883063216009555));
#3799=CARTESIAN_POINT('Ctrl Pts',(-0.816316798628264,0.0850121586916069,
0.995747073172417));
#3800=CARTESIAN_POINT('Ctrl Pts',(-0.933655038599189,0.0784727618691755,
1.02262829375199));
#3801=CARTESIAN_POINT('Ctrl Pts',(-1.00111069532129,0.0734128251115427,
0.958398036739484));
#3802=CARTESIAN_POINT('Ctrl Pts',(-1.00799978237449,0.0705326872947202,
0.911507566301332));
#3803=CARTESIAN_POINT('Ctrl Pts',(-1.0079165588569,0.0698323484187082,0.900081845698724));
#3804=CARTESIAN_POINT('Ctrl Pts',(-1.00799851988042,0.117667651581292,0.900092909663612));
#3805=CARTESIAN_POINT('Ctrl Pts',(-1.00775937430441,0.116002656630509,0.872981781298135));
#3806=CARTESIAN_POINT('Ctrl Pts',(-0.983781533613819,0.112157862738915,
0.809999634535123));
#3807=CARTESIAN_POINT('Ctrl Pts',(-0.878668368762334,0.106133269906511,
0.774639164461292));
#3808=CARTESIAN_POINT('Ctrl Pts',(-0.783689310867595,0.09959387308408,0.848597649358047));
#3809=CARTESIAN_POINT('Ctrl Pts',(-0.792940604652078,0.0930544762616488,
0.968619707522411));
#3810=CARTESIAN_POINT('Ctrl Pts',(-0.898131819814053,0.0865150794392174,
1.02714906831267));
#3811=CARTESIAN_POINT('Ctrl Pts',(-0.99102660158047,0.0808305823235428,
0.978979693619223));
#3812=CARTESIAN_POINT('Ctrl Pts',(-1.00776094065476,0.0773258841486787,
0.921584971342312));
#3813=CARTESIAN_POINT('Ctrl Pts',(-1.0078653240007,0.0760009849146249,0.899943934778327));
#3814=CARTESIAN_POINT('Origin',(-0.900000000000003,0.340665681752041,0.900000000000003));
#3815=CARTESIAN_POINT('',(-1.00809918864611,0.159334318247958,0.899927189071244));
#3816=CARTESIAN_POINT('',(-1.00785048437481,0.153165681752042,0.899958076640017));
#3817=CARTESIAN_POINT('',(-1.008,0.340665681752041,0.900000000000003));
#3818=CARTESIAN_POINT('Ctrl Pts',(-1.00785048437481,0.153165681752042,0.899958076640017));
#3819=CARTESIAN_POINT('Ctrl Pts',(-1.00790422357201,0.152245830140001,0.884927937592256));
#3820=CARTESIAN_POINT('Ctrl Pts',(-0.998011046457587,0.14914617958715,0.834348049882673));
#3821=CARTESIAN_POINT('Ctrl Pts',(-0.921331630742753,0.143866730093488,
0.774639167371473));
#3822=CARTESIAN_POINT('Ctrl Pts',(-0.80723650441702,0.137327333271057,0.813021203585252));
#3823=CARTESIAN_POINT('Ctrl Pts',(-0.776270209945834,0.130787936448626,
0.929348188471316));
#3824=CARTESIAN_POINT('Ctrl Pts',(-0.856182800776968,0.124248539626195,
1.01937516572044));
#3825=CARTESIAN_POINT('Ctrl Pts',(-0.973361337576247,0.117818899171778,
1.00271007766731));
#3826=CARTESIAN_POINT('Ctrl Pts',(-1.00802913459918,0.113569057658171,0.933545555907054));
#3827=CARTESIAN_POINT('Ctrl Pts',(-1.00815863750193,0.111499015085375,0.89996905850003));
#3828=CARTESIAN_POINT('Ctrl Pts',(-1.00809918864611,0.159334318247958,0.899927189071244));
#3829=CARTESIAN_POINT('Ctrl Pts',(-1.00813658144119,0.159039026993959,0.895130543408004));
#3830=CARTESIAN_POINT('Ctrl Pts',(-1.0056864134384,0.15656393679915,0.85496413578012));
#3831=CARTESIAN_POINT('Ctrl Pts',(-0.955436424931296,0.15190904766353,0.785557095192302));
#3832=CARTESIAN_POINT('Ctrl Pts',(-0.835164353551767,0.145369650841099,
0.790607507833659));
#3833=CARTESIAN_POINT('Ctrl Pts',(-0.772993918739461,0.138830254018668,
0.893688630828828));
#3834=CARTESIAN_POINT('Ctrl Pts',(-0.824638379212527,0.132290857196237,
1.00242560075738));
#3835=CARTESIAN_POINT('Ctrl Pts',(-0.943817200240057,0.125751460373805,
1.01937516849049));
#3836=CARTESIAN_POINT('Ctrl Pts',(-1.00338325838451,0.120877058502157,0.952269946327011));
#3837=CARTESIAN_POINT('Ctrl Pts',(-1.00807246190449,0.118182455571319,0.908475467851029));
#3838=CARTESIAN_POINT('Ctrl Pts',(-1.00799851988042,0.117667651581292,0.900092909663612));
#3839=CARTESIAN_POINT('Origin',(-0.900000000000003,0.340665681752041,0.900000000000003));
#3840=CARTESIAN_POINT('',(-1.00783367110853,0.201000984914625,0.900004363730005));
#3841=CARTESIAN_POINT('',(-1.00802936577505,0.194832348418708,0.900090838864152));
#3842=CARTESIAN_POINT('',(-1.008,0.340665681752041,0.900000000000003));
#3843=CARTESIAN_POINT('Ctrl Pts',(-1.00802936577505,0.194832348418708,0.900090838864152));
#3844=CARTESIAN_POINT('Ctrl Pts',(-1.00777942666683,0.193102401562641,0.871942777617547));
#3845=CARTESIAN_POINT('Ctrl Pts',(-0.982245168190948,0.189192655765764,
0.807924686605459));
#3846=CARTESIAN_POINT('Ctrl Pts',(-0.874994559831838,0.183103111028076,
0.775320057693184));
#3847=CARTESIAN_POINT('Ctrl Pts',(-0.782229355454897,0.176563714205645,
0.852036936124378));
#3848=CARTESIAN_POINT('Ctrl Pts',(-0.795002820862832,0.170024317383214,
0.971735430343635));
#3849=CARTESIAN_POINT('Ctrl Pts',(-0.901868180141336,0.163484920560783,
1.02714906535548));
#3850=CARTESIAN_POINT('Ctrl Pts',(-0.992262874282394,0.157865375350392,
0.97685262512724));
#3851=CARTESIAN_POINT('Ctrl Pts',(-1.00777687624381,0.154425629080811,0.920545292334794));
#3852=CARTESIAN_POINT('Ctrl Pts',(-1.00785048437481,0.153165681752042,0.899958076640017));
#3853=CARTESIAN_POINT('Ctrl Pts',(-1.00783367110853,0.201000984914625,0.900004363730005));
#3854=CARTESIAN_POINT('Ctrl Pts',(-1.00782774716066,0.1998955984166,0.881935445997114));
#3855=CARTESIAN_POINT('Ctrl Pts',(-0.99502359808276,0.196610412977764,0.828226667601736));
#3856=CARTESIAN_POINT('Ctrl Pts',(-0.910746591820289,0.191145428598118,
0.773292623195037));
#3857=CARTESIAN_POINT('Ctrl Pts',(-0.800271284111586,0.184606031775687,
0.821104030902964));
#3858=CARTESIAN_POINT('Ctrl Pts',(-0.779166140308753,0.178066634953256,
0.939617941157465));
#3859=CARTESIAN_POINT('Ctrl Pts',(-0.866344960610182,0.171527238130824,
1.02262829663995));
#3860=CARTESIAN_POINT('Ctrl Pts',(-0.978384709012842,0.165283132562392,
0.996960916610437));
#3861=CARTESIAN_POINT('Ctrl Pts',(-1.00786055303192,0.16121882593477,0.930538714136333));
#3862=CARTESIAN_POINT('Ctrl Pts',(-1.00809918864611,0.159334318247958,0.899927189071244));
#3863=CARTESIAN_POINT('Origin',(-0.900000000000003,0.340665681752041,0.900000000000003));
#3864=CARTESIAN_POINT('',(-1.00808950660051,0.242667651581292,0.90009500048352));
#3865=CARTESIAN_POINT('',(-1.00807102156293,0.236499015085375,0.899918821566047));
#3866=CARTESIAN_POINT('',(-1.008,0.340665681752041,0.900000000000003));
#3867=CARTESIAN_POINT('',(-0.948439724320039,0.25,0.996527680526363));
#3868=CARTESIAN_POINT('Ctrl Pts',(-0.948439724320038,0.25,0.996527680526363));
#3869=CARTESIAN_POINT('Ctrl Pts',(-0.980168945922475,0.24782020105919,0.980605255591563));
#3870=CARTESIAN_POINT('Ctrl Pts',(-1.00596816047047,0.24537608491962,0.943995408565947));
#3871=CARTESIAN_POINT('Ctrl Pts',(-1.008121602299,0.242931968780051,0.904383733365535));
#3872=CARTESIAN_POINT('Ctrl Pts',(-1.00808950660051,0.242667651581292,0.90009500048352));
#3873=CARTESIAN_POINT('',(-0.851640349760729,0.25,0.996571224883416));
#3874=CARTESIAN_POINT('Origin',(-0.900000000000003,0.25,0.900000000000003));
#3875=CARTESIAN_POINT('Ctrl Pts',(-0.851640349760728,0.25,0.996571224883416));
#3876=CARTESIAN_POINT('Ctrl Pts',(-0.85889751459267,0.249499026417463,1.00030188861156));
#3877=CARTESIAN_POINT('Ctrl Pts',(-0.899869477927237,0.246818253894116,
1.01582557376754));
#3878=CARTESIAN_POINT('Ctrl Pts',(-0.980042969434782,0.242317925589241,
0.994887400608333));
#3879=CARTESIAN_POINT('Ctrl Pts',(-1.00782049203688,0.238318570866903,0.929488832829205));
#3880=CARTESIAN_POINT('Ctrl Pts',(-1.00807102156293,0.236499015085375,0.899918821566047));
#3881=CARTESIAN_POINT('Origin',(1.08360757102187,0.340665681752041,0.900518039935954));
#3882=CARTESIAN_POINT('',(0.975439232741872,0.0343343182479583,0.900504594198468));
#3883=CARTESIAN_POINT('',(0.975680826855743,0.0281656817520414,0.900428016087544));
#3884=CARTESIAN_POINT('',(0.975607571021873,0.340665681752041,0.900518039935954));
#3885=CARTESIAN_POINT('',(1.13204729534191,0.,0.997045720462313));
#3886=CARTESIAN_POINT('Ctrl Pts',(0.975680826855743,0.0281656817520414,
0.900428016087543));
#3887=CARTESIAN_POINT('Ctrl Pts',(0.975597433386249,0.0274963169312693,
0.889510342152078));
#3888=CARTESIAN_POINT('Ctrl Pts',(0.982098323254813,0.0246471531696868,
0.84313884304022));
#3889=CARTESIAN_POINT('Ctrl Pts',(1.04822069140858,0.0196181904672938,0.778404179441587));
#3890=CARTESIAN_POINT('Ctrl Pts',(1.16597490983627,0.0130787936448625,0.80354464092663));
#3891=CARTESIAN_POINT('Ctrl Pts',(1.20979397556635,0.00653939682243119,
0.915819503246088));
#3892=CARTESIAN_POINT('Ctrl Pts',(1.16377651694435,0.00217979894081033,
0.981123295527513));
#3893=CARTESIAN_POINT('Ctrl Pts',(1.13204729534191,-8.74191357972564E-17,
0.997045720462314));
#3894=CARTESIAN_POINT('',(1.03516784670184,0.,0.997045720462315));
#3895=CARTESIAN_POINT('Origin',(1.08360757102187,0.,0.900518039935954));
#3896=CARTESIAN_POINT('Ctrl Pts',(0.975439232741871,0.0343343182479583,
0.900504594198468));
#3897=CARTESIAN_POINT('Ctrl Pts',(0.975437983804891,0.0342895137852279,
0.899778038304725));
#3898=CARTESIAN_POINT('Ctrl Pts',(0.97577076473381,0.0320649103816871,0.863704741740296));
#3899=CARTESIAN_POINT('Ctrl Pts',(1.01558581689078,0.0276605080373357,0.793081808329772));
#3900=CARTESIAN_POINT('Ctrl Pts',(1.13565813155389,0.0211211112149045,0.78448692589844));
#3901=CARTESIAN_POINT('Ctrl Pts',(1.20908511254026,0.0145817143924732,0.879903485665535));
#3902=CARTESIAN_POINT('Ctrl Pts',(1.17006874276454,0.00804231757004187,
0.993729913915627));
#3903=CARTESIAN_POINT('Ctrl Pts',(1.08347662149008,0.00318174610588415,
1.01634340223358));
#3904=CARTESIAN_POINT('Ctrl Pts',(1.04250504837101,0.00050097358253686,
1.00082004075863));
#3905=CARTESIAN_POINT('Ctrl Pts',(1.03524797072566,-5.97591748614058E-18,
0.997089449062199));
#3906=CARTESIAN_POINT('Origin',(1.08360757102187,0.340665681752041,0.900518039935954));
#3907=CARTESIAN_POINT('',(0.97574209787024,0.0760009849146251,0.900461974969233));
#3908=CARTESIAN_POINT('',(0.97569082701795,0.0698323484187082,0.900599886350506));
#3909=CARTESIAN_POINT('',(0.975607571021873,0.340665681752041,0.900518039935954));
#3910=CARTESIAN_POINT('Ctrl Pts',(0.97569082701795,0.0698323484187082,0.900599886350506));
#3911=CARTESIAN_POINT('Ctrl Pts',(0.975866635962885,0.0683528883539098,
0.876463106770981));
#3912=CARTESIAN_POINT('Ctrl Pts',(0.995710094824082,0.0646936293483009,
0.816501557164113));
#3913=CARTESIAN_POINT('Ctrl Pts',(1.09435418396593,0.0588545714018816,0.773810429840312));
#3914=CARTESIAN_POINT('Ctrl Pts',(1.19520015941164,0.0523151745794503,0.839544637160181));
#3915=CARTESIAN_POINT('Ctrl Pts',(1.19604200523496,0.045775777757019,0.959922797332739));
#3916=CARTESIAN_POINT('Ctrl Pts',(1.0961308655896,0.0392363809345877,1.0270592785541));
#3917=CARTESIAN_POINT('Ctrl Pts',(0.996365953514969,0.0333663489329285,
0.9855451182245));
#3918=CARTESIAN_POINT('Ctrl Pts',(0.975869005764767,0.0296761158720797,
0.925063949605172));
#3919=CARTESIAN_POINT('Ctrl Pts',(0.975680826855743,0.0281656817520414,
0.900428016087543));
#3920=CARTESIAN_POINT('Ctrl Pts',(0.97574209787024,0.0760009849146251,0.900461974969233));
#3921=CARTESIAN_POINT('Ctrl Pts',(0.975674743773764,0.0751460852078684,
0.886497938451186));
#3922=CARTESIAN_POINT('Ctrl Pts',(0.984631265136173,0.0721113865603012,
0.837011843137128));
#3923=CARTESIAN_POINT('Ctrl Pts',(1.05860209508397,0.0668968889719235,0.775837919796448));
#3924=CARTESIAN_POINT('Ctrl Pts',(1.17377577640976,0.0603574921494923,0.810851202127712));
#3925=CARTESIAN_POINT('Ctrl Pts',(1.20814634866301,0.053818095327061,0.926218765631761));
#3926=CARTESIAN_POINT('Ctrl Pts',(1.13091309904655,0.0472786985046297,1.01855398499919));
#3927=CARTESIAN_POINT('Ctrl Pts',(1.01210715579089,0.0407841061449287,1.00520680321296));
#3928=CARTESIAN_POINT('Ctrl Pts',(0.97549874631247,0.0364693127260383,0.935125985163261));
#3929=CARTESIAN_POINT('Ctrl Pts',(0.975439232741871,0.0343343182479583,
0.900504594198468));
#3930=CARTESIAN_POINT('Origin',(1.08360757102187,0.340665681752041,0.900518039935954));
#3931=CARTESIAN_POINT('',(0.975608901730486,0.117667651581292,0.900610949732543));
#3932=CARTESIAN_POINT('',(0.975448748004395,0.111499015085375,0.900487098348025));
#3933=CARTESIAN_POINT('',(0.975607571021873,0.340665681752041,0.900518039935954));
#3934=CARTESIAN_POINT('Ctrl Pts',(0.975448748004395,0.111499015085375,0.900487098348025));
#3935=CARTESIAN_POINT('Ctrl Pts',(0.975441881578845,0.111389258717361,0.898706825433002));
#3936=CARTESIAN_POINT('Ctrl Pts',(0.976281326104639,0.109099703408536,0.861576330413115));
#3937=CARTESIAN_POINT('Ctrl Pts',(1.01877181479682,0.104630349158901,0.79112536289268));
#3938=CARTESIAN_POINT('Ctrl Pts',(1.13904408988078,0.0980909523364693,0.786074941043759));
#3939=CARTESIAN_POINT('Ctrl Pts',(1.20963764432053,0.0915515555140382,0.883581227729164));
#3940=CARTESIAN_POINT('Ctrl Pts',(1.16729091633349,0.0850121586916068,0.996265275766835));
#3941=CARTESIAN_POINT('Ctrl Pts',(1.04995247400454,0.0784727618691755,1.0231465470034));
#3942=CARTESIAN_POINT('Ctrl Pts',(0.982496703011764,0.0734128251115426,
0.958916173217965));
#3943=CARTESIAN_POINT('Ctrl Pts',(0.97560760352188,0.0705326872947202,0.912025625701961));
#3944=CARTESIAN_POINT('Ctrl Pts',(0.97569082701795,0.0698323484187082,0.900599886350506));
#3945=CARTESIAN_POINT('Ctrl Pts',(0.975608901730487,0.117667651581292,0.900610949732543));
#3946=CARTESIAN_POINT('Ctrl Pts',(0.975848047637893,0.116002656630509,0.873499783864288));
#3947=CARTESIAN_POINT('Ctrl Pts',(0.99982592149995,0.112157862738915,0.810517549973689));
#3948=CARTESIAN_POINT('Ctrl Pts',(1.10493923176397,0.106133269906511,0.775157030914551));
#3949=CARTESIAN_POINT('Ctrl Pts',(1.19991842108303,0.09959387308408,0.849115618280711));
#3950=CARTESIAN_POINT('Ctrl Pts',(1.19066711444847,0.0930544762616487,0.969137842198798));
#3951=CARTESIAN_POINT('Ctrl Pts',(1.08547575386294,0.0865150794392175,1.02766728452093));
#3952=CARTESIAN_POINT('Ctrl Pts',(0.992580843393934,0.0808305823235428,
0.979497842270168));
#3953=CARTESIAN_POINT('Ctrl Pts',(0.975846481331981,0.0773258841486788,
0.922103041331562));
#3954=CARTESIAN_POINT('Ctrl Pts',(0.97574209787024,0.0760009849146251,0.900461974969233));
#3955=CARTESIAN_POINT('Origin',(1.08360757102187,0.340665681752041,0.900518039935954));
#3956=CARTESIAN_POINT('',(0.975508232853387,0.159334318247958,0.900445228999336));
#3957=CARTESIAN_POINT('',(0.975756901655679,0.153165681752042,0.900476116470843));
#3958=CARTESIAN_POINT('',(0.975607571021873,0.340665681752041,0.900518039935954));
#3959=CARTESIAN_POINT('Ctrl Pts',(0.975756901655679,0.153165681752042,0.900476116470843));
#3960=CARTESIAN_POINT('Ctrl Pts',(0.97570316236204,0.152245830140001,0.885445951666338));
#3961=CARTESIAN_POINT('Ctrl Pts',(0.985596356429296,0.14914617958715,0.834865977292164));
#3962=CARTESIAN_POINT('Ctrl Pts',(1.06227590369736,0.143866730093488,0.775156992212117));
#3963=CARTESIAN_POINT('Ctrl Pts',(1.17637122572188,0.137327333271057,0.813539094350351));
#3964=CARTESIAN_POINT('Ctrl Pts',(1.20733757330893,0.130787936448626,0.929866278748019));
#3965=CARTESIAN_POINT('Ctrl Pts',(1.1274248454151,0.124248539626195,1.01989341039919));
#3966=CARTESIAN_POINT('Ctrl Pts',(1.01024610758826,0.117818899171778,1.00322829384131));
#3967=CARTESIAN_POINT('Ctrl Pts',(0.97557825113453,0.113569057658171,0.934063653330365));
#3968=CARTESIAN_POINT('Ctrl Pts',(0.975448748004395,0.111499015085375,0.900487098348025));
#3969=CARTESIAN_POINT('Ctrl Pts',(0.975508232853387,0.159334318247958,0.900445228999336));
#3970=CARTESIAN_POINT('Ctrl Pts',(0.975470840015453,0.15903902699396,0.895648576735737));
#3971=CARTESIAN_POINT('Ctrl Pts',(0.977921011469783,0.15656393679915,0.855482113790858));
#3972=CARTESIAN_POINT('Ctrl Pts',(1.02817106929488,0.15190904766353,0.786074976441783));
#3973=CARTESIAN_POINT('Ctrl Pts',(1.14844330722382,0.145369650841099,0.791125396616326));
#3974=CARTESIAN_POINT('Ctrl Pts',(1.21061382796112,0.138830254018668,0.894206661936189));
#3975=CARTESIAN_POINT('Ctrl Pts',(1.15896929608576,0.132290857196237,1.00294378244376));
#3976=CARTESIAN_POINT('Ctrl Pts',(1.03979031015426,0.125751460373805,1.01989337355883));
#3977=CARTESIAN_POINT('Ctrl Pts',(0.980224169609887,0.120877058502157,0.952788058571373));
#3978=CARTESIAN_POINT('Ctrl Pts',(0.975534959603951,0.118182455571319,0.908993519515537));
#3979=CARTESIAN_POINT('Ctrl Pts',(0.975608901730487,0.117667651581292,0.900610949732543));
#3980=CARTESIAN_POINT('Origin',(1.08360757102187,0.340665681752041,0.900518039935954));
#3981=CARTESIAN_POINT('',(0.975773750399304,0.201000984914625,0.900522393795557));
#3982=CARTESIAN_POINT('',(0.97557802087757,0.194832348418708,0.900608875711035));
#3983=CARTESIAN_POINT('',(0.975607571021873,0.340665681752041,0.900518039935954));
#3984=CARTESIAN_POINT('Ctrl Pts',(0.97557802087757,0.194832348418708,0.900608875711035));
#3985=CARTESIAN_POINT('Ctrl Pts',(0.975827960395666,0.193102401562641,0.872460766493358));
#3986=CARTESIAN_POINT('Ctrl Pts',(1.00136226045141,0.189192655765764,0.808442573511931));
#3987=CARTESIAN_POINT('Ctrl Pts',(1.1086130548001,0.183103111028076,0.775837880801256));
#3988=CARTESIAN_POINT('Ctrl Pts',(1.2013784172266,0.176563714205645,0.852554895376618));
#3989=CARTESIAN_POINT('Ctrl Pts',(1.18860493043804,0.170024317383214,0.972253592481589));
#3990=CARTESIAN_POINT('Ctrl Pts',(1.08173938758958,0.163484920560782,1.02766732384234));
#3991=CARTESIAN_POINT('Ctrl Pts',(0.991344538503386,0.157865375350392,0.977370796749628));
#3992=CARTESIAN_POINT('Ctrl Pts',(0.975830509918778,0.154425629080811,0.921063367445375));
#3993=CARTESIAN_POINT('Ctrl Pts',(0.975756901655679,0.153165681752042,0.900476116470843));
#3994=CARTESIAN_POINT('Ctrl Pts',(0.975773750399304,0.201000984914625,0.900522393795557));
#3995=CARTESIAN_POINT('Ctrl Pts',(0.975779675043015,0.1998955984166,0.8824534572095));
#3996=CARTESIAN_POINT('Ctrl Pts',(0.988583843948215,0.196610412977764,0.828744629568583));
#3997=CARTESIAN_POINT('Ctrl Pts',(1.07286096192339,0.191145428598118,0.773810472278971));
#3998=CARTESIAN_POINT('Ctrl Pts',(1.1833364264322,0.184606031775687,0.821621970096038));
#3999=CARTESIAN_POINT('Ctrl Pts',(1.20444159693645,0.178066634953256,0.940136031387781));
#4000=CARTESIAN_POINT('Ctrl Pts',(1.11726265753066,0.171527238130824,1.0231465086411));
#4001=CARTESIAN_POINT('Ctrl Pts',(1.00522275328465,0.165283132562392,0.997479089572418));
#4002=CARTESIAN_POINT('Ctrl Pts',(0.975746868741052,0.16121882593477,0.931056796186988));
#4003=CARTESIAN_POINT('Ctrl Pts',(0.975508232853387,0.159334318247958,0.900445228999336));
#4004=CARTESIAN_POINT('Origin',(1.08360757102187,0.340665681752041,0.900518039935954));
#4005=CARTESIAN_POINT('',(0.975518399863822,0.242667651581292,0.900612044526303));
#4006=CARTESIAN_POINT('',(0.975536377533002,0.236499015085375,0.90043681226227));
#4007=CARTESIAN_POINT('',(0.975607571021873,0.340665681752041,0.900518039935954));
#4008=CARTESIAN_POINT('',(1.03516784670184,0.25,0.997045720462314));
#4009=CARTESIAN_POINT('Ctrl Pts',(1.03516784670184,0.25,0.997045720462314));
#4010=CARTESIAN_POINT('Ctrl Pts',(1.0034386250994,0.24782020105919,0.981123295527514));
#4011=CARTESIAN_POINT('Ctrl Pts',(0.97763982192197,0.24537608491962,0.9445123505247));
#4012=CARTESIAN_POINT('Ctrl Pts',(0.975486315513455,0.242931968780051,0.904900757600932));
#4013=CARTESIAN_POINT('Ctrl Pts',(0.975518399863822,0.242667651581292,0.900612044526303));
#4014=CARTESIAN_POINT('',(1.13196715911352,0.25,0.997089490610943));
#4015=CARTESIAN_POINT('Origin',(1.08360757102187,0.25,0.900518039935954));
#4016=CARTESIAN_POINT('Ctrl Pts',(1.13196715911352,0.25,0.997089490610943));
#4017=CARTESIAN_POINT('Ctrl Pts',(1.12471010029111,0.249499026417463,1.00082006675615));
#4018=CARTESIAN_POINT('Ctrl Pts',(1.08373861155415,0.246818253894116,1.0163433581949));
#4019=CARTESIAN_POINT('Ctrl Pts',(1.0035641239051,0.242317925589241,0.995406024904082));
#4020=CARTESIAN_POINT('Ctrl Pts',(0.975786833034307,0.238318570866903,0.93000696358699));
#4021=CARTESIAN_POINT('Ctrl Pts',(0.975536377533002,0.236499015085375,0.90043681226227));
#4022=CARTESIAN_POINT('Origin',(1.08360757102187,0.340665681752041,0.900518039935954));
#4023=CARTESIAN_POINT('Ctrl Pts',(0.975536377533002,0.236499015085375,0.90043681226227));
#4024=CARTESIAN_POINT('Ctrl Pts',(0.975486791319726,0.236138771926092,0.894582391726319));
#4025=CARTESIAN_POINT('Ctrl Pts',(0.978560722716334,0.233598729825999,0.853354241731433));
#4026=CARTESIAN_POINT('Ctrl Pts',(1.03155697708942,0.228878888785095,0.784486921707572));
#4027=CARTESIAN_POINT('Ctrl Pts',(1.15162935469323,0.222339491962664,0.793081756846808));
#4028=CARTESIAN_POINT('Ctrl Pts',(1.21074440126926,0.215800095140233,0.897938584017645));
#4029=CARTESIAN_POINT('Ctrl Pts',(1.1559276212071,0.209260698317802,1.00511475102569));
#4030=CARTESIAN_POINT('Ctrl Pts',(1.03630202737292,0.20272130149537,1.01855402464399));
#4031=CARTESIAN_POINT('Ctrl Pts',(0.979500220241227,0.197911851529006,0.950645348857627));
#4032=CARTESIAN_POINT('Ctrl Pts',(0.975513027081442,0.195282200503452,0.90792845640726));
#4033=CARTESIAN_POINT('Ctrl Pts',(0.97557802087757,0.194832348418708,0.900608875711035));
#4034=CARTESIAN_POINT('Ctrl Pts',(0.975518399863822,0.242667651581292,0.900612044526303));
#4035=CARTESIAN_POINT('Ctrl Pts',(0.975750912116606,0.24075216983924,0.869532146472295));
#4036=CARTESIAN_POINT('Ctrl Pts',(1.00599985366777,0.236656889156378,0.802528337153159));
#4037=CARTESIAN_POINT('Ctrl Pts',(1.11899441445512,0.230381809532706,0.778404326612072));
#4038=CARTESIAN_POINT('Ctrl Pts',(1.20497644721828,0.223842412710275,0.862581656817806));
#4039=CARTESIAN_POINT('Ctrl Pts',(1.1822254359236,0.217303015887843,0.980811233910969));
#4040=CARTESIAN_POINT('Ctrl Pts',(1.0710842797253,0.210763619065412,1.02705921928841));
#4041=CARTESIAN_POINT('Ctrl Pts',(0.988061639662239,0.205329608741006,0.971271191923629));
#4042=CARTESIAN_POINT('Ctrl Pts',(0.975767991770144,0.20207539735741,0.918085020379688));
#4043=CARTESIAN_POINT('Ctrl Pts',(0.975773750399304,0.201000984914625,0.900522393795557));
#4044=CARTESIAN_POINT('Ctrl Pts',(1.15415670294508,0.25,0.848001161840608));
#4045=CARTESIAN_POINT('Ctrl Pts',(1.17141931252887,0.24782020105919,0.871191080301767));
#4046=CARTESIAN_POINT('Ctrl Pts',(1.18101707554287,0.243460603177569,0.935536665207011));
#4047=CARTESIAN_POINT('Ctrl Pts',(1.10807048822791,0.236921206355137,1.00120115391865));
#4048=CARTESIAN_POINT('Ctrl Pts',(1.01319767554864,0.230381809532706,0.976425395974319));
#4049=CARTESIAN_POINT('Ctrl Pts',(0.981424699835075,0.223842412710275,0.883730491039071));
#4050=CARTESIAN_POINT('Ctrl Pts',(1.04122007346299,0.217303015887843,0.80602788393423));
#4051=CARTESIAN_POINT('Ctrl Pts',(1.13900123652091,0.210763619065412,0.813027103846229));
#4052=CARTESIAN_POINT('Ctrl Pts',(1.18714168417241,0.204224222242981,0.898417455232108));
#4053=CARTESIAN_POINT('Ctrl Pts',(1.14250153781623,0.19768482542055,0.985696565309497));
#4054=CARTESIAN_POINT('Ctrl Pts',(1.04508421394849,0.191145428598118,0.996640862668098));
#4055=CARTESIAN_POINT('Ctrl Pts',(0.982189155931206,0.184606031775687,0.921447478528794));
#4056=CARTESIAN_POINT('Ctrl Pts',(1.01017890312029,0.178066634953255,0.827497662756117));
#4057=CARTESIAN_POINT('Ctrl Pts',(1.10397083304312,0.171527238130825,0.798984521455429));
#4058=CARTESIAN_POINT('Ctrl Pts',(1.17951447772285,0.164987841308393,0.86145916434342));
#4059=CARTESIAN_POINT('Ctrl Pts',(1.16911236510198,0.158448444485962,0.958936019995108));
#4060=CARTESIAN_POINT('Ctrl Pts',(1.08208621238419,0.15190904766353,1.00406229474675));
#4061=CARTESIAN_POINT('Ctrl Pts',(0.996423406670989,0.145369650841099,0.956398720196362));
#4062=CARTESIAN_POINT('Ctrl Pts',(0.988889585647232,0.138830254018668,0.858658369768889));
#4063=CARTESIAN_POINT('Ctrl Pts',(1.06623608823307,0.132290857196237,0.798430038571959));
#4064=CARTESIAN_POINT('Ctrl Pts',(1.15914982501137,0.125751460373805,0.829686574526197));
#4065=CARTESIAN_POINT('Ctrl Pts',(1.18436732751397,0.119212063551374,0.924417832561149));
#4066=CARTESIAN_POINT('Ctrl Pts',(1.1192902495671,0.112672666728943,0.997731593938191));
#4067=CARTESIAN_POINT('Ctrl Pts',(1.0222365917128,0.106133269906511,0.983928658776856));
#4068=CARTESIAN_POINT('Ctrl Pts',(0.980179758569575,0.09959387308408,0.895378355971104));
#4069=CARTESIAN_POINT('Ctrl Pts',(1.03080845287378,0.0930544762616487,0.811433910806731));
#4070=CARTESIAN_POINT('Ctrl Pts',(1.12875240281484,0.0865150794392175,0.807321090421431));
#4071=CARTESIAN_POINT('Ctrl Pts',(1.18624039460166,0.0799756826167861,0.886725515550887));
#4072=CARTESIAN_POINT('Ctrl Pts',(1.15175525824554,0.0734362857943548,0.978489978744528));
#4073=CARTESIAN_POINT('Ctrl Pts',(1.05620048044156,0.0668968889719235,1.00038079175616));
#4074=CARTESIAN_POINT('Ctrl Pts',(0.985206128048353,0.0603574921494922,
0.932781033814638));
#4075=CARTESIAN_POINT('Ctrl Pts',(1.00239316759344,0.0538180953270609,0.836268860991182));
#4076=CARTESIAN_POINT('Ctrl Pts',(1.092359095174,0.0472786985046295,0.797333463010847));
#4077=CARTESIAN_POINT('Ctrl Pts',(1.17448320203002,0.0407393016821984,0.850864236471794));
#4078=CARTESIAN_POINT('Ctrl Pts',(1.17516876073522,0.0341999048597669,0.948894414130837));
#4079=CARTESIAN_POINT('Ctrl Pts',(1.09380593914438,0.0276605080373357,1.00356713194027));
#4080=CARTESIAN_POINT('Ctrl Pts',(1.00329790427858,0.0211211112149044,0.965904941973865));
#4081=CARTESIAN_POINT('Ctrl Pts',(0.984770577595292,0.0145817143924731,
0.869624518085298));
#4082=CARTESIAN_POINT('Ctrl Pts',(1.05479020007753,0.00804231757004178,
0.801074391505587));
#4083=CARTESIAN_POINT('Ctrl Pts',(1.15068356591748,0.0015029207476105,0.821547572872342));
#4084=CARTESIAN_POINT('Ctrl Pts',(1.1863677032412,-0.00503647607482082,
0.912978814918605));
#4085=CARTESIAN_POINT('Ctrl Pts',(1.14889330059485,-0.00939607395644168,
0.966159079095932));
#4086=CARTESIAN_POINT('Ctrl Pts',(1.12305455022509,-0.0115758728972521,
0.979125535327559));
#4087=CARTESIAN_POINT('Ctrl Pts',(1.15951774177419,0.253858624299084,0.844010396611078));
#4088=CARTESIAN_POINT('Ctrl Pts',(1.17809213957915,0.251678825358274,0.868962520359886));
#4089=CARTESIAN_POINT('Ctrl Pts',(1.18841923800505,0.247319227476653,0.938197735651144));
#4090=CARTESIAN_POINT('Ctrl Pts',(1.10992942887593,0.240779830654221,1.00885207844149));
#4091=CARTESIAN_POINT('Ctrl Pts',(1.00784721731769,0.23424043383179,0.982193607035791));
#4092=CARTESIAN_POINT('Ctrl Pts',(0.97365980854345,0.227701037009359,0.882454802748819));
#4093=CARTESIAN_POINT('Ctrl Pts',(1.03799904133847,0.221161640186927,0.798847563192011));
#4094=CARTESIAN_POINT('Ctrl Pts',(1.14321060924501,0.214622243364496,0.806378654846422));
#4095=CARTESIAN_POINT('Ctrl Pts',(1.19500925653803,0.208082846542065,0.898257831493953));
#4096=CARTESIAN_POINT('Ctrl Pts',(1.14697689894652,0.201543449719633,0.992169293881563));
#4097=CARTESIAN_POINT('Ctrl Pts',(1.0421568184233,0.195004052897202,1.00394524999339));
#4098=CARTESIAN_POINT('Ctrl Pts',(0.974482355769873,0.188464656074771,0.923037909621408));
#4099=CARTESIAN_POINT('Ctrl Pts',(1.00459904793201,0.18192525925234,0.821948833639364));
#4100=CARTESIAN_POINT('Ctrl Pts',(1.10551824029545,0.175385862429908,0.791268974570704));
#4101=CARTESIAN_POINT('Ctrl Pts',(1.18680245755743,0.168846465607477,0.858491074687821));
#4102=CARTESIAN_POINT('Ctrl Pts',(1.17560988688066,0.162307068785046,0.963375210823933));
#4103=CARTESIAN_POINT('Ctrl Pts',(1.08197060411932,0.155767671962614,1.01193063777862));
#4104=CARTESIAN_POINT('Ctrl Pts',(0.98979826930038,0.149228275140183,0.960645101243248));
#4105=CARTESIAN_POINT('Ctrl Pts',(0.981691952117721,0.142688878317752,0.855477447324888));
#4106=CARTESIAN_POINT('Ctrl Pts',(1.06491602672116,0.13614948149532,0.790672356452011));
#4107=CARTESIAN_POINT('Ctrl Pts',(1.16489029191487,0.129610084672889,0.824304081134249));
#4108=CARTESIAN_POINT('Ctrl Pts',(1.19202407611229,0.123070687850458,0.926233981290105));
#4109=CARTESIAN_POINT('Ctrl Pts',(1.12200178151643,0.116531291028027,1.00511886609186));
#4110=CARTESIAN_POINT('Ctrl Pts',(1.01757300204008,0.109991894205595,0.990267043873541));
#4111=CARTESIAN_POINT('Ctrl Pts',(0.972320264009528,0.103452497383164,0.894987790636651));
#4112=CARTESIAN_POINT('Ctrl Pts',(1.02679624018146,0.0969131005607326,0.804664394835381));
#4113=CARTESIAN_POINT('Ctrl Pts',(1.13218296517016,0.0903737037383015,0.800239040628874));
#4114=CARTESIAN_POINT('Ctrl Pts',(1.19403947784129,0.0838343069158701,0.885677419610314));
#4115=CARTESIAN_POINT('Ctrl Pts',(1.15693381094153,0.0772949100934388,0.984415077751963));
#4116=CARTESIAN_POINT('Ctrl Pts',(1.05411781162922,0.0707555132710075,1.00796937683857));
#4117=CARTESIAN_POINT('Ctrl Pts',(0.977728588038428,0.0642161164485762,
0.935232703427173));
#4118=CARTESIAN_POINT('Ctrl Pts',(0.996221673226408,0.0576767196261449,
0.831386556508172));
#4119=CARTESIAN_POINT('Ctrl Pts',(1.09302412477131,0.0511373228037136,0.789492451954002));
#4120=CARTESIAN_POINT('Ctrl Pts',(1.18138885449056,0.0445979259812823,0.847091036701257));
#4121=CARTESIAN_POINT('Ctrl Pts',(1.1821265089018,0.038058529158851,0.952570541864804));
#4122=CARTESIAN_POINT('Ctrl Pts',(1.09458091462612,0.0315191323364197,1.01139784747821));
#4123=CARTESIAN_POINT('Ctrl Pts',(0.997195160984271,0.0249797355139884,
0.970873702200737));
#4124=CARTESIAN_POINT('Ctrl Pts',(0.977259940042884,0.0184403386915571,
0.867276914852));
#4125=CARTESIAN_POINT('Ctrl Pts',(1.05260036385455,0.0119009418691258,0.79351765415092));
#4126=CARTESIAN_POINT('Ctrl Pts',(1.15578068055708,0.0053615450466945,0.815546595557105));
#4127=CARTESIAN_POINT('Ctrl Pts',(1.19417646068291,-0.00117785177573682,
0.913925711027766));
#4128=CARTESIAN_POINT('Ctrl Pts',(1.15385437271135,-0.00553744965735768,
0.971147151239793));
#4129=CARTESIAN_POINT('Ctrl Pts',(1.1260521319307,-0.00771724859816809,
0.985098930372477));
#4130=CARTESIAN_POINT('Ctrl Pts',(1.1648787806033,0.257717248598168,0.840019631381547));
#4131=CARTESIAN_POINT('Ctrl Pts',(1.18476496662943,0.255537449657357,0.866733960418004));
#4132=CARTESIAN_POINT('Ctrl Pts',(1.19582140046723,0.251177851775737,0.940858806095278));
#4133=CARTESIAN_POINT('Ctrl Pts',(1.11178836952396,0.244638454953305,1.01650300296434));
#4134=CARTESIAN_POINT('Ctrl Pts',(1.00249675908673,0.238099058130874,0.987961818097263));
#4135=CARTESIAN_POINT('Ctrl Pts',(0.965894917251825,0.231559661308443,0.88117911445857));
#4136=CARTESIAN_POINT('Ctrl Pts',(1.03477800921394,0.225020264486012,0.791667242449791));
#4137=CARTESIAN_POINT('Ctrl Pts',(1.14741998196912,0.21848086766358,0.799730205846615));
#4138=CARTESIAN_POINT('Ctrl Pts',(1.20287682890364,0.211941470841149,0.8980982077558));
#4139=CARTESIAN_POINT('Ctrl Pts',(1.15145226007681,0.205402074018717,0.998642022453627));
#4140=CARTESIAN_POINT('Ctrl Pts',(1.03922942289811,0.198862677196286,1.01124963731869));
#4141=CARTESIAN_POINT('Ctrl Pts',(0.96677555560854,0.192323280373855,0.924628340714022));
#4142=CARTESIAN_POINT('Ctrl Pts',(0.999019192743735,0.185783883551424,0.816400004522609));
#4143=CARTESIAN_POINT('Ctrl Pts',(1.10706564754777,0.179244486728992,0.78355342768598));
#4144=CARTESIAN_POINT('Ctrl Pts',(1.19409043739202,0.172705089906561,0.85552298503222));
#4145=CARTESIAN_POINT('Ctrl Pts',(1.18210740865935,0.16616569308413,0.967814401652762));
#4146=CARTESIAN_POINT('Ctrl Pts',(1.08185499585445,0.159626296261698,1.01979898081048));
#4147=CARTESIAN_POINT('Ctrl Pts',(0.98317313192977,0.153086899439267,0.964891482290137));
#4148=CARTESIAN_POINT('Ctrl Pts',(0.974494318588209,0.146547502616836,0.852296524880886));
#4149=CARTESIAN_POINT('Ctrl Pts',(1.06359596520926,0.140008105794404,0.782914674332065));
#4150=CARTESIAN_POINT('Ctrl Pts',(1.17063075881838,0.133468708971973,0.818921587742299));
#4151=CARTESIAN_POINT('Ctrl Pts',(1.19968082471061,0.126929312149542,0.928050130019062));
#4152=CARTESIAN_POINT('Ctrl Pts',(1.12471331346576,0.120389915327111,1.01250613824552));
#4153=CARTESIAN_POINT('Ctrl Pts',(1.01290941236736,0.113850518504679,0.996605428970225));
#4154=CARTESIAN_POINT('Ctrl Pts',(0.96446076944948,0.107311121682248,0.894597225302197));
#4155=CARTESIAN_POINT('Ctrl Pts',(1.02278402748914,0.100771724859817,0.797894878864031));
#4156=CARTESIAN_POINT('Ctrl Pts',(1.13561352752547,0.0942323280373854,0.793156990836316));
#4157=CARTESIAN_POINT('Ctrl Pts',(1.20183856108091,0.0876929312149541,0.88462932366974));
#4158=CARTESIAN_POINT('Ctrl Pts',(1.16211236363751,0.0811535343925228,0.990340176759397));
#4159=CARTESIAN_POINT('Ctrl Pts',(1.05203514281688,0.0746141375700915,1.01555796192099));
#4160=CARTESIAN_POINT('Ctrl Pts',(0.970251048028501,0.0680747407476602,
0.937684373039708));
#4161=CARTESIAN_POINT('Ctrl Pts',(0.990050178859381,0.0615353439252289,
0.826504252025161));
#4162=CARTESIAN_POINT('Ctrl Pts',(1.09368915436862,0.0549959471027976,0.781651440897156));
#4163=CARTESIAN_POINT('Ctrl Pts',(1.1882945069511,0.0484565502803663,0.843317836930719));
#4164=CARTESIAN_POINT('Ctrl Pts',(1.18908425706838,0.041917153457935,0.956246669598772));
#4165=CARTESIAN_POINT('Ctrl Pts',(1.09535589010786,0.0353777566355037,1.01922856301615));
#4166=CARTESIAN_POINT('Ctrl Pts',(0.991092417689964,0.0288383598130724,
0.975842462427608));
#4167=CARTESIAN_POINT('Ctrl Pts',(0.969749302490474,0.0222989629906411,
0.864929311618702));
#4168=CARTESIAN_POINT('Ctrl Pts',(1.05041052763157,0.0157595661682098,0.785960916796253));
#4169=CARTESIAN_POINT('Ctrl Pts',(1.16087779519667,0.00922016934577849,
0.809545618241867));
#4170=CARTESIAN_POINT('Ctrl Pts',(1.20198521812463,0.00268077252334718,
0.914872607136927));
#4171=CARTESIAN_POINT('Ctrl Pts',(1.15881544482785,-0.00167882535827367,
0.976135223383653));
#4172=CARTESIAN_POINT('Ctrl Pts',(1.1290497136363,-0.00385862429908409,
0.991072325417396));
#4173=CARTESIAN_POINT('Ctrl Pts',(1.17023981943241,0.261575872897252,0.836028866152016));
#4174=CARTESIAN_POINT('Ctrl Pts',(1.1914377936797,0.259396073956442,0.864505400476122));
#4175=CARTESIAN_POINT('Ctrl Pts',(1.20322356292941,0.255036476074821,0.943519876539412));
#4176=CARTESIAN_POINT('Ctrl Pts',(1.11364731017198,0.248497079252389,1.02415392748718));
#4177=CARTESIAN_POINT('Ctrl Pts',(0.997146300855771,0.241957682429958,0.993730029158734));
#4178=CARTESIAN_POINT('Ctrl Pts',(0.958130025960198,0.235418285607527,0.879903426168319));
#4179=CARTESIAN_POINT('Ctrl Pts',(1.03155697708942,0.228878888785095,0.784486921707572));
#4180=CARTESIAN_POINT('Ctrl Pts',(1.15162935469323,0.222339491962664,0.793081756846808));
#4181=CARTESIAN_POINT('Ctrl Pts',(1.21074440126926,0.215800095140233,0.897938584017645));
#4182=CARTESIAN_POINT('Ctrl Pts',(1.1559276212071,0.209260698317802,1.00511475102569));
#4183=CARTESIAN_POINT('Ctrl Pts',(1.03630202737292,0.20272130149537,1.01855402464399));
#4184=CARTESIAN_POINT('Ctrl Pts',(0.959068755447205,0.196181904672939,0.926218771806637));
#4185=CARTESIAN_POINT('Ctrl Pts',(0.993439337555459,0.189642507850508,0.810851175405853));
#4186=CARTESIAN_POINT('Ctrl Pts',(1.1086130548001,0.183103111028076,0.775837880801256));
#4187=CARTESIAN_POINT('Ctrl Pts',(1.2013784172266,0.176563714205645,0.852554895376618));
#4188=CARTESIAN_POINT('Ctrl Pts',(1.18860493043804,0.170024317383214,0.972253592481589));
#4189=CARTESIAN_POINT('Ctrl Pts',(1.08173938758958,0.163484920560782,1.02766732384234));
#4190=CARTESIAN_POINT('Ctrl Pts',(0.976547994559162,0.156945523738351,0.969137863337023));
#4191=CARTESIAN_POINT('Ctrl Pts',(0.967296685058697,0.15040612691592,0.849115602436886));
#4192=CARTESIAN_POINT('Ctrl Pts',(1.06227590369736,0.143866730093488,0.775156992212117));
#4193=CARTESIAN_POINT('Ctrl Pts',(1.17637122572188,0.137327333271057,0.813539094350351));
#4194=CARTESIAN_POINT('Ctrl Pts',(1.20733757330893,0.130787936448626,0.929866278748019));
#4195=CARTESIAN_POINT('Ctrl Pts',(1.1274248454151,0.124248539626195,1.01989341039919));
#4196=CARTESIAN_POINT('Ctrl Pts',(1.00824582269464,0.117709142803763,1.00294381406691));
#4197=CARTESIAN_POINT('Ctrl Pts',(0.956601274889432,0.111169745981332,0.894206659967746));
#4198=CARTESIAN_POINT('Ctrl Pts',(1.01877181479682,0.104630349158901,0.79112536289268));
#4199=CARTESIAN_POINT('Ctrl Pts',(1.13904408988078,0.0980909523364693,0.786074941043759));
#4200=CARTESIAN_POINT('Ctrl Pts',(1.20963764432053,0.0915515555140382,0.883581227729164));
#4201=CARTESIAN_POINT('Ctrl Pts',(1.16729091633349,0.0850121586916068,0.996265275766835));
#4202=CARTESIAN_POINT('Ctrl Pts',(1.04995247400454,0.0784727618691755,1.0231465470034));
#4203=CARTESIAN_POINT('Ctrl Pts',(0.962773508018574,0.0719333650467442,
0.940136042652245));
#4204=CARTESIAN_POINT('Ctrl Pts',(0.983878684492354,0.0653939682243129,
0.821621947542148));
#4205=CARTESIAN_POINT('Ctrl Pts',(1.09435418396593,0.0588545714018816,0.773810429840312));
#4206=CARTESIAN_POINT('Ctrl Pts',(1.19520015941164,0.0523151745794503,0.839544637160181));
#4207=CARTESIAN_POINT('Ctrl Pts',(1.19604200523496,0.045775777757019,0.959922797332739));
#4208=CARTESIAN_POINT('Ctrl Pts',(1.0961308655896,0.0392363809345877,1.0270592785541));
#4209=CARTESIAN_POINT('Ctrl Pts',(0.984989674395656,0.0326969841121564,
0.98081122265448));
#4210=CARTESIAN_POINT('Ctrl Pts',(0.962238664938066,0.0261575872897251,
0.862581708385404));
#4211=CARTESIAN_POINT('Ctrl Pts',(1.04822069140858,0.0196181904672938,0.778404179441587));
#4212=CARTESIAN_POINT('Ctrl Pts',(1.16597490983627,0.0130787936448625,0.80354464092663));
#4213=CARTESIAN_POINT('Ctrl Pts',(1.20979397556635,0.00653939682243119,
0.915819503246088));
#4214=CARTESIAN_POINT('Ctrl Pts',(1.16377651694435,0.00217979894081033,
0.981123295527513));
#4215=CARTESIAN_POINT('Ctrl Pts',(1.13204729534191,-8.74191357972564E-17,
0.997045720462314));
#4216=CARTESIAN_POINT('Ctrl Pts',(1.13204729534191,-8.67361737988404E-17,
0.997045720462314));
#4217=CARTESIAN_POINT('Ctrl Pts',(1.13919842986048,-8.13431137891278E-17,
0.992451386755831));
#4218=CARTESIAN_POINT('Ctrl Pts',(1.14571310690088,-1.38570525864375E-16,
0.986979570886162));
#4219=CARTESIAN_POINT('Ctrl Pts',(1.15150587867118,-1.6306400674182E-16,
0.980802170902293));
#4220=CARTESIAN_POINT('Ctrl Pts',(1.15502305237265,-1.77935614016444E-16,
0.977051464051027));
#4221=CARTESIAN_POINT('Ctrl Pts',(1.1582732435819,-1.88967995513894E-16,
0.973039693180826));
#4222=CARTESIAN_POINT('Ctrl Pts',(1.16122754977225,-1.94289029309402E-16,
0.968801007478844));
#4223=CARTESIAN_POINT('Ctrl Pts',(1.16279479861686,-1.971118186653E-16,
0.966552399907012));
#4224=CARTESIAN_POINT('Ctrl Pts',(1.16427291290534,-1.96204525949208E-16,
0.964248100431815));
#4225=CARTESIAN_POINT('Ctrl Pts',(1.1656583399526,-1.87350135405495E-16,
0.961894827162737));
#4226=CARTESIAN_POINT('Ctrl Pts',(1.16962908834528,-1.6197272048569E-16,
0.955150151527047));
#4227=CARTESIAN_POINT('Ctrl Pts',(1.17284396075131,-1.88656453710983E-16,
0.948000927203557));
#4228=CARTESIAN_POINT('Ctrl Pts',(1.17520214805021,-1.95156391047391E-16,
0.940575581101407));
#4229=CARTESIAN_POINT('Ctrl Pts',(1.17605939058592,-1.9751923252602E-16,
0.937876337269461));
#4230=CARTESIAN_POINT('Ctrl Pts',(1.17680332120467,-1.30909821402321E-16,
0.935138829781685));
#4231=CARTESIAN_POINT('Ctrl Pts',(1.17742609499327,-1.37043154602168E-16,
0.932374927845797));
#4232=CARTESIAN_POINT('Ctrl Pts',(1.17893296047193,-1.51883387503939E-16,
0.925687381757926));
#4233=CARTESIAN_POINT('Ctrl Pts',(1.17972355674532,-1.1843440521411E-16,
0.918891856690877));
#4234=CARTESIAN_POINT('Ctrl Pts',(1.17972500795006,-1.00613961606655E-16,
0.91207851244814));
#4235=CARTESIAN_POINT('Ctrl Pts',(1.17972590713364,-8.78751662347624E-17,
0.907856883983408));
#4236=CARTESIAN_POINT('Ctrl Pts',(1.17942298821989,-1.08261642083794E-16,
0.903628368979659));
#4237=CARTESIAN_POINT('Ctrl Pts',(1.17882688667786,-9.71445146547012E-17,
0.899421838540426));
#4238=CARTESIAN_POINT('Ctrl Pts',(1.17840808337686,-8.93339499493677E-17,
0.896466454751751));
#4239=CARTESIAN_POINT('Ctrl Pts',(1.17784381213879,-2.21048555305592E-16,
0.893521081094601));
#4240=CARTESIAN_POINT('Ctrl Pts',(1.17714181223595,-2.22478285794026E-16,
0.890612516365338));
#4241=CARTESIAN_POINT('Ctrl Pts',(1.17581758844015,-2.25175270689183E-16,
0.885125919272482));
#4242=CARTESIAN_POINT('Ctrl Pts',(1.17400262659942,-2.07026434969683E-16,
0.87975541439317));
#4243=CARTESIAN_POINT('Ctrl Pts',(1.17172468078439,-2.03830008427275E-16,
0.874571899185232));
#4244=CARTESIAN_POINT('Ctrl Pts',(1.17019744326149,-2.01686980036287E-16,
0.871096637010943));
#4245=CARTESIAN_POINT('Ctrl Pts',(1.16845947706035,-3.86794491404385E-17,
0.867702874923109));
#4246=CARTESIAN_POINT('Ctrl Pts',(1.16653095578835,-3.0140820395097E-17,
0.864436640707842));
#4247=CARTESIAN_POINT('Ctrl Pts',(1.16301570392898,-1.45768590277832E-17,
0.858483045035851));
#4248=CARTESIAN_POINT('Ctrl Pts',(1.15886286649178,8.02643112553616E-17,
0.852934002566188));
#4249=CARTESIAN_POINT('Ctrl Pts',(1.15411440459816,6.39679281766448E-17,
0.847940005365985));
#4250=CARTESIAN_POINT('Ctrl Pts',(1.15415670294508,0.25,0.848001161840608));
#4251=CARTESIAN_POINT('Ctrl Pts',(1.15898734665995,0.25,0.852985197637376));
#4252=CARTESIAN_POINT('Ctrl Pts',(1.163142068705,0.25,0.858542903023758));
#4253=CARTESIAN_POINT('Ctrl Pts',(1.16662387607103,0.25,0.864512333426183));
#4254=CARTESIAN_POINT('Ctrl Pts',(1.1687205444298,0.25,0.868106994051789));
#4255=CARTESIAN_POINT('Ctrl Pts',(1.17057276825297,0.25,0.871851961638848));
#4256=CARTESIAN_POINT('Ctrl Pts',(1.17217596951632,0.25,0.875718515413751));
#4257=CARTESIAN_POINT('Ctrl Pts',(1.17315275486341,0.25,0.878074297658577));
#4258=CARTESIAN_POINT('Ctrl Pts',(1.17403551813515,0.25,0.88047241240465));
#4259=CARTESIAN_POINT('Ctrl Pts',(1.17482056635842,0.25,0.882896255493333));
#4260=CARTESIAN_POINT('Ctrl Pts',(1.17661178923222,0.25,0.888426671401835));
#4261=CARTESIAN_POINT('Ctrl Pts',(1.1779012684542,0.25,0.894104137289787));
#4262=CARTESIAN_POINT('Ctrl Pts',(1.1786816809271,0.25,0.899850715031845));
#4263=CARTESIAN_POINT('Ctrl Pts',(1.17914785673627,0.25,0.903283406873456));
#4264=CARTESIAN_POINT('Ctrl Pts',(1.17943211886865,0.25,0.906741027543374));
#4265=CARTESIAN_POINT('Ctrl Pts',(1.17953011032583,0.25,0.910208407785378));
#4266=CARTESIAN_POINT('Ctrl Pts',(1.1796052596939,0.25,0.91286753176968));
#4267=CARTESIAN_POINT('Ctrl Pts',(1.17957040150735,0.25,0.915532451499948));
#4268=CARTESIAN_POINT('Ctrl Pts',(1.17942465896965,0.25,0.9181816455875));
#4269=CARTESIAN_POINT('Ctrl Pts',(1.17912626205787,0.25,0.923605671728872));
#4270=CARTESIAN_POINT('Ctrl Pts',(1.1783646468472,0.25,0.928978509223383));
#4271=CARTESIAN_POINT('Ctrl Pts',(1.17712993463151,0.25,0.934241946213253));
#4272=CARTESIAN_POINT('Ctrl Pts',(1.17606529578784,0.25,0.938780379865639));
#4273=CARTESIAN_POINT('Ctrl Pts',(1.17464880884415,0.25,0.943237730520557));
#4274=CARTESIAN_POINT('Ctrl Pts',(1.17290888943847,0.25,0.94759104404423));
#4275=CARTESIAN_POINT('Ctrl Pts',(1.17186491213932,0.25,0.950203096349634));
#4276=CARTESIAN_POINT('Ctrl Pts',(1.17070426713384,0.25,0.952776841992848));
#4277=CARTESIAN_POINT('Ctrl Pts',(1.1694392183522,0.25,0.95529533809245));
#4278=CARTESIAN_POINT('Ctrl Pts',(1.16686724482385,0.25,0.960415698187208));
#4279=CARTESIAN_POINT('Ctrl Pts',(1.16385967417326,0.25,0.965321129275245));
#4280=CARTESIAN_POINT('Ctrl Pts',(1.16046918850757,0.25,0.969970894907676));
#4281=CARTESIAN_POINT('Ctrl Pts',(1.1588099275912,0.25,0.972246431554892));
#4282=CARTESIAN_POINT('Ctrl Pts',(1.15705779538052,0.25,0.974461790780478));
#4283=CARTESIAN_POINT('Ctrl Pts',(1.15522077490631,0.25,0.976608371022514));
#4284=CARTESIAN_POINT('Ctrl Pts',(1.14983374734354,0.25,0.982903176710278));
#4285=CARTESIAN_POINT('Ctrl Pts',(1.14375226799908,0.25,0.988572150184654));
#4286=CARTESIAN_POINT('Ctrl Pts',(1.13711494519843,0.25,0.993495516555902));
#4287=CARTESIAN_POINT('Ctrl Pts',(1.13543428384497,0.25,0.994742180585605));
#4288=CARTESIAN_POINT('Ctrl Pts',(1.13371774938065,0.25,0.995940920530149));
#4289=CARTESIAN_POINT('Ctrl Pts',(1.13196715911352,0.25,0.997089490610942));
#4290=CARTESIAN_POINT('Ctrl Pts',(0.995633506807137,0.183256475521456,0.900592012217606));
#4291=CARTESIAN_POINT('Ctrl Pts',(0.995580578988902,0.1837063276062,0.906552726312356));
#4292=CARTESIAN_POINT('Ctrl Pts',(0.996136036678236,0.184156179690943,0.912503635993717));
#4293=CARTESIAN_POINT('Ctrl Pts',(0.9973366234656,0.184606031775687,0.918321406589899));
#4294=CARTESIAN_POINT('Ctrl Pts',(1.0031541752703,0.186785830716497,0.946511939908562));
#4295=CARTESIAN_POINT('Ctrl Pts',(1.02411919460939,0.188965629657308,0.97157640128833));
#4296=CARTESIAN_POINT('Ctrl Pts',(1.05083792492357,0.191145428598118,0.982284582418447));
#4297=CARTESIAN_POINT('Ctrl Pts',(1.07755665523774,0.193325227538928,0.992992763548564));
#4298=CARTESIAN_POINT('Ctrl Pts',(1.11002909652698,0.195505026479739,0.98934466442903));
#4299=CARTESIAN_POINT('Ctrl Pts',(1.1337053415643,0.197684825420549,0.972974096523032));
#4300=CARTESIAN_POINT('Ctrl Pts',(1.15738158660162,0.19986462436136,0.956603528617034));
#4301=CARTESIAN_POINT('Ctrl Pts',(1.17226163538702,0.20204442330217,0.927510491924571));
#4302=CARTESIAN_POINT('Ctrl Pts',(1.1716782518378,0.204224222242981,0.89873224834736));
#4303=CARTESIAN_POINT('Ctrl Pts',(1.17109486828857,0.206404021183791,0.869954004770149));
#4304=CARTESIAN_POINT('Ctrl Pts',(1.15504805240474,0.208583820124602,0.841490554308189));
#4305=CARTESIAN_POINT('Ctrl Pts',(1.13072778395317,0.210763619065412,0.826092292425209));
#4306=CARTESIAN_POINT('Ctrl Pts',(1.1064075155016,0.212943418006222,0.810694030542229));
#4307=CARTESIAN_POINT('Ctrl Pts',(1.0738137944823,0.215123216947033,0.80836095723823));
#4308=CARTESIAN_POINT('Ctrl Pts',(1.04755103836799,0.217303015887843,0.820144855103704));
#4309=CARTESIAN_POINT('Ctrl Pts',(1.02128828225369,0.219482814828654,0.831928752969177));
#4310=CARTESIAN_POINT('Ctrl Pts',(1.00135649104438,0.221662613769464,0.857829622004124));
#4311=CARTESIAN_POINT('Ctrl Pts',(0.996686091391989,0.223842412710275,0.886229207344139));
#4312=CARTESIAN_POINT('Ctrl Pts',(0.995914240605942,0.224202655869557,0.890922647713185));
#4313=CARTESIAN_POINT('Ctrl Pts',(0.995559213847764,0.22456289902884,0.895684333824496));
#4314=CARTESIAN_POINT('Ctrl Pts',(0.995599594472371,0.224923142188123,0.900451892029467));
#4315=CARTESIAN_POINT('Ctrl Pts',(1.03516784670184,0.25,0.997045720462314));
#4316=CARTESIAN_POINT('Ctrl Pts',(1.0034386250994,0.24782020105919,0.981123295527514));
#4317=CARTESIAN_POINT('Ctrl Pts',(0.95742100512636,0.243460603177569,0.915819934654275));
#4318=CARTESIAN_POINT('Ctrl Pts',(1.00124032748269,0.236921206355137,0.803544482169869));
#4319=CARTESIAN_POINT('Ctrl Pts',(1.11899441445512,0.230381809532706,0.778404326612072));
#4320=CARTESIAN_POINT('Ctrl Pts',(1.20497644721828,0.223842412710275,0.862581656817806));
#4321=CARTESIAN_POINT('Ctrl Pts',(1.1822254359236,0.217303015887843,0.980811233910969));
#4322=CARTESIAN_POINT('Ctrl Pts',(1.0710842797253,0.210763619065412,1.02705921928841));
#4323=CARTESIAN_POINT('Ctrl Pts',(0.971173172420296,0.204224222242981,0.959922790187344));
#4324=CARTESIAN_POINT('Ctrl Pts',(0.972015016316822,0.197684825420549,0.839544649847818));
#4325=CARTESIAN_POINT('Ctrl Pts',(1.07286096192339,0.191145428598118,0.773810472278971));
#4326=CARTESIAN_POINT('Ctrl Pts',(1.1833364264322,0.184606031775687,0.821621970096038));
#4327=CARTESIAN_POINT('Ctrl Pts',(1.20444159693645,0.178066634953256,0.940136031387781));
#4328=CARTESIAN_POINT('Ctrl Pts',(1.11726265753066,0.171527238130824,1.0231465086411));
#4329=CARTESIAN_POINT('Ctrl Pts',(0.999924251608123,0.164987841308393,0.996265246487825));
#4330=CARTESIAN_POINT('Ctrl Pts',(0.957577536582381,0.158448444485962,0.883581232812412));
#4331=CARTESIAN_POINT('Ctrl Pts',(1.02817106929488,0.15190904766353,0.786074976441783));
#4332=CARTESIAN_POINT('Ctrl Pts',(1.14844330722382,0.145369650841099,0.791125396616326));
#4333=CARTESIAN_POINT('Ctrl Pts',(1.21061382796112,0.138830254018668,0.894206661936189));
#4334=CARTESIAN_POINT('Ctrl Pts',(1.15896929608576,0.132290857196237,1.00294378244376));
#4335=CARTESIAN_POINT('Ctrl Pts',(1.03979031015426,0.125751460373805,1.01989337355883));
#4336=CARTESIAN_POINT('Ctrl Pts',(0.959877606922704,0.119212063551374,0.929866269690016));
#4337=CARTESIAN_POINT('Ctrl Pts',(0.990843944952447,0.112672666728943,0.813539121191444));
#4338=CARTESIAN_POINT('Ctrl Pts',(1.10493923176397,0.106133269906511,0.775157030914551));
#4339=CARTESIAN_POINT('Ctrl Pts',(1.19991842108303,0.09959387308408,0.849115618280711));
#4340=CARTESIAN_POINT('Ctrl Pts',(1.19066711444847,0.0930544762616487,0.969137842198798));
#4341=CARTESIAN_POINT('Ctrl Pts',(1.08547575386294,0.0865150794392175,1.02766728452093));
#4342=CARTESIAN_POINT('Ctrl Pts',(0.978610244042204,0.0799756826167861,
0.972253570487311));
#4343=CARTESIAN_POINT('Ctrl Pts',(0.965836761105988,0.0734362857943549,
0.852554909905204));
#4344=CARTESIAN_POINT('Ctrl Pts',(1.05860209508397,0.0668968889719235,0.775837919796448));
#4345=CARTESIAN_POINT('Ctrl Pts',(1.17377577640976,0.0603574921494923,0.810851202127712));
#4346=CARTESIAN_POINT('Ctrl Pts',(1.20814634866301,0.053818095327061,0.926218765631761));
#4347=CARTESIAN_POINT('Ctrl Pts',(1.13091309904655,0.0472786985046297,1.01855398499919));
#4348=CARTESIAN_POINT('Ctrl Pts',(1.01128754523461,0.0407393016821983,1.00511472456109));
#4349=CARTESIAN_POINT('Ctrl Pts',(0.956470775801459,0.0341999048597671,
0.897938574407891));
#4350=CARTESIAN_POINT('Ctrl Pts',(1.01558581689078,0.0276605080373357,0.793081808329772));
#4351=CARTESIAN_POINT('Ctrl Pts',(1.13565813155389,0.0211211112149045,0.78448692589844));
#4352=CARTESIAN_POINT('Ctrl Pts',(1.20908511254026,0.0145817143924732,0.879903485665535));
#4353=CARTESIAN_POINT('Ctrl Pts',(1.17006874276454,0.00804231757004187,
0.993729913915627));
#4354=CARTESIAN_POINT('Ctrl Pts',(1.05356798829864,0.00150292074761057,
1.02415402654127));
#4355=CARTESIAN_POINT('Ctrl Pts',(0.963991241196655,-0.00503647607482075,
0.943519563555679));
#4356=CARTESIAN_POINT('Ctrl Pts',(0.975777348364043,-0.00939607395644159,
0.864505400476125));
#4357=CARTESIAN_POINT('Ctrl Pts',(0.996975322611334,-0.011575872897252,
0.836028866152018));
#4358=CARTESIAN_POINT('Ctrl Pts',(1.03816542840744,0.253858624299084,0.991072325417396));
#4359=CARTESIAN_POINT('Ctrl Pts',(1.0083996972159,0.251678825358274,0.976135223383653));
#4360=CARTESIAN_POINT('Ctrl Pts',(0.965229772552918,0.247319227476653,0.914873011848404));
#4361=CARTESIAN_POINT('Ctrl Pts',(1.0063374362264,0.240779830654221,0.809545469309405));
#4362=CARTESIAN_POINT('Ctrl Pts',(1.11680458047106,0.23424043383179,0.78596105485943));
#4363=CARTESIAN_POINT('Ctrl Pts',(1.19746581151539,0.227701037009359,0.864929263242246));
#4364=CARTESIAN_POINT('Ctrl Pts',(1.17612269459249,0.221161640186927,0.975842472987515));
#4365=CARTESIAN_POINT('Ctrl Pts',(1.07185925500461,0.214622243364496,1.01922850741798));
#4366=CARTESIAN_POINT('Ctrl Pts',(0.978130918383139,0.208082846542065,0.956246662895552));
#4367=CARTESIAN_POINT('Ctrl Pts',(0.978920666692862,0.201543449719634,0.843317848833212));
#4368=CARTESIAN_POINT('Ctrl Pts',(1.07352599128272,0.195004052897202,0.781651480709595));
#4369=CARTESIAN_POINT('Ctrl Pts',(1.17716493399092,0.188464656074771,0.826504273183353));
#4370=CARTESIAN_POINT('Ctrl Pts',(1.19696405922168,0.18192525925234,0.93768436247232));
#4371=CARTESIAN_POINT('Ctrl Pts',(1.11517998936862,0.175385862429908,1.01555792593265));
#4372=CARTESIAN_POINT('Ctrl Pts',(1.00510280270147,0.168846465607477,0.990340149292254));
#4373=CARTESIAN_POINT('Ctrl Pts',(0.965376617417294,0.162307068785046,0.884629328438422));
#4374=CARTESIAN_POINT('Ctrl Pts',(1.03160163059002,0.155767671962614,0.793157024043813));
#4375=CARTESIAN_POINT('Ctrl Pts',(1.14443109577059,0.149228275140183,0.797894910500767));
#4376=CARTESIAN_POINT('Ctrl Pts',(1.20275433582645,0.142688878317752,0.894597227148827));
#4377=CARTESIAN_POINT('Ctrl Pts',(1.15430570785264,0.136149481495321,0.996605399304007));
#4378=CARTESIAN_POINT('Ctrl Pts',(1.04250184126659,0.129610084672889,1.01250610368494));
#4379=CARTESIAN_POINT('Ctrl Pts',(0.967534353157852,0.123070687850458,0.928050121521592));
#4380=CARTESIAN_POINT('Ctrl Pts',(0.996584410084213,0.116531291028027,0.818921612922392));
#4381=CARTESIAN_POINT('Ctrl Pts',(1.1036191706594,0.109991894205595,0.782914710639488));
#4382=CARTESIAN_POINT('Ctrl Pts',(1.19272078977524,0.103452497383164,0.852296539744253));
#4383=CARTESIAN_POINT('Ctrl Pts',(1.18404197912223,0.0969131005607327,0.96489146246));
#4384=CARTESIAN_POINT('Ctrl Pts',(1.08536014563466,0.0903737037383014,1.01979894392238));
#4385=CARTESIAN_POINT('Ctrl Pts',(0.985107763813632,0.0838343069158701,
0.967814381019549));
#4386=CARTESIAN_POINT('Ctrl Pts',(0.973124738694919,0.0772949100934388,
0.855522998661737));
#4387=CARTESIAN_POINT('Ctrl Pts',(1.06014950185112,0.0707555132710076,0.783553464268043));
#4388=CARTESIAN_POINT('Ctrl Pts',(1.16819592295906,0.0642161164485763,0.816400029590848));
#4389=CARTESIAN_POINT('Ctrl Pts',(1.20043955084911,0.057676719626145,0.924628334921264));
#4390=CARTESIAN_POINT('Ctrl Pts',(1.12798570448823,0.0511373228037137,1.01124960012722));
#4391=CARTESIAN_POINT('Ctrl Pts',(1.01576290485509,0.0445979259812823,0.998641997626724));
#4392=CARTESIAN_POINT('Ctrl Pts',(0.964338345999511,0.0380585291588511,
0.898098198740724));
#4393=CARTESIAN_POINT('Ctrl Pts',(1.01979518778686,0.0315191323364198,0.799730254143672));
#4394=CARTESIAN_POINT('Ctrl Pts',(1.13243710149628,0.0249797355139885,0.791667246381318));
#4395=CARTESIAN_POINT('Ctrl Pts',(1.2013202214679,0.0184403386915572,0.881179170273937));
#4396=CARTESIAN_POINT('Ctrl Pts',(1.16471829062429,0.0119009418691259,0.987961709985712));
#4397=CARTESIAN_POINT('Ctrl Pts',(1.05542691926654,0.00536154504669457,
1.01650309588868));
#4398=CARTESIAN_POINT('Ctrl Pts',(0.971393424570098,-0.00117785177573675,
0.940858512479829));
#4399=CARTESIAN_POINT('Ctrl Pts',(0.982450175414319,-0.00553744965735759,
0.866733960418006));
#4400=CARTESIAN_POINT('Ctrl Pts',(1.00233636144044,-0.007717248598168,0.840019631381549));
#4401=CARTESIAN_POINT('Ctrl Pts',(1.04116301011305,0.257717248598168,0.985098930372478));
#4402=CARTESIAN_POINT('Ctrl Pts',(1.0133607693324,0.255537449657357,0.971147151239793));
#4403=CARTESIAN_POINT('Ctrl Pts',(0.973038539979477,0.251177851775737,0.913926089042532));
#4404=CARTESIAN_POINT('Ctrl Pts',(1.01143454497011,0.244638454953305,0.815546456448943));
#4405=CARTESIAN_POINT('Ctrl Pts',(1.114614746487,0.238099058130874,0.793517783106788));
#4406=CARTESIAN_POINT('Ctrl Pts',(1.18995517581249,0.231559661308443,0.867276869666687));
#4407=CARTESIAN_POINT('Ctrl Pts',(1.17001995326138,0.225020264486011,0.970873712064061));
#4408=CARTESIAN_POINT('Ctrl Pts',(1.07263423028392,0.21848086766358,1.01139779554756));
#4409=CARTESIAN_POINT('Ctrl Pts',(0.985088664345985,0.211941470841149,0.952570535603761));
#4410=CARTESIAN_POINT('Ctrl Pts',(0.985826317068899,0.205402074018718,0.847091047818604));
#4411=CARTESIAN_POINT('Ctrl Pts',(1.07419102064206,0.198862677196286,0.78949248914022));
#4412=CARTESIAN_POINT('Ctrl Pts',(1.17099344154963,0.192323280373855,0.83138657627067));
#4413=CARTESIAN_POINT('Ctrl Pts',(1.1894865215069,0.185783883551424,0.935232693556858));
#4414=CARTESIAN_POINT('Ctrl Pts',(1.11309732120658,0.179244486728992,1.0079693432242));
#4415=CARTESIAN_POINT('Ctrl Pts',(1.01028135379482,0.172705089906561,0.984415052096683));
#4416=CARTESIAN_POINT('Ctrl Pts',(0.973175698252206,0.16616569308413,0.885677424064431));
#4417=CARTESIAN_POINT('Ctrl Pts',(1.03503219188517,0.159626296261698,0.800239071645845));
#4418=CARTESIAN_POINT('Ctrl Pts',(1.14041888431735,0.153086899439267,0.804664424385206));
#4419=CARTESIAN_POINT('Ctrl Pts',(1.19489484369178,0.146547502616836,0.894987792361468));
#4420=CARTESIAN_POINT('Ctrl Pts',(1.14964211961952,0.140008105794405,0.990267016164248));
#4421=CARTESIAN_POINT('Ctrl Pts',(1.04521337237892,0.133468708971973,1.00511883381106));
#4422=CARTESIAN_POINT('Ctrl Pts',(0.975191099393004,0.126929312149542,0.926233973353169));
#4423=CARTESIAN_POINT('Ctrl Pts',(1.00232487521598,0.120389915327111,0.824304104653341));
#4424=CARTESIAN_POINT('Ctrl Pts',(1.10229910955484,0.11385051850468,0.790672390364423));
#4425=CARTESIAN_POINT('Ctrl Pts',(1.18552315846744,0.107311121682248,0.855477461207793));
#4426=CARTESIAN_POINT('Ctrl Pts',(1.17741684379599,0.100771724859817,0.960645082721206));
#4427=CARTESIAN_POINT('Ctrl Pts',(1.08524453740638,0.0942323280373853,1.01193060332384));
#4428=CARTESIAN_POINT('Ctrl Pts',(0.99160528358506,0.0876929312149542,0.963375191551788));
#4429=CARTESIAN_POINT('Ctrl Pts',(0.980412716283849,0.0811535343925228,
0.858491087418269));
#4430=CARTESIAN_POINT('Ctrl Pts',(1.06169690861826,0.0746141375700916,0.791269008739639));
#4431=CARTESIAN_POINT('Ctrl Pts',(1.16261606950836,0.0680747407476602,0.82194885705398));
#4432=CARTESIAN_POINT('Ctrl Pts',(1.19273275303521,0.061535343925229,0.923037904210767));
#4433=CARTESIAN_POINT('Ctrl Pts',(1.12505830992992,0.0549959471027977,1.00394521525525));
#4434=CARTESIAN_POINT('Ctrl Pts',(1.02023826447557,0.0484565502803663,0.99216927069236));
#4435=CARTESIAN_POINT('Ctrl Pts',(0.972205916197565,0.0419171534579351,
0.898257823073557));
#4436=CARTESIAN_POINT('Ctrl Pts',(1.02400455868293,0.0353777566355037,0.806378699957572));
#4437=CARTESIAN_POINT('Ctrl Pts',(1.12921607143866,0.0288383598130725,0.798847566864195));
#4438=CARTESIAN_POINT('Ctrl Pts',(1.19355533039554,0.0222989629906412,0.882454854882337));
#4439=CARTESIAN_POINT('Ctrl Pts',(1.15936783848404,0.0157595661682099,0.982193506055797));
#4440=CARTESIAN_POINT('Ctrl Pts',(1.05728585023445,0.00922016934577857,
1.0088521652361));
#4441=CARTESIAN_POINT('Ctrl Pts',(0.978795607943541,0.00268077252334725,
0.938197461403979));
#4442=CARTESIAN_POINT('Ctrl Pts',(0.989123002464595,-0.00167882535827358,
0.868962520359888));
#4443=CARTESIAN_POINT('Ctrl Pts',(1.00769740026955,-0.003858624299084,0.844010396611079));
#4444=CARTESIAN_POINT('Ctrl Pts',(1.04416059181866,0.261575872897252,0.979125535327559));
#4445=CARTESIAN_POINT('Ctrl Pts',(1.0183218414489,0.259396073956442,0.966159079095933));
#4446=CARTESIAN_POINT('Ctrl Pts',(0.980847307406036,0.255036476074821,0.912979166236661));
#4447=CARTESIAN_POINT('Ctrl Pts',(1.01653165371381,0.248497079252389,0.82154744358848));
#4448=CARTESIAN_POINT('Ctrl Pts',(1.11242491250293,0.241957682429958,0.801074511354145));
#4449=CARTESIAN_POINT('Ctrl Pts',(1.1824445401096,0.235418285607527,0.869624476091128));
#4450=CARTESIAN_POINT('Ctrl Pts',(1.16391721193027,0.228878888785095,0.965904951140607));
#4451=CARTESIAN_POINT('Ctrl Pts',(1.07340920556323,0.222339491962664,1.00356708367714));
#4452=CARTESIAN_POINT('Ctrl Pts',(0.992046410308829,0.215800095140233,0.94889440831197));
#4453=CARTESIAN_POINT('Ctrl Pts',(0.992731967444937,0.209260698317801,0.850864246803996));
#4454=CARTESIAN_POINT('Ctrl Pts',(1.07485605000139,0.20272130149537,0.797333497570845));
#4455=CARTESIAN_POINT('Ctrl Pts',(1.16482194910834,0.196181904672939,0.836268879357985));
#4456=CARTESIAN_POINT('Ctrl Pts',(1.18200898379213,0.189642507850508,0.932781024641399));
#4457=CARTESIAN_POINT('Ctrl Pts',(1.11101465304453,0.183103111028076,1.00038076051575));
#4458=CARTESIAN_POINT('Ctrl Pts',(1.01545990488818,0.176563714205645,0.978489954901112));
#4459=CARTESIAN_POINT('Ctrl Pts',(0.980974779087119,0.170024317383214,0.886725519690441));
#4460=CARTESIAN_POINT('Ctrl Pts',(1.03846275318031,0.163484920560782,0.807321119247877));
#4461=CARTESIAN_POINT('Ctrl Pts',(1.13640667286411,0.156945523738351,0.811433938269646));
#4462=CARTESIAN_POINT('Ctrl Pts',(1.18703535155712,0.15040612691592,0.895378357574108));
#4463=CARTESIAN_POINT('Ctrl Pts',(1.1449785313864,0.143866730093489,0.98392863302449));
#4464=CARTESIAN_POINT('Ctrl Pts',(1.04792490349126,0.137327333271057,0.997731563937173));
#4465=CARTESIAN_POINT('Ctrl Pts',(0.982847845628151,0.130787936448626,0.924417825184747));
#4466=CARTESIAN_POINT('Ctrl Pts',(1.00806534034774,0.124248539626195,0.82968659638429));
#4467=CARTESIAN_POINT('Ctrl Pts',(1.10097904845027,0.117709142803763,0.798430070089358));
#4468=CARTESIAN_POINT('Ctrl Pts',(1.17832552715964,0.111169745981332,0.858658382671337));
#4469=CARTESIAN_POINT('Ctrl Pts',(1.17079170846974,0.104630349158901,0.956398702982409));
#4470=CARTESIAN_POINT('Ctrl Pts',(1.0851289291781,0.0980909523364695,1.00406226272529));
#4471=CARTESIAN_POINT('Ctrl Pts',(0.998102803356485,0.0915515555140381,
0.958936002084027));
#4472=CARTESIAN_POINT('Ctrl Pts',(0.98770069387278,0.0850121586916069,0.861459176174801));
#4473=CARTESIAN_POINT('Ctrl Pts',(1.06324431538541,0.0784727618691755,0.798984553211236));
#4474=CARTESIAN_POINT('Ctrl Pts',(1.15703621605766,0.0719333650467443,0.827497684517113));
#4475=CARTESIAN_POINT('Ctrl Pts',(1.1850259552213,0.0653939682243129,0.921447473500271));
#4476=CARTESIAN_POINT('Ctrl Pts',(1.1221309153716,0.0588545714018818,0.996640830383284));
#4477=CARTESIAN_POINT('Ctrl Pts',(1.02471362409605,0.0523151745794502,0.985696543757996));
#4478=CARTESIAN_POINT('Ctrl Pts',(0.980073486395617,0.0457757777570192,
0.898417447406389));
#4479=CARTESIAN_POINT('Ctrl Pts',(1.02821392957901,0.0392363809345877,0.813027145771473));
#4480=CARTESIAN_POINT('Ctrl Pts',(1.12599504138105,0.0326969841121565,0.806027887347073));
#4481=CARTESIAN_POINT('Ctrl Pts',(1.18579043932319,0.0261575872897252,0.883730539490737));
#4482=CARTESIAN_POINT('Ctrl Pts',(1.15401738634379,0.0196181904672939,0.976425302125884));
#4483=CARTESIAN_POINT('Ctrl Pts',(1.05914478120235,0.0130787936448626,1.00120123458352));
#4484=CARTESIAN_POINT('Ctrl Pts',(0.986197791316984,0.00653939682243126,
0.935536410328129));
#4485=CARTESIAN_POINT('Ctrl Pts',(0.995795829514872,0.00217979894081042,
0.871191080301769));
#4486=CARTESIAN_POINT('Ctrl Pts',(1.01305843909866,0.,0.84800116184061));
#4487=CARTESIAN_POINT('Ctrl Pts',(1.01305843909866,0.,0.84800116184061));
#4488=CARTESIAN_POINT('Ctrl Pts',(1.00822777857999,-6.97291689382077E-18,
0.852985214974769));
#4489=CARTESIAN_POINT('Ctrl Pts',(1.0040730366722,-1.23019879546388E-18,
0.858542934489158));
#4490=CARTESIAN_POINT('Ctrl Pts',(1.0005912099834,1.38777878078145E-17,
0.864512377435903));
#4491=CARTESIAN_POINT('Ctrl Pts',(0.998494528133222,2.29754954581274E-17,
0.868107048796872));
#4492=CARTESIAN_POINT('Ctrl Pts',(0.996642291439134,-8.7662122298562E-18,
0.871852026811905));
#4493=CARTESIAN_POINT('Ctrl Pts',(0.995039078731012,0.,0.875718591000039));
#4494=CARTESIAN_POINT('Ctrl Pts',(0.994062282032809,5.34102999464496E-18,
0.878074390148354));
#4495=CARTESIAN_POINT('Ctrl Pts',(0.99317950899111,5.49724520428724E-17,
0.88047252164673));
#4496=CARTESIAN_POINT('Ctrl Pts',(0.992394452550012,3.81639164714898E-17,
0.882896381771018));
#4497=CARTESIAN_POINT('Ctrl Pts',(0.990603216861662,-1.87528352391348E-19,
0.888426818222347));
#4498=CARTESIAN_POINT('Ctrl Pts',(0.989313729758827,-3.03671191501119E-17,
0.894104304666119));
#4499=CARTESIAN_POINT('Ctrl Pts',(0.988533316499913,-5.63785129692462E-17,
0.899850903496264));
#4500=CARTESIAN_POINT('Ctrl Pts',(0.988067125715404,-7.1916783176997E-17,
0.903283714748871));
#4501=CARTESIAN_POINT('Ctrl Pts',(0.98778286245277,-1.91934178334878E-17,
0.906741456569827));
#4502=CARTESIAN_POINT('Ctrl Pts',(0.987684884681481,-6.07153216591882E-18,
0.910208958408575));
#4503=CARTESIAN_POINT('Ctrl Pts',(0.987609752277617,3.9907380865144E-18,
0.912867946719114));
#4504=CARTESIAN_POINT('Ctrl Pts',(0.987644617234775,-4.41363506602926E-17,
0.91553272855962));
#4505=CARTESIAN_POINT('Ctrl Pts',(0.987790356209158,-5.3776427755281E-17,
0.918181786648106));
#4506=CARTESIAN_POINT('Ctrl Pts',(0.988088755505916,-7.35144027068862E-17,
0.923605710303557));
#4507=CARTESIAN_POINT('Ctrl Pts',(0.988850360263871,-1.33809677911945E-16,
0.928978448472757));
#4508=CARTESIAN_POINT('Ctrl Pts',(0.990085050180666,-1.4658413372004E-16,
0.934241793561897));
#4509=CARTESIAN_POINT('Ctrl Pts',(0.991149684128071,-1.57681961330624E-16,
0.938780209064109));
#4510=CARTESIAN_POINT('Ctrl Pts',(0.992566166812716,-1.69974955782434E-16,
0.943237544884169));
#4511=CARTESIAN_POINT('Ctrl Pts',(0.994306082150589,-1.64798730217797E-16,
0.947590846499447));
#4512=CARTESIAN_POINT('Ctrl Pts',(0.995350062049492,-1.61692903558278E-16,
0.950202904271046));
#4513=CARTESIAN_POINT('Ctrl Pts',(0.996510710902602,-1.05111018039383E-16,
0.952776656192084));
#4514=CARTESIAN_POINT('Ctrl Pts',(0.997775764518878,-1.14925430283463E-16,
0.955295159046713));
#4515=CARTESIAN_POINT('Ctrl Pts',(1.00034773622039,-1.34879043501112E-16,
0.96041550966976));
#4516=CARTESIAN_POINT('Ctrl Pts',(1.0033553051978,-1.62021467508319E-16,
0.96532093529155));
#4517=CARTESIAN_POINT('Ctrl Pts',(1.00674578849871,-2.10768902331182E-16,
0.969970698745557));
#4518=CARTESIAN_POINT('Ctrl Pts',(1.00840505149197,-2.34625328521583E-16,
0.972246238762102));
#4519=CARTESIAN_POINT('Ctrl Pts',(1.01015718587044,-1.36611576490163E-16,
0.974461601793696));
#4520=CARTESIAN_POINT('Ctrl Pts',(1.01199420881194,-1.37476835471162E-16,
0.976608186567728));
#4521=CARTESIAN_POINT('Ctrl Pts',(1.01738124864355,-1.40014193328812E-16,
0.982903011427234));
#4522=CARTESIAN_POINT('Ctrl Pts',(1.02346274217507,-4.27195510654393E-17,
0.988572006638722));
#4523=CARTESIAN_POINT('Ctrl Pts',(1.03010007741243,5.50774703622636E-17,
0.993495394427023));
#4524=CARTESIAN_POINT('Ctrl Pts',(1.03178077333212,7.98414831765817E-17,
0.994742087184117));
#4525=CARTESIAN_POINT('Ctrl Pts',(1.03349734359222,4.47828055391988E-17,
0.995940854045979));
#4526=CARTESIAN_POINT('Ctrl Pts',(1.03524797072566,4.09828421199521E-17,
0.997089449062199));
#4527=CARTESIAN_POINT('Ctrl Pts',(0.995792899505624,0.212576857811877,0.900521585509584));
#4528=CARTESIAN_POINT('Ctrl Pts',(0.995797724250201,0.211471471313852,0.885807113539736));
#4529=CARTESIAN_POINT('Ctrl Pts',(0.999306194102586,0.210366084815827,0.871090359646513));
#4530=CARTESIAN_POINT('Ctrl Pts',(1.006305055015,0.209260698317802,0.858280815516467));
#4531=CARTESIAN_POINT('Ctrl Pts',(1.02010666163042,0.207080899376991,0.833020663726279));
#4532=CARTESIAN_POINT('Ctrl Pts',(1.04748135581591,0.204901100436181,0.815177080648562));
#4533=CARTESIAN_POINT('Ctrl Pts',(1.07616301942648,0.20272130149537,0.81274451940756));
#4534=CARTESIAN_POINT('Ctrl Pts',(1.10484468303704,0.20054150255456,0.810311958166558));
#4535=CARTESIAN_POINT('Ctrl Pts',(1.13483331607269,0.198361703613749,0.823290418762272));
#4536=CARTESIAN_POINT('Ctrl Pts',(1.15269213837115,0.196181904672939,0.845865006607364));
#4537=CARTESIAN_POINT('Ctrl Pts',(1.1705509606696,0.194002105732129,0.868439594452456));
#4538=CARTESIAN_POINT('Ctrl Pts',(1.17627997223086,0.191822306791318,0.900610309546927));
#4539=CARTESIAN_POINT('Ctrl Pts',(1.16731208955356,0.189642507850508,0.927962289739888));
#4540=CARTESIAN_POINT('Ctrl Pts',(1.15834420687626,0.187462708909697,0.955314269932849));
#4541=CARTESIAN_POINT('Ctrl Pts',(1.1346794299604,0.185282909968887,0.977847515224298));
#4542=CARTESIAN_POINT('Ctrl Pts',(1.10692125014307,0.183103111028076,0.985465670267584));
#4543=CARTESIAN_POINT('Ctrl Pts',(1.07916307032575,0.180923312087266,0.99308382531087));
#4544=CARTESIAN_POINT('Ctrl Pts',(1.04731148760696,0.178743513146455,0.985786890105991));
#4545=CARTESIAN_POINT('Ctrl Pts',(1.02563817528073,0.176563714205645,0.966844349968439));
#4546=CARTESIAN_POINT('Ctrl Pts',(1.00690088583958,0.174679206518833,0.950467902660102));
#4547=CARTESIAN_POINT('Ctrl Pts',(0.995771008377444,0.172794698832022,0.925387332642235));
#4548=CARTESIAN_POINT('Ctrl Pts',(0.995576674800406,0.17091019114521,0.900458746214883));
#4549=CARTESIAN_POINT('Ctrl Pts',(1.03516784670184,0.25,0.997045720462314));
#4550=CARTESIAN_POINT('Ctrl Pts',(1.02801671218327,0.25,0.992451386755831));
#4551=CARTESIAN_POINT('Ctrl Pts',(1.02150203058594,0.25,0.98697958306954));
#4552=CARTESIAN_POINT('Ctrl Pts',(1.0157092519749,0.25,0.980802201592557));
#4553=CARTESIAN_POINT('Ctrl Pts',(1.01219181337239,0.25,0.977051227918515));
#4554=CARTESIAN_POINT('Ctrl Pts',(1.00894139589825,0.25,0.973039153870731));
#4555=CARTESIAN_POINT('Ctrl Pts',(1.00598690932619,0.25,0.968800134901041));
#4556=CARTESIAN_POINT('Ctrl Pts',(1.00441984083836,0.25,0.966551746599154));
#4557=CARTESIAN_POINT('Ctrl Pts',(1.00294189231495,0.25,0.964247683559199));
#4558=CARTESIAN_POINT('Ctrl Pts',(1.0015566106456,0.25,0.961894654689117));
#4559=CARTESIAN_POINT('Ctrl Pts',(0.997585880186557,0.25,0.9551500022389));
#4560=CARTESIAN_POINT('Ctrl Pts',(0.994371024266386,0.25,0.948000804616033));
#4561=CARTESIAN_POINT('Ctrl Pts',(0.992012854052928,0.25,0.940575483214702));
#4562=CARTESIAN_POINT('Ctrl Pts',(0.991155622970802,0.25,0.937876264870045));
#4563=CARTESIAN_POINT('Ctrl Pts',(0.990411702410644,0.25,0.935138782650505));
#4564=CARTESIAN_POINT('Ctrl Pts',(0.989788937544109,0.25,0.932374906722393));
#4565=CARTESIAN_POINT('Ctrl Pts',(0.988282097098997,0.25,0.925687438855233));
#4566=CARTESIAN_POINT('Ctrl Pts',(0.987491514195202,0.25,0.918891990085822));
#4567=CARTESIAN_POINT('Ctrl Pts',(0.987490064057151,0.25,0.912078714025956));
#4568=CARTESIAN_POINT('Ctrl Pts',(0.987489165522414,0.25,0.907857070989007));
#4569=CARTESIAN_POINT('Ctrl Pts',(0.987792088502205,0.25,0.903628538097766));
#4570=CARTESIAN_POINT('Ctrl Pts',(0.988388197121033,0.25,0.899421987491223));
#4571=CARTESIAN_POINT('Ctrl Pts',(0.988807001633345,0.25,0.896466616071237));
#4572=CARTESIAN_POINT('Ctrl Pts',(0.989371272953889,0.25,0.893521253523955));
#4573=CARTESIAN_POINT('Ctrl Pts',(0.990073271793527,0.25,0.890612698542638));
#4574=CARTESIAN_POINT('Ctrl Pts',(0.991397497069337,0.25,0.885126105396237));
#4575=CARTESIAN_POINT('Ctrl Pts',(0.993212458923662,0.25,0.879755600351313));
#4576=CARTESIAN_POINT('Ctrl Pts',(0.995490402745911,0.25,0.874572082060962));
#4577=CARTESIAN_POINT('Ctrl Pts',(0.997017648133134,0.25,0.871096796884391));
#4578=CARTESIAN_POINT('Ctrl Pts',(0.998755623853484,0.25,0.86770301139793));
#4579=CARTESIAN_POINT('Ctrl Pts',(1.00068415587945,0.25,0.864436754433917));
#4580=CARTESIAN_POINT('Ctrl Pts',(1.004199419339,0.25,0.858483130848462));
#4581=CARTESIAN_POINT('Ctrl Pts',(1.00835226954578,0.25,0.852934060708445));
#4582=CARTESIAN_POINT('Ctrl Pts',(1.01310074376177,0.25,0.847940040060561));
#4583=CARTESIAN_POINT('Origin',(-0.900000000000003,0.340665681752041,0.900000000000003));
#4584=CARTESIAN_POINT('Ctrl Pts',(-1.00807102156293,0.236499015085375,0.899918821566047));
#4585=CARTESIAN_POINT('Ctrl Pts',(-1.00812062243193,0.236138771926092,0.894064428760061));
#4586=CARTESIAN_POINT('Ctrl Pts',(-1.00504678569203,0.233598729825999,0.852836450938229));
#4587=CARTESIAN_POINT('Ctrl Pts',(-0.952050405221667,0.228878888785095,
0.783968900373451));
#4588=CARTESIAN_POINT('Ctrl Pts',(-0.831978382164543,0.222339491962664,
0.792564005925413));
#4589=CARTESIAN_POINT('Ctrl Pts',(-0.772863363527443,0.215800095140233,
0.897420488935333));
#4590=CARTESIAN_POINT('Ctrl Pts',(-0.827680085883657,0.209260698317801,
1.00459656503499));
#4591=CARTESIAN_POINT('Ctrl Pts',(-0.947305456563704,0.20272130149537,1.01803576378371));
#4592=CARTESIAN_POINT('Ctrl Pts',(-1.00410717279201,0.197911851529006,0.950127225489162));
#4593=CARTESIAN_POINT('Ctrl Pts',(-1.00809435946459,0.195282200503452,0.907410407086071));
#4594=CARTESIAN_POINT('Ctrl Pts',(-1.00802936577505,0.194832348418708,0.900090838864152));
#4595=CARTESIAN_POINT('Ctrl Pts',(-1.00808950660051,0.242667651581292,0.90009500048352));
#4596=CARTESIAN_POINT('Ctrl Pts',(-1.00785691210893,0.24075216983924,0.869014958887264));
#4597=CARTESIAN_POINT('Ctrl Pts',(-0.977607304713473,0.236656889156378,
0.802009617718473));
#4598=CARTESIAN_POINT('Ctrl Pts',(-0.864613322930771,0.230381809532706,
0.777886960525112));
#4599=CARTESIAN_POINT('Ctrl Pts',(-0.778631256044954,0.223842412710275,
0.8620633768812));
#4600=CARTESIAN_POINT('Ctrl Pts',(-0.801382277930503,0.217303015887843,
0.980293249837809));
#4601=CARTESIAN_POINT('Ctrl Pts',(-0.912523276453167,0.210763619065412,
1.02654091046868));
#4602=CARTESIAN_POINT('Ctrl Pts',(-0.995545796219589,0.205329608741006,
0.970753081496931));
#4603=CARTESIAN_POINT('Ctrl Pts',(-1.00783942906134,0.20207539735741,0.917566971989257));
#4604=CARTESIAN_POINT('Ctrl Pts',(-1.00783367110853,0.201000984914625,0.900004363730005));
#4605=CARTESIAN_POINT('Ctrl Pts',(-0.829450868076793,0.25,0.847483121904657));
#4606=CARTESIAN_POINT('Ctrl Pts',(-0.812188258493003,0.24782020105919,0.870673040365816));
#4607=CARTESIAN_POINT('Ctrl Pts',(-0.802588948897765,0.243460603177569,
0.935017194176199));
#4608=CARTESIAN_POINT('Ctrl Pts',(-0.875537807620208,0.236921206355137,
1.00068357720017));
#4609=CARTESIAN_POINT('Ctrl Pts',(-0.970409441536145,0.230381809532706,
0.975906825415052));
#4610=CARTESIAN_POINT('Ctrl Pts',(-1.00218285978466,0.223842412710275,0.883212726369565));
#4611=CARTESIAN_POINT('Ctrl Pts',(-0.942387343881904,0.217303015887843,
0.805509859146714));
#4612=CARTESIAN_POINT('Ctrl Pts',(-0.844606469549738,0.210763619065412,
0.812509299269816));
#4613=CARTESIAN_POINT('Ctrl Pts',(-0.796466044650358,0.204224222242981,
0.897899370387616));
#4614=CARTESIAN_POINT('Ctrl Pts',(-0.84110614401359,0.19768482542055,0.985178406433592));
#4615=CARTESIAN_POINT('Ctrl Pts',(-0.938523286155351,0.191145428598118,
0.996122642822008));
#4616=CARTESIAN_POINT('Ctrl Pts',(-1.00141824351785,0.184606031775687,0.920929410923561));
#4617=CARTESIAN_POINT('Ctrl Pts',(-0.973428540765712,0.178066634953256,
0.826979743601991));
#4618=CARTESIAN_POINT('Ctrl Pts',(-0.879636773492687,0.171527238130824,
0.798466658093661));
#4619=CARTESIAN_POINT('Ctrl Pts',(-0.804093257520909,0.164987841308393,
0.8609411901124));
#4620=CARTESIAN_POINT('Ctrl Pts',(-0.814495352730429,0.158448444485962,
0.958417880543729));
#4621=CARTESIAN_POINT('Ctrl Pts',(-0.901521355957689,0.15190904766353,1.00354407683347));
#4622=CARTESIAN_POINT('Ctrl Pts',(-0.987184014836912,0.145369650841099,
0.955880584600312));
#4623=CARTESIAN_POINT('Ctrl Pts',(-0.994717822886743,0.138830254018668,
0.858140401535213));
#4624=CARTESIAN_POINT('Ctrl Pts',(-0.917371452998382,0.132290857196237,
0.79791217379927));
#4625=CARTESIAN_POINT('Ctrl Pts',(-0.824457875587749,0.125751460373805,
0.829168656067805));
#4626=CARTESIAN_POINT('Ctrl Pts',(-0.799240416340151,0.119212063551374,
0.923899751630114));
#4627=CARTESIAN_POINT('Ctrl Pts',(-0.864317382669762,0.112672666728943,
0.997213387269563));
#4628=CARTESIAN_POINT('Ctrl Pts',(-0.961370874022355,0.106133269906511,
0.983410475717379));
#4629=CARTESIAN_POINT('Ctrl Pts',(-1.00342763507111,0.09959387308408,0.894860324948405));
#4630=CARTESIAN_POINT('Ctrl Pts',(-0.952799027525023,0.0930544762616488,
0.810916023490382));
#4631=CARTESIAN_POINT('Ctrl Pts',(-0.854855245746278,0.0865150794392174,
0.806803210706516));
#4632=CARTESIAN_POINT('Ctrl Pts',(-0.797367352285679,0.0799756826167861,
0.886207498592966));
#4633=CARTESIAN_POINT('Ctrl Pts',(-0.831852429994036,0.0734362857943548,
0.977971806347354));
#4634=CARTESIAN_POINT('Ctrl Pts',(-0.927407043007397,0.0668968889719235,
0.999862578106365));
#4635=CARTESIAN_POINT('Ctrl Pts',(-0.998401275135538,0.0603574921494922,
0.932262943063428));
#4636=CARTESIAN_POINT('Ctrl Pts',(-0.981214262560209,0.0538180953270609,
0.835750922834225));
#4637=CARTESIAN_POINT('Ctrl Pts',(-0.891248493286553,0.0472786985046296,
0.796815615670114));
#4638=CARTESIAN_POINT('Ctrl Pts',(-0.809124521414102,0.0407393016821983,
0.850346253038697));
#4639=CARTESIAN_POINT('Ctrl Pts',(-0.808438971446467,0.034199904859767,
0.948376343447283));
#4640=CARTESIAN_POINT('Ctrl Pts',(-0.889801646834085,0.0276605080373357,
1.00304882106413));
#4641=CARTESIAN_POINT('Ctrl Pts',(-0.980309522634033,0.0211211112149044,
0.965386957523131));
#4642=CARTESIAN_POINT('Ctrl Pts',(-0.998836859610587,0.0145817143924731,
0.869106237328036));
#4643=CARTESIAN_POINT('Ctrl Pts',(-0.928817203680436,0.00804231757004178,
0.80055702953923));
#4644=CARTESIAN_POINT('Ctrl Pts',(-0.832924444673122,0.0015029207476105,
0.821028793529303));
#4645=CARTESIAN_POINT('Ctrl Pts',(-0.797239128694741,-0.00503647607482082,
0.912462748228206));
#4646=CARTESIAN_POINT('Ctrl Pts',(-0.834714270427027,-0.00939607395644168,
0.965641039159981));
#4647=CARTESIAN_POINT('Ctrl Pts',(-0.860553020796788,-0.0115758728972521,
0.978607495391608));
#4648=CARTESIAN_POINT('Ctrl Pts',(-0.824089829247684,0.253858624299084,
0.843492356675126));
#4649=CARTESIAN_POINT('Ctrl Pts',(-0.805515431442726,0.251678825358274,
0.868444480423934));
#4650=CARTESIAN_POINT('Ctrl Pts',(-0.795186668910651,0.247319227476653,
0.937678155871225));
#4651=CARTESIAN_POINT('Ctrl Pts',(-0.873678922051838,0.240779830654221,
1.00833453692298));
#4652=CARTESIAN_POINT('Ctrl Pts',(-0.975759865272355,0.23424043383179,0.98167499615438));
#4653=CARTESIAN_POINT('Ctrl Pts',(-1.00994775020984,0.227701037009359,0.881937058996852));
#4654=CARTESIAN_POINT('Ctrl Pts',(-0.945608364328491,0.221161640186928,
0.798329539555627));
#4655=CARTESIAN_POINT('Ctrl Pts',(-0.840397107088007,0.214622243364496,
0.805860868155014));
#4656=CARTESIAN_POINT('Ctrl Pts',(-0.788598484276052,0.208082846542065,
0.897739743236855));
#4657=CARTESIAN_POINT('Ctrl Pts',(-0.836630791303612,0.201543449719633,
0.991651125967392));
#4658=CARTESIAN_POINT('Ctrl Pts',(-0.941450676291468,0.195004052897202,
1.00342701647591));
#4659=CARTESIAN_POINT('Ctrl Pts',(-1.00912503064134,0.188464656074771,0.922519839913582));
#4660=CARTESIAN_POINT('Ctrl Pts',(-0.979008386292914,0.18192525925234,0.821430923663464));
#4661=CARTESIAN_POINT('Ctrl Pts',(-0.878089368939071,0.175385862429908,
0.790751124626835));
#4662=CARTESIAN_POINT('Ctrl Pts',(-0.796805290165572,0.168846465607477,
0.857973105449727));
#4663=CARTESIAN_POINT('Ctrl Pts',(-0.807997842107896,0.162307068785046,
0.962857063810364));
#4664=CARTESIAN_POINT('Ctrl Pts',(-0.901636964018905,0.155767671962615,
1.0114124063408));
#4665=CARTESIAN_POINT('Ctrl Pts',(-0.993809140845931,0.149228275140183,
0.960126958377973));
#4666=CARTESIAN_POINT('Ctrl Pts',(-1.00191544406878,0.142688878317752,0.854959484539879));
#4667=CARTESIAN_POINT('Ctrl Pts',(-0.918691512246504,0.136149481495321,
0.790154504990003));
#4668=CARTESIAN_POINT('Ctrl Pts',(-0.81871741853084,0.129610084672889,0.823786171906956));
#4669=CARTESIAN_POINT('Ctrl Pts',(-0.791583680875379,0.123070687850458,
0.925715897243846));
#4670=CARTESIAN_POINT('Ctrl Pts',(-0.861605855372163,0.116531291028027,
1.00460064675319));
#4671=CARTESIAN_POINT('Ctrl Pts',(-0.96603445569432,0.109991894205595,0.989748849938086));
#4672=CARTESIAN_POINT('Ctrl Pts',(-1.01128711615193,0.103452497383164,0.894469760291271));
#4673=CARTESIAN_POINT('Ctrl Pts',(-0.956811233330885,0.0969131005607327,
0.804146519116617));
#4674=CARTESIAN_POINT('Ctrl Pts',(-0.851424689283184,0.0903737037383014,
0.799721173089179));
#4675=CARTESIAN_POINT('Ctrl Pts',(-0.789568282410098,0.0838343069158701,
0.885159404398497));
#4676=CARTESIAN_POINT('Ctrl Pts',(-0.826673886205445,0.0772949100934388,
0.983896895289042));
#4677=CARTESIAN_POINT('Ctrl Pts',(-0.929489708204661,0.0707555132710075,
1.00745114998824));
#4678=CARTESIAN_POINT('Ctrl Pts',(-1.00587880239143,0.0642161164485762,
0.934714608814506));
#4679=CARTESIAN_POINT('Ctrl Pts',(-0.987385746222639,0.0576767196261449,
0.830868626085413));
#4680=CARTESIAN_POINT('Ctrl Pts',(-0.890583465014411,0.0511373228037136,
0.788974619248609));
#4681=CARTESIAN_POINT('Ctrl Pts',(-0.802218880536151,0.0445979259812823,
0.846573057561819));
#4682=CARTESIAN_POINT('Ctrl Pts',(-0.801481235526443,0.038058529158851,
0.952052468844736));
#4683=CARTESIAN_POINT('Ctrl Pts',(-0.889026672488901,0.0315191323364197,
1.01087951601329));
#4684=CARTESIAN_POINT('Ctrl Pts',(-0.986412254977457,0.0249797355139884,
0.970355721966331));
#4685=CARTESIAN_POINT('Ctrl Pts',(-1.0063474869943,0.0184403386915571,0.866758615794692));
#4686=CARTESIAN_POINT('Ctrl Pts',(-0.931007027193011,0.0119009418691258,
0.793000343703571));
#4687=CARTESIAN_POINT('Ctrl Pts',(-0.827827363436418,0.0053615450466945,
0.815027760026414));
#4688=CARTESIAN_POINT('Ctrl Pts',(-0.789430315089774,-0.00117785177573682,
0.913409794284584));
#4689=CARTESIAN_POINT('Ctrl Pts',(-0.829753198310528,-0.00553744965735768,
0.970629111303841));
#4690=CARTESIAN_POINT('Ctrl Pts',(-0.857555439091181,-0.00771724859816809,
0.984580890436526));
#4691=CARTESIAN_POINT('Ctrl Pts',(-0.818728790418575,0.257717248598168,
0.839501591445596));
#4692=CARTESIAN_POINT('Ctrl Pts',(-0.79884260439245,0.255537449657357,0.866215920482053));
#4693=CARTESIAN_POINT('Ctrl Pts',(-0.787784388923538,0.251177851775737,
0.940339117566252));
#4694=CARTESIAN_POINT('Ctrl Pts',(-0.871820036483466,0.244638454953305,
1.01598549664579));
#4695=CARTESIAN_POINT('Ctrl Pts',(-0.981110289008568,0.238099058130874,
0.987443166893708));
#4696=CARTESIAN_POINT('Ctrl Pts',(-1.01771264063501,0.231559661308442,0.880661391624139));
#4697=CARTESIAN_POINT('Ctrl Pts',(-0.948829384775079,0.225020264486012,
0.791149219964538));
#4698=CARTESIAN_POINT('Ctrl Pts',(-0.836187744626275,0.21848086766358,0.799212437040214));
#4699=CARTESIAN_POINT('Ctrl Pts',(-0.780730923901748,0.211941470841149,
0.897580116086093));
#4700=CARTESIAN_POINT('Ctrl Pts',(-0.832155438593634,0.205402074018717,
0.998123845501194));
#4701=CARTESIAN_POINT('Ctrl Pts',(-0.944378066427587,0.198862677196286,
1.01073139012981));
#4702=CARTESIAN_POINT('Ctrl Pts',(-1.01683181776483,0.192323280373855,0.924110268903605));
#4703=CARTESIAN_POINT('Ctrl Pts',(-0.984588231820117,0.185783883551424,
0.815882103724938));
#4704=CARTESIAN_POINT('Ctrl Pts',(-0.876541964385454,0.179244486728992,
0.78303559116001));
#4705=CARTESIAN_POINT('Ctrl Pts',(-0.789517322810235,0.172705089906561,
0.855005020787052));
#4706=CARTESIAN_POINT('Ctrl Pts',(-0.801500331485364,0.166165693084129,
0.967296247077));
#4707=CARTESIAN_POINT('Ctrl Pts',(-0.901752572080122,0.159626296261699,
1.01928073584814));
#4708=CARTESIAN_POINT('Ctrl Pts',(-1.00043426685495,0.153086899439267,0.964373332155636));
#4709=CARTESIAN_POINT('Ctrl Pts',(-1.00911306525081,0.146547502616836,0.851778567544544));
#4710=CARTESIAN_POINT('Ctrl Pts',(-0.920011571494628,0.140008105794404,
0.782396836180738));
#4711=CARTESIAN_POINT('Ctrl Pts',(-0.81297696147393,0.133468708971973,0.818403687746103));
#4712=CARTESIAN_POINT('Ctrl Pts',(-0.783926945410605,0.126929312149542,
0.927532042857582));
#4713=CARTESIAN_POINT('Ctrl Pts',(-0.858894328074567,0.120389915327111,
1.01198790623681));
#4714=CARTESIAN_POINT('Ctrl Pts',(-0.970698037366284,0.113850518504679,
0.996087224158792));
#4715=CARTESIAN_POINT('Ctrl Pts',(-1.01914659723276,0.107311121682248,0.894079195634138));
#4716=CARTESIAN_POINT('Ctrl Pts',(-0.960823439136746,0.100771724859817,
0.797377014742852));
#4717=CARTESIAN_POINT('Ctrl Pts',(-0.847994132820091,0.0942323280373854,
0.792639135471842));
#4718=CARTESIAN_POINT('Ctrl Pts',(-0.781769212534517,0.0876929312149541,
0.884111310204025));
#4719=CARTESIAN_POINT('Ctrl Pts',(-0.821495342416853,0.0811535343925228,
0.989821984230731));
#4720=CARTESIAN_POINT('Ctrl Pts',(-0.931572373401926,0.0746141375700915,
1.01503972187011));
#4721=CARTESIAN_POINT('Ctrl Pts',(-1.01335632964732,0.0680747407476602,
0.937166274565582));
#4722=CARTESIAN_POINT('Ctrl Pts',(-0.993557229885069,0.0615353439252288,
0.825986329336601));
#4723=CARTESIAN_POINT('Ctrl Pts',(-0.889918436742268,0.0549959471027977,
0.781133622827103));
#4724=CARTESIAN_POINT('Ctrl Pts',(-0.795313239658201,0.0484565502803663,
0.842799862084941));
#4725=CARTESIAN_POINT('Ctrl Pts',(-0.794523499606419,0.041917153457935,
0.95572859424219));
#4726=CARTESIAN_POINT('Ctrl Pts',(-0.888251698143718,0.0353777566355037,
1.01871021096245));
#4727=CARTESIAN_POINT('Ctrl Pts',(-0.99251498732088,0.0288383598130724,
0.975324486409534));
#4728=CARTESIAN_POINT('Ctrl Pts',(-1.01385811437801,0.0222989629906411,
0.864410994261347));
#4729=CARTESIAN_POINT('Ctrl Pts',(-0.933196850705583,0.0157595661682098,
0.785443657867913));
#4730=CARTESIAN_POINT('Ctrl Pts',(-0.822730282199717,0.0092201693457785,
0.809026726523523));
#4731=CARTESIAN_POINT('Ctrl Pts',(-0.781621501484806,0.00268077252334718,
0.914356840340964));
#4732=CARTESIAN_POINT('Ctrl Pts',(-0.824792126194029,-0.00167882535827367,
0.975617183447701));
#4733=CARTESIAN_POINT('Ctrl Pts',(-0.854557857385574,-0.00385862429908409,
0.990554285481444));
#4734=CARTESIAN_POINT('Ctrl Pts',(-0.813367751589466,0.261575872897252,
0.835510826216065));
#4735=CARTESIAN_POINT('Ctrl Pts',(-0.792169777342174,0.259396073956442,
0.863987360540171));
#4736=CARTESIAN_POINT('Ctrl Pts',(-0.780382108936424,0.255036476074821,
0.943000079261278));
#4737=CARTESIAN_POINT('Ctrl Pts',(-0.869961150915096,0.248497079252389,
1.0236364563686));
#4738=CARTESIAN_POINT('Ctrl Pts',(-0.98646071274478,0.241957682429958,0.993211337633036));
#4739=CARTESIAN_POINT('Ctrl Pts',(-1.02547753106018,0.235418285607527,0.879385724251426));
#4740=CARTESIAN_POINT('Ctrl Pts',(-0.952050405221667,0.228878888785095,
0.783968900373451));
#4741=CARTESIAN_POINT('Ctrl Pts',(-0.831978382164543,0.222339491962664,
0.792564005925413));
#4742=CARTESIAN_POINT('Ctrl Pts',(-0.772863363527443,0.215800095140233,
0.897420488935333));
#4743=CARTESIAN_POINT('Ctrl Pts',(-0.827680085883657,0.209260698317801,
1.00459656503499));
#4744=CARTESIAN_POINT('Ctrl Pts',(-0.947305456563704,0.20272130149537,1.01803576378371));
#4745=CARTESIAN_POINT('Ctrl Pts',(-1.02453860488832,0.196181904672939,0.925700697893627));
#4746=CARTESIAN_POINT('Ctrl Pts',(-0.99016807734732,0.189642507850508,0.810333283786411));
#4747=CARTESIAN_POINT('Ctrl Pts',(-0.874994559831838,0.183103111028076,
0.775320057693184));
#4748=CARTESIAN_POINT('Ctrl Pts',(-0.782229355454897,0.176563714205645,
0.852036936124378));
#4749=CARTESIAN_POINT('Ctrl Pts',(-0.795002820862832,0.170024317383214,
0.971735430343635));
#4750=CARTESIAN_POINT('Ctrl Pts',(-0.901868180141336,0.163484920560783,
1.02714906535548));
#4751=CARTESIAN_POINT('Ctrl Pts',(-1.00705939286397,0.156945523738351,0.968619705933299));
#4752=CARTESIAN_POINT('Ctrl Pts',(-1.01631068643284,0.15040612691592,0.848597650549209));
#4753=CARTESIAN_POINT('Ctrl Pts',(-0.921331630742753,0.143866730093488,
0.774639167371473));
#4754=CARTESIAN_POINT('Ctrl Pts',(-0.80723650441702,0.137327333271057,0.813021203585252));
#4755=CARTESIAN_POINT('Ctrl Pts',(-0.776270209945834,0.130787936448626,
0.929348188471316));
#4756=CARTESIAN_POINT('Ctrl Pts',(-0.856182800776968,0.124248539626195,
1.01937516572044));
#4757=CARTESIAN_POINT('Ctrl Pts',(-0.97536161903825,0.117709142803763,1.0024255983795));
#4758=CARTESIAN_POINT('Ctrl Pts',(-1.02700607831358,0.111169745981332,0.893688630977005));
#4759=CARTESIAN_POINT('Ctrl Pts',(-0.964835644942607,0.104630349158901,
0.790607510369087));
#4760=CARTESIAN_POINT('Ctrl Pts',(-0.844563576356998,0.0980909523364694,
0.785557097854505));
#4761=CARTESIAN_POINT('Ctrl Pts',(-0.773970142658934,0.0915515555140381,
0.883063216009555));
#4762=CARTESIAN_POINT('Ctrl Pts',(-0.816316798628264,0.0850121586916069,
0.995747073172417));
#4763=CARTESIAN_POINT('Ctrl Pts',(-0.933655038599189,0.0784727618691755,
1.02262829375199));
#4764=CARTESIAN_POINT('Ctrl Pts',(-1.02083385690322,0.0719333650467442,
0.93961794031666));
#4765=CARTESIAN_POINT('Ctrl Pts',(-0.999728713547499,0.0653939682243129,
0.821104032587789));
#4766=CARTESIAN_POINT('Ctrl Pts',(-0.889253408470126,0.0588545714018817,
0.773292626405598));
#4767=CARTESIAN_POINT('Ctrl Pts',(-0.788407598780251,0.0523151745794503,
0.839026666608063));
#4768=CARTESIAN_POINT('Ctrl Pts',(-0.787565763686393,0.045775777757019,
0.959404719639643));
#4769=CARTESIAN_POINT('Ctrl Pts',(-0.887476723798536,0.0392363809345877,
1.02654090591161));
#4770=CARTESIAN_POINT('Ctrl Pts',(-0.998617719664304,0.0326969841121564,
0.980293250852735));
#4771=CARTESIAN_POINT('Ctrl Pts',(-1.02136874176172,0.0261575872897251,
0.862063372728003));
#4772=CARTESIAN_POINT('Ctrl Pts',(-0.935386674218158,0.0196181904672938,
0.777886972032254));
#4773=CARTESIAN_POINT('Ctrl Pts',(-0.817633200963015,0.0130787936448625,
0.803025693020633));
#4774=CARTESIAN_POINT('Ctrl Pts',(-0.773812687879839,0.00653939682243118,
0.915303886397342));
#4775=CARTESIAN_POINT('Ctrl Pts',(-0.81983105407753,0.00217979894081033,
0.980605255591562));
#4776=CARTESIAN_POINT('Ctrl Pts',(-0.851560275679967,-8.74191357972564E-17,
0.996527680526362));
#4777=CARTESIAN_POINT('Ctrl Pts',(-0.851560275679967,-8.67361737988404E-17,
0.996527680526362));
#4778=CARTESIAN_POINT('Ctrl Pts',(-0.844409141161394,-9.07060651948789E-17,
0.991933346819879));
#4779=CARTESIAN_POINT('Ctrl Pts',(-0.837894438488903,-1.02653717730265E-16,
0.986461599380602));
#4780=CARTESIAN_POINT('Ctrl Pts',(-0.83210162824923,-1.2490009027033E-16,
0.980284303307468));
#4781=CARTESIAN_POINT('Ctrl Pts',(-0.828582963523887,-1.3841296624674E-16,
0.976532094467331));
#4782=CARTESIAN_POINT('Ctrl Pts',(-0.825331498801227,-1.64777374228523E-16,
0.97251861690958));
#4783=CARTESIAN_POINT('Ctrl Pts',(-0.82237617741647,-1.85615411929518E-16,
0.968278055096695));
#4784=CARTESIAN_POINT('Ctrl Pts',(-0.820809943301862,-1.96658963976728E-16,
0.966030681051117));
#4785=CARTESIAN_POINT('Ctrl Pts',(-0.819332761680352,-8.71818854370099E-17,
0.963727711661273));
#4786=CARTESIAN_POINT('Ctrl Pts',(-0.817948152618628,-1.02348685082632E-16,
0.961375813248741));
#4787=CARTESIAN_POINT('Ctrl Pts',(-0.813977505399926,-1.45842558186829E-16,
0.954631267695376));
#4788=CARTESIAN_POINT('Ctrl Pts',(-0.810762726028443,-1.28057198304495E-16,
0.947482193188767));
#4789=CARTESIAN_POINT('Ctrl Pts',(-0.808404635150796,-1.57859836313889E-16,
0.940056985618434));
#4790=CARTESIAN_POINT('Ctrl Pts',(-0.807547457127992,-1.68693246750012E-16,
0.937357884916092));
#4791=CARTESIAN_POINT('Ctrl Pts',(-0.806803583183361,-2.07160651424521E-16,
0.934620519312997));
#4792=CARTESIAN_POINT('Ctrl Pts',(-0.806180859688969,-2.04697370165263E-16,
0.931856763429658));
#4793=CARTESIAN_POINT('Ctrl Pts',(-0.80467413553313,-1.98737284494222E-16,
0.925169657855885));
#4794=CARTESIAN_POINT('Ctrl Pts',(-0.803883614789882,-2.41764678410322E-16,
0.918374562492615));
#4795=CARTESIAN_POINT('Ctrl Pts',(-0.803882169703813,-2.95770352654046E-16,
0.911561602283747));
#4796=CARTESIAN_POINT('Ctrl Pts',(-0.803881274243444,-3.29197760621412E-16,
0.907339891209683));
#4797=CARTESIAN_POINT('Ctrl Pts',(-0.804184216159345,-2.148383956594E-16,
0.903111274933325));
#4798=CARTESIAN_POINT('Ctrl Pts',(-0.804780357689215,-2.09901540593194E-16,
0.898904630402344));
#4799=CARTESIAN_POINT('Ctrl Pts',(-0.805199167839977,-2.0643322826975E-16,
0.895949316367095));
#4800=CARTESIAN_POINT('Ctrl Pts',(-0.805763439540071,-2.32504431427079E-16,
0.893004005382186));
#4801=CARTESIAN_POINT('Ctrl Pts',(-0.806465433423225,-2.38090797077817E-16,
0.890095495659943));
#4802=CARTESIAN_POINT('Ctrl Pts',(-0.807789665541318,-2.48628844481997E-16,
0.88460892080166));
#4803=CARTESIAN_POINT('Ctrl Pts',(-0.809604627376103,-2.27116187944674E-16,
0.879238415025132));
#4804=CARTESIAN_POINT('Ctrl Pts',(-0.81188256181481,-2.10335221462188E-16,
0.87405488252403));
#4805=CARTESIAN_POINT('Ctrl Pts',(-0.81340984375101,-1.99084121981368E-16,
0.870579490335336));
#4806=CARTESIAN_POINT('Ctrl Pts',(-0.815147863716097,-2.89653447782151E-16,
0.86718559603744));
#4807=CARTESIAN_POINT('Ctrl Pts',(-0.817076445730419,-2.39391839684799E-16,
0.863919233325972));
#4808=CARTESIAN_POINT('Ctrl Pts',(-0.82059176300549,-1.47777639248719E-16,
0.857965480163801));
#4809=CARTESIAN_POINT('Ctrl Pts',(-0.824744672438037,7.53478219745629E-17,
0.85241628169514));
#4810=CARTESIAN_POINT('Ctrl Pts',(-0.829493203787144,6.37510877421477E-17,
0.847422152445864));
#4811=CARTESIAN_POINT('Ctrl Pts',(-0.829450868076793,0.25,0.847483121904657));
#4812=CARTESIAN_POINT('Ctrl Pts',(-0.824620129942073,0.25,0.852467255119477));
#4813=CARTESIAN_POINT('Ctrl Pts',(-0.820465296278614,0.25,0.85802503991933));
#4814=CARTESIAN_POINT('Ctrl Pts',(-0.816983380342328,0.25,0.863994540874884));
#4815=CARTESIAN_POINT('Ctrl Pts',(-0.814886636211915,0.25,0.867589261804131));
#4816=CARTESIAN_POINT('Ctrl Pts',(-0.813034340100654,0.25,0.87133428797663));
#4817=CARTESIAN_POINT('Ctrl Pts',(-0.811431074564835,0.25,0.875200900266877));
#4818=CARTESIAN_POINT('Ctrl Pts',(-0.810454225419164,0.25,0.877556777585999));
#4819=CARTESIAN_POINT('Ctrl Pts',(-0.809571407241374,0.25,0.879954986565189));
#4820=CARTESIAN_POINT('Ctrl Pts',(-0.808786312842989,0.25,0.882378925486427));
#4821=CARTESIAN_POINT('Ctrl Pts',(-0.806995017979775,0.25,0.88790945703434));
#4822=CARTESIAN_POINT('Ctrl Pts',(-0.805705494531824,0.25,0.893587038672101));
#4823=CARTESIAN_POINT('Ctrl Pts',(-0.804925077753766,0.25,0.899333735194371));
#4824=CARTESIAN_POINT('Ctrl Pts',(-0.804458817857768,0.25,0.902767098235949));
#4825=CARTESIAN_POINT('Ctrl Pts',(-0.804174549467491,0.25,0.906225399898917));
#4826=CARTESIAN_POINT('Ctrl Pts',(-0.804076635042952,0.25,0.909693463653451));
#4827=CARTESIAN_POINT('Ctrl Pts',(-0.804001581028219,0.25,0.912351826906407));
#4828=CARTESIAN_POINT('Ctrl Pts',(-0.804036477429721,0.25,0.915015973461901));
#4829=CARTESIAN_POINT('Ctrl Pts',(-0.804182200257143,0.25,0.917664404986977));
#4830=CARTESIAN_POINT('Ctrl Pts',(-0.804480610954145,0.25,0.92308785381336));
#4831=CARTESIAN_POINT('Ctrl Pts',(-0.805242167573864,0.25,0.928460131801049));
#4832=CARTESIAN_POINT('Ctrl Pts',(-0.806476754394515,0.25,0.93372305110768));
#4833=CARTESIAN_POINT('Ctrl Pts',(-0.807541365825605,0.25,0.938261382443332));
#4834=CARTESIAN_POINT('Ctrl Pts',(-0.808957828879539,0.25,0.942718649462375));
#4835=CARTESIAN_POINT('Ctrl Pts',(-0.810697725407488,0.25,0.947071895840919));
#4836=CARTESIAN_POINT('Ctrl Pts',(-0.811741717476588,0.25,0.949683979157964));
#4837=CARTESIAN_POINT('Ctrl Pts',(-0.812902384282424,0.25,0.952257760382659));
#4838=CARTESIAN_POINT('Ctrl Pts',(-0.814167460422006,0.25,0.954776294743795));
#4839=CARTESIAN_POINT('Ctrl Pts',(-0.816739423802099,0.25,0.959896601692658));
#4840=CARTESIAN_POINT('Ctrl Pts',(-0.819746985123699,0.25,0.964802002184533));
#4841=CARTESIAN_POINT('Ctrl Pts',(-0.823137457512189,0.25,0.969451755721952));
#4842=CARTESIAN_POINT('Ctrl Pts',(-0.824796730394562,0.25,0.971727311771472));
#4843=CARTESIAN_POINT('Ctrl Pts',(-0.826548875097235,0.25,0.973942692835853));
#4844=CARTESIAN_POINT('Ctrl Pts',(-0.828385909763551,0.25,0.976089298982145));
#4845=CARTESIAN_POINT('Ctrl Pts',(-0.833773006699691,0.25,0.982384213066142));
#4846=CARTESIAN_POINT('Ctrl Pts',(-0.839854566154504,0.25,0.988053309290064));
#4847=CARTESIAN_POINT('Ctrl Pts',(-0.846491959104787,0.25,0.992976796479318));
#4848=CARTESIAN_POINT('Ctrl Pts',(-0.848172815354303,0.25,0.994223622495716));
#4849=CARTESIAN_POINT('Ctrl Pts',(-0.849889551641308,0.25,0.995422514213005));
#4850=CARTESIAN_POINT('Ctrl Pts',(-0.851640349760727,0.25,0.996571224883415));
#4851=CARTESIAN_POINT('Ctrl Pts',(-0.987973914073291,0.183256475521456,
0.900073974797242));
#4852=CARTESIAN_POINT('Ctrl Pts',(-0.98802684180473,0.1837063276062,0.906034678733518));
#4853=CARTESIAN_POINT('Ctrl Pts',(-0.987471385019132,0.184156179690943,
0.911985578099319));
#4854=CARTESIAN_POINT('Ctrl Pts',(-0.98627080016541,0.184606031775687,0.917803338353041));
#4855=CARTESIAN_POINT('Ctrl Pts',(-0.98045325773035,0.186785830716497,0.945993821556377));
#4856=CARTESIAN_POINT('Ctrl Pts',(-0.95948827194285,0.188965629657308,0.971058232189193));
#4857=CARTESIAN_POINT('Ctrl Pts',(-0.93276958869214,0.191145428598118,0.981766398107531));
#4858=CARTESIAN_POINT('Ctrl Pts',(-0.906050905441431,0.193325227538929,
0.99247456402587));
#4859=CARTESIAN_POINT('Ctrl Pts',(-0.87357852472751,0.195505026479739,0.988826485229731));
#4860=CARTESIAN_POINT('Ctrl Pts',(-0.849902317810011,0.197684825420549,
0.972455939823999));
#4861=CARTESIAN_POINT('Ctrl Pts',(-0.826226110892512,0.19986462436136,0.956085394418267));
#4862=CARTESIAN_POINT('Ctrl Pts',(-0.811346077771435,0.20204442330217,0.926992382402941));
#4863=CARTESIAN_POINT('Ctrl Pts',(-0.811929465360793,0.204224222242981,
0.898214197875645));
#4864=CARTESIAN_POINT('Ctrl Pts',(-0.812512852950151,0.206404021183791,
0.869436013348349));
#4865=CARTESIAN_POINT('Ctrl Pts',(-0.828559661249944,0.208583820124602,
0.840972656309083));
#4866=CARTESIAN_POINT('Ctrl Pts',(-0.852879877788535,0.210763619065412,
0.825574404435599));
#4867=CARTESIAN_POINT('Ctrl Pts',(-0.877200094327127,0.212943418006223,
0.810176152562115));
#4868=CARTESIAN_POINT('Ctrl Pts',(-0.909793719104516,0.215123216947033,
0.807843005854415));
#4869=CARTESIAN_POINT('Ctrl Pts',(-0.936056450810336,0.217303015887843,
0.81962691037104));
#4870=CARTESIAN_POINT('Ctrl Pts',(-0.962319182516156,0.219482814828654,
0.831410814887665));
#4871=CARTESIAN_POINT('Ctrl Pts',(-0.982251021150407,0.221662613769464,
0.857311770628615));
#4872=CARTESIAN_POINT('Ctrl Pts',(-0.986921370759448,0.223842412710275,
0.885711265006671));
#4873=CARTESIAN_POINT('Ctrl Pts',(-0.987693213275111,0.224202655869557,
0.890404690342944));
#4874=CARTESIAN_POINT('Ctrl Pts',(-0.988048229100819,0.22456289902884,0.895166356568957));
#4875=CARTESIAN_POINT('Ctrl Pts',(-0.988007836541295,0.224923142188123,
0.899933892191979));
#4876=CARTESIAN_POINT('Ctrl Pts',(-0.948439724320038,0.25,0.996527680526363));
#4877=CARTESIAN_POINT('Ctrl Pts',(-0.980168945922475,0.24782020105919,0.980605255591563));
#4878=CARTESIAN_POINT('Ctrl Pts',(-1.02618729966189,0.243460603177569,0.915303853192798));
#4879=CARTESIAN_POINT('Ctrl Pts',(-0.982366806509874,0.236921206355137,
0.803025705729838));
#4880=CARTESIAN_POINT('Ctrl Pts',(-0.864613322930771,0.230381809532706,
0.777886960525112));
#4881=CARTESIAN_POINT('Ctrl Pts',(-0.778631256044954,0.223842412710275,
0.8620633768812));
#4882=CARTESIAN_POINT('Ctrl Pts',(-0.801382277930503,0.217303015887843,
0.980293249837809));
#4883=CARTESIAN_POINT('Ctrl Pts',(-0.912523276453167,0.210763619065412,
1.02654091046868));
#4884=CARTESIAN_POINT('Ctrl Pts',(-1.01243423899079,0.204224222242981,0.959404720117759));
#4885=CARTESIAN_POINT('Ctrl Pts',(-1.01159240375151,0.19768482542055,0.839026665688263));
#4886=CARTESIAN_POINT('Ctrl Pts',(-0.910746591820289,0.191145428598118,
0.773292623195037));
#4887=CARTESIAN_POINT('Ctrl Pts',(-0.800271284111586,0.184606031775687,
0.821104030902964));
#4888=CARTESIAN_POINT('Ctrl Pts',(-0.779166140308753,0.178066634953256,
0.939617941157465));
#4889=CARTESIAN_POINT('Ctrl Pts',(-0.866344960610182,0.171527238130824,
1.02262829663995));
#4890=CARTESIAN_POINT('Ctrl Pts',(-0.983683203319344,0.164987841308393,
0.995747075372054));
#4891=CARTESIAN_POINT('Ctrl Pts',(-1.02602986026277,0.158448444485962,0.883063215628382));
#4892=CARTESIAN_POINT('Ctrl Pts',(-0.955436424931296,0.15190904766353,0.785557095192302));
#4893=CARTESIAN_POINT('Ctrl Pts',(-0.835164353551767,0.145369650841099,
0.790607507833659));
#4894=CARTESIAN_POINT('Ctrl Pts',(-0.772993918739461,0.138830254018668,
0.893688630828828));
#4895=CARTESIAN_POINT('Ctrl Pts',(-0.824638379212527,0.132290857196237,
1.00242560075738));
#4896=CARTESIAN_POINT('Ctrl Pts',(-0.943817200240057,0.125751460373805,
1.01937516849049));
#4897=CARTESIAN_POINT('Ctrl Pts',(-1.02372979292558,0.119212063551374,0.929348189152405));
#4898=CARTESIAN_POINT('Ctrl Pts',(-0.99276349773576,0.112672666728943,0.813021201567063));
#4899=CARTESIAN_POINT('Ctrl Pts',(-0.878668368762334,0.106133269906511,
0.774639164461292));
#4900=CARTESIAN_POINT('Ctrl Pts',(-0.783689310867595,0.09959387308408,0.848597649358047));
#4901=CARTESIAN_POINT('Ctrl Pts',(-0.792940604652078,0.0930544762616488,
0.968619707522411));
#4902=CARTESIAN_POINT('Ctrl Pts',(-0.898131819814053,0.0865150794392174,
1.02714906831267));
#4903=CARTESIAN_POINT('Ctrl Pts',(-1.00499718157643,0.0799756826167861,
0.971735431996409));
#4904=CARTESIAN_POINT('Ctrl Pts',(-1.01777064727314,0.0734362857943549,
0.852036935033785));
#4905=CARTESIAN_POINT('Ctrl Pts',(-0.925005440758815,0.0668968889719235,
0.775320054757787));
#4906=CARTESIAN_POINT('Ctrl Pts',(-0.80983192053929,0.0603574921494922,
0.810333281783));
#4907=CARTESIAN_POINT('Ctrl Pts',(-0.775461392263448,0.0538180953270609,
0.925700698347602));
#4908=CARTESIAN_POINT('Ctrl Pts',(-0.852694542253832,0.0472786985046297,
1.01803576678267));
#4909=CARTESIAN_POINT('Ctrl Pts',(-0.972319915965286,0.0407393016821983,
1.00459656699388));
#4910=CARTESIAN_POINT('Ctrl Pts',(-1.02713663907927,0.0341999048597671,
0.897420489710535));
#4911=CARTESIAN_POINT('Ctrl Pts',(-0.968021620107035,0.0276605080373357,
0.792564001966853));
#4912=CARTESIAN_POINT('Ctrl Pts',(-0.847949592173545,0.0211211112149045,
0.783968900200023));
#4913=CARTESIAN_POINT('Ctrl Pts',(-0.774522468845443,0.0145817143924732,
0.87938571955559));
#4914=CARTESIAN_POINT('Ctrl Pts',(-0.813539279539748,0.00804231757004186,
0.993211346633832));
#4915=CARTESIAN_POINT('Ctrl Pts',(-0.930038861469699,0.00150292074761057,
1.02363644836955));
#4916=CARTESIAN_POINT('Ctrl Pts',(-1.01961786501955,-0.00503647607482076,
0.94300010333324));
#4917=CARTESIAN_POINT('Ctrl Pts',(-1.00783022265783,-0.00939607395644159,
0.863987360540174));
#4918=CARTESIAN_POINT('Ctrl Pts',(-0.986632248410542,-0.011575872897252,
0.835510826216067));
#4919=CARTESIAN_POINT('Ctrl Pts',(-0.945442142614431,0.253858624299084,
0.990554285481445));
#4920=CARTESIAN_POINT('Ctrl Pts',(-0.975207873805976,0.251678825358274,
0.975617183447702));
#4921=CARTESIAN_POINT('Ctrl Pts',(-1.01837848682787,0.247319227476653,0.914356809191207));
#4922=CARTESIAN_POINT('Ctrl Pts',(-0.977269724810728,0.240779830654221,
0.809026738446249));
#4923=CARTESIAN_POINT('Ctrl Pts',(-0.866803146619777,0.23424043383179,0.785443647072864));
#4924=CARTESIAN_POINT('Ctrl Pts',(-0.786141883564395,0.227701037009358,
0.864410998157532));
#4925=CARTESIAN_POINT('Ctrl Pts',(-0.807485010422766,0.221161640186928,
0.975324485457415));
#4926=CARTESIAN_POINT('Ctrl Pts',(-0.911748302092408,0.214622243364496,
1.01871021523752));
#4927=CARTESIAN_POINT('Ctrl Pts',(-1.00547650290509,0.208082846542065,0.95572859469072));
#4928=CARTESIAN_POINT('Ctrl Pts',(-1.00468676271689,0.201543449719633,0.84279986122206));
#4929=CARTESIAN_POINT('Ctrl Pts',(-0.910081563530175,0.195004052897202,
0.781133619815221));
#4930=CARTESIAN_POINT('Ctrl Pts',(-0.806442767918879,0.188464656074771,
0.825986327756036));
#4931=CARTESIAN_POINT('Ctrl Pts',(-0.786643667737178,0.18192525925234,0.937166275354358));
#4932=CARTESIAN_POINT('Ctrl Pts',(-0.868427625856373,0.175385862429908,
1.01503972457936));
#4933=CARTESIAN_POINT('Ctrl Pts',(-0.978504659410231,0.168846465607477,
0.989821986294248));
#4934=CARTESIAN_POINT('Ctrl Pts',(-1.01823079020639,0.162307068785045,0.88411130984644));
#4935=CARTESIAN_POINT('Ctrl Pts',(-0.952005868388479,0.155767671962615,
0.792639132974384));
#4936=CARTESIAN_POINT('Ctrl Pts',(-0.839176559450802,0.149228275140183,
0.797377012364323));
#4937=CARTESIAN_POINT('Ctrl Pts',(-0.780853400002652,0.142688878317752,
0.894079195495132));
#4938=CARTESIAN_POINT('Ctrl Pts',(-0.82930196099274,0.136149481495321,0.996087226389519));
#4939=CARTESIAN_POINT('Ctrl Pts',(-0.941105672879523,0.129610084672889,
1.01198790883545));
#4940=CARTESIAN_POINT('Ctrl Pts',(-1.01607305728312,0.123070687850458,0.927532043496523));
#4941=CARTESIAN_POINT('Ctrl Pts',(-0.98702304054563,0.116531291028027,0.818403685852805));
#4942=CARTESIAN_POINT('Ctrl Pts',(-0.879988428041085,0.109991894205595,
0.782396833450648));
#4943=CARTESIAN_POINT('Ctrl Pts',(-0.790886932216684,0.103452497383164,
0.851778566427093));
#4944=CARTESIAN_POINT('Ctrl Pts',(-0.799565730814812,0.0969131005607328,
0.96437333364641));
#4945=CARTESIAN_POINT('Ctrl Pts',(-0.898247427878031,0.0903737037383015,
1.01928073862234));
#4946=CARTESIAN_POINT('Ctrl Pts',(-0.99849967080295,0.0838343069158701,
0.967296248627495));
#4947=CARTESIAN_POINT('Ctrl Pts',(-1.01048267974899,0.0772949100934389,
0.855005019763948));
#4948=CARTESIAN_POINT('Ctrl Pts',(-0.923458036168648,0.0707555132710075,
0.783035588406263));
#4949=CARTESIAN_POINT('Ctrl Pts',(-0.815411766197275,0.0642161164485763,
0.815882101845503));
#4950=CARTESIAN_POINT('Ctrl Pts',(-0.783168179563196,0.0576767196261449,
0.924110269329488));
#4951=CARTESIAN_POINT('Ctrl Pts',(-0.855621932463124,0.0511373228037137,
1.01073139294319));
#4952=CARTESIAN_POINT('Ctrl Pts',(-0.967844563140891,0.0445979259812823,
0.998123847338858));
#4953=CARTESIAN_POINT('Ctrl Pts',(-1.01926907854366,0.0380585291588511,
0.897580116813325));
#4954=CARTESIAN_POINT('Ctrl Pts',(-0.963812257504732,0.0315191323364197,
0.799212433326619));
#4955=CARTESIAN_POINT('Ctrl Pts',(-0.851170612781324,0.0249797355139885,
0.791149219801844));
#4956=CARTESIAN_POINT('Ctrl Pts',(-0.782287359276458,0.0184403386915572,
0.880661387218893));
#4957=CARTESIAN_POINT('Ctrl Pts',(-0.818889703753416,0.0119009418691259,
0.987443175337512));
#4958=CARTESIAN_POINT('Ctrl Pts',(-0.928179975134923,0.00536154504669457,
1.01598548914174));
#4959=CARTESIAN_POINT('Ctrl Pts',(-1.01221558664412,-0.00117785177573675,
0.940339140148575));
#4960=CARTESIAN_POINT('Ctrl Pts',(-1.00115739560756,-0.00553744965735759,
0.866215920482055));
#4961=CARTESIAN_POINT('Ctrl Pts',(-0.981271209581433,-0.007717248598168,
0.839501591445598));
#4962=CARTESIAN_POINT('Ctrl Pts',(-0.942444560908824,0.257717248598168,
0.984580890436526));
#4963=CARTESIAN_POINT('Ctrl Pts',(-0.970246801689478,0.255537449657357,
0.970629111303842));
#4964=CARTESIAN_POINT('Ctrl Pts',(-1.01056967399386,0.251177851775737,0.913409765189616));
#4965=CARTESIAN_POINT('Ctrl Pts',(-0.972172643111585,0.244638454953305,
0.815027771162658));
#4966=CARTESIAN_POINT('Ctrl Pts',(-0.868992970308784,0.238099058130874,
0.793000333620616));
#4967=CARTESIAN_POINT('Ctrl Pts',(-0.793652511083835,0.231559661308443,
0.866758619433866));
#4968=CARTESIAN_POINT('Ctrl Pts',(-0.81358774291503,0.225020264486011,0.97035572107702));
#4969=CARTESIAN_POINT('Ctrl Pts',(-0.910973327731649,0.21848086766358,1.01087952000635));
#4970=CARTESIAN_POINT('Ctrl Pts',(-0.998518766819396,0.211941470841149,
0.95205246926368));
#4971=CARTESIAN_POINT('Ctrl Pts',(-0.997781121682262,0.205402074018717,
0.846573056755858));
#4972=CARTESIAN_POINT('Ctrl Pts',(-0.909416535240063,0.198862677196286,
0.788974616435405));
#4973=CARTESIAN_POINT('Ctrl Pts',(-0.81261425172617,0.192323280373855,0.83086862460911));
#4974=CARTESIAN_POINT('Ctrl Pts',(-0.794121195165603,0.185783883551424,
0.934714609551249));
#4975=CARTESIAN_POINT('Ctrl Pts',(-0.870510291102564,0.179244486728992,
1.00745115251877));
#4976=CARTESIAN_POINT('Ctrl Pts',(-0.973326115501117,0.172705089906561,
0.98389689721644));
#4977=CARTESIAN_POINT('Ctrl Pts',(-1.01043172015,0.16616569308413,0.885159404064499));
#4978=CARTESIAN_POINT('Ctrl Pts',(-0.948575311845664,0.159626296261699,
0.799721170756466));
#4979=CARTESIAN_POINT('Ctrl Pts',(-0.843188765349836,0.153086899439267,
0.804146516894987));
#4980=CARTESIAN_POINT('Ctrl Pts',(-0.788712881265843,0.146547502616836,
0.894469760161433));
#4981=CARTESIAN_POINT('Ctrl Pts',(-0.833965542772953,0.140008105794405,
0.989748852021663));
#4982=CARTESIAN_POINT('Ctrl Pts',(-0.938394145518989,0.133468708971973,
1.0046006491804));
#4983=CARTESIAN_POINT('Ctrl Pts',(-1.00841632164065,0.126929312149542,0.92571589784064));
#4984=CARTESIAN_POINT('Ctrl Pts',(-0.981282583355501,0.120389915327111,
0.823786170138548));
#4985=CARTESIAN_POINT('Ctrl Pts',(-0.881308487319836,0.113850518504679,
0.790154502440003));
#4986=CARTESIAN_POINT('Ctrl Pts',(-0.798084553565773,0.107311121682248,
0.85495948349614));
#4987=CARTESIAN_POINT('Ctrl Pts',(-0.806190856977546,0.100771724859817,
0.960126959770411));
#4988=CARTESIAN_POINT('Ctrl Pts',(-0.898363035942006,0.0942323280373855,
1.011412408932));
#4989=CARTESIAN_POINT('Ctrl Pts',(-0.992002160029471,0.0876929312149541,
0.962857065258582));
#4990=CARTESIAN_POINT('Ctrl Pts',(-1.00319471222483,0.0811535343925229,
0.857973104494111));
#4991=CARTESIAN_POINT('Ctrl Pts',(-0.921910631578481,0.0746141375700914,
0.79075112205474));
#4992=CARTESIAN_POINT('Ctrl Pts',(-0.820991611855261,0.0680747407476603,
0.821430921908005));
#4993=CARTESIAN_POINT('Ctrl Pts',(-0.790874966862941,0.0615353439252289,
0.922519840311373));
#4994=CARTESIAN_POINT('Ctrl Pts',(-0.858549322672418,0.0549959471027977,
1.0034270191037));
#4995=CARTESIAN_POINT('Ctrl Pts',(-0.963369210316495,0.0484565502803663,
0.991651127683837));
#4996=CARTESIAN_POINT('Ctrl Pts',(-1.01140151800804,0.0419171534579351,
0.897739743916113));
#4997=CARTESIAN_POINT('Ctrl Pts',(-0.95960289490243,0.0353777566355038,
0.805860864686388));
#4998=CARTESIAN_POINT('Ctrl Pts',(-0.854391633389104,0.0288383598130725,
0.798329539403663));
#4999=CARTESIAN_POINT('Ctrl Pts',(-0.790052249707473,0.0222989629906412,
0.881937054882197));
#5000=CARTESIAN_POINT('Ctrl Pts',(-0.824240127967082,0.0157595661682099,
0.98167500404119));
#5001=CARTESIAN_POINT('Ctrl Pts',(-0.926321088800148,0.00922016934577858,
1.00833452991393));
#5002=CARTESIAN_POINT('Ctrl Pts',(-1.00481330826868,0.00268077252334725,
0.937678176963911));
#5003=CARTESIAN_POINT('Ctrl Pts',(-0.994484568557281,-0.00167882535827358,
0.868444480423937));
#5004=CARTESIAN_POINT('Ctrl Pts',(-0.975910170752324,-0.003858624299084,
0.843492356675129));
#5005=CARTESIAN_POINT('Ctrl Pts',(-0.939446979203217,0.261575872897252,
0.978607495391608));
#5006=CARTESIAN_POINT('Ctrl Pts',(-0.965285729572979,0.259396073956442,
0.965641039159982));
#5007=CARTESIAN_POINT('Ctrl Pts',(-1.00276086115984,0.255036476074821,0.912462721188024));
#5008=CARTESIAN_POINT('Ctrl Pts',(-0.967075561412439,0.248497079252389,
0.821028803879069));
#5009=CARTESIAN_POINT('Ctrl Pts',(-0.871182793997791,0.241957682429958,
0.800557020168367));
#5010=CARTESIAN_POINT('Ctrl Pts',(-0.801163138603275,0.235418285607527,
0.8691062407102));
#5011=CARTESIAN_POINT('Ctrl Pts',(-0.819690475407295,0.228878888785095,
0.965386956696624));
#5012=CARTESIAN_POINT('Ctrl Pts',(-0.91019835337089,0.222339491962664,1.00304882477519));
#5013=CARTESIAN_POINT('Ctrl Pts',(-0.991561030733701,0.215800095140233,
0.948376343836639));
#5014=CARTESIAN_POINT('Ctrl Pts',(-0.99087548064764,0.209260698317802,0.850346252289655));
#5015=CARTESIAN_POINT('Ctrl Pts',(-0.908751506949949,0.20272130149537,0.796815613055589));
#5016=CARTESIAN_POINT('Ctrl Pts',(-0.818785735533464,0.196181904672939,
0.835750921462182));
#5017=CARTESIAN_POINT('Ctrl Pts',(-0.801598722594027,0.189642507850508,
0.932262943748141));
#5018=CARTESIAN_POINT('Ctrl Pts',(-0.872592956348756,0.183103111028076,
0.99986258045818));
#5019=CARTESIAN_POINT('Ctrl Pts',(-0.968147571592003,0.176563714205645,
0.977971808138632));
#5020=CARTESIAN_POINT('Ctrl Pts',(-1.00263265009362,0.170024317383214,0.886207498282559));
#5021=CARTESIAN_POINT('Ctrl Pts',(-0.945144755302847,0.163484920560782,
0.806803208538546));
#5022=CARTESIAN_POINT('Ctrl Pts',(-0.847200971248871,0.156945523738351,
0.810916021425653));
#5023=CARTESIAN_POINT('Ctrl Pts',(-0.796572362529034,0.15040612691592,0.894860324827735));
#5024=CARTESIAN_POINT('Ctrl Pts',(-0.838629124553166,0.143866730093489,
0.983410477653809));
#5025=CARTESIAN_POINT('Ctrl Pts',(-0.935682618158455,0.137327333271057,
0.997213389525358));
#5026=CARTESIAN_POINT('Ctrl Pts',(-1.00075958599819,0.130787936448626,0.92389975218476));
#5027=CARTESIAN_POINT('Ctrl Pts',(-0.975542126165372,0.124248539626195,
0.829168654424289));
#5028=CARTESIAN_POINT('Ctrl Pts',(-0.882628546598585,0.117709142803763,
0.797912171429359));
#5029=CARTESIAN_POINT('Ctrl Pts',(-0.805282174914863,0.111169745981332,
0.858140400565188));
#5030=CARTESIAN_POINT('Ctrl Pts',(-0.812815983140279,0.104630349158901,
0.955880585894409));
#5031=CARTESIAN_POINT('Ctrl Pts',(-0.898478644005984,0.0980909523364694,
1.00354407924166));
#5032=CARTESIAN_POINT('Ctrl Pts',(-0.98550464925599,0.0915515555140382,
0.958417881889668));
#5033=CARTESIAN_POINT('Ctrl Pts',(-0.995906744700675,0.0850121586916069,
0.860941189224274));
#5034=CARTESIAN_POINT('Ctrl Pts',(-0.920363226988314,0.0784727618691755,
0.798466655703215));
#5035=CARTESIAN_POINT('Ctrl Pts',(-0.826571457513247,0.0719333650467443,
0.82697974197051));
#5036=CARTESIAN_POINT('Ctrl Pts',(-0.798581754162688,0.0653939682243129,
0.920929411293256));
#5037=CARTESIAN_POINT('Ctrl Pts',(-0.86147671288171,0.0588545714018817,
0.996122645264223));
#5038=CARTESIAN_POINT('Ctrl Pts',(-0.958893857492101,0.0523151745794503,
0.985178408028814));
#5039=CARTESIAN_POINT('Ctrl Pts',(-1.00353395747242,0.0457757777570191,
0.897899371018904));
#5040=CARTESIAN_POINT('Ctrl Pts',(-0.955393532300128,0.0392363809345877,
0.812509296046155));
#5041=CARTESIAN_POINT('Ctrl Pts',(-0.857612653996883,0.0326969841121565,
0.805509859005483));
#5042=CARTESIAN_POINT('Ctrl Pts',(-0.797817140138489,0.0261575872897252,
0.8832127225455));
#5043=CARTESIAN_POINT('Ctrl Pts',(-0.829590552180749,0.0196181904672939,
0.975906832744868));
#5044=CARTESIAN_POINT('Ctrl Pts',(-0.924462202465372,0.0130787936448626,
1.00068357068613));
#5045=CARTESIAN_POINT('Ctrl Pts',(-0.997411029893239,0.00653939682243125,
0.935017213779246));
#5046=CARTESIAN_POINT('Ctrl Pts',(-0.987811741507005,0.00217979894081042,
0.870673040365818));
#5047=CARTESIAN_POINT('Ctrl Pts',(-0.970549131923215,0.,0.847483121904659));
#5048=CARTESIAN_POINT('Ctrl Pts',(-0.970549131923215,0.,0.847483121904659));
#5049=CARTESIAN_POINT('Ctrl Pts',(-0.975379868763398,6.05552350093256E-18,
0.852467253783836));
#5050=CARTESIAN_POINT('Ctrl Pts',(-0.97953470089637,-2.8707212334149E-17,
0.858025037494408));
#5051=CARTESIAN_POINT('Ctrl Pts',(-0.983016615344202,-2.08166817117217E-17,
0.863994537481524));
#5052=CARTESIAN_POINT('Ctrl Pts',(-0.985113358436357,-1.60651532569357E-17,
0.867589257584252));
#5053=CARTESIAN_POINT('Ctrl Pts',(-0.986965653557079,-1.07351763706171E-16,
0.871334282953636));
#5054=CARTESIAN_POINT('Ctrl Pts',(-0.988568918212296,-1.35308431126191E-16,
0.875200894441518));
#5055=CARTESIAN_POINT('Ctrl Pts',(-0.989545766482874,-1.52342064426555E-16,
0.877556770455281));
#5056=CARTESIAN_POINT('Ctrl Pts',(-0.990428583907651,-5.90230615504254E-17,
0.879954978140497));
#5057=CARTESIAN_POINT('Ctrl Pts',(-0.991213677672908,-6.41847686111419E-17,
0.882378915745702));
#5058=CARTESIAN_POINT('Ctrl Pts',(-0.993004971549442,-7.59618768490315E-17,
0.88790944570461));
#5059=CARTESIAN_POINT('Ctrl Pts',(-0.994294494392049,2.21542473412813E-17,
0.893587025751241));
#5060=CARTESIAN_POINT('Ctrl Pts',(-0.995074911113005,1.90819582357449E-17,
0.899333720640188));
#5061=CARTESIAN_POINT('Ctrl Pts',(-0.995541169857092,1.72464239354753E-17,
0.902767074474903));
#5062=CARTESIAN_POINT('Ctrl Pts',(-0.99582543816314,-9.66835767913542E-17,
0.906225366796472));
#5063=CARTESIAN_POINT('Ctrl Pts',(-0.995923353646103,-1.09287578986539E-16,
0.909693421174822));
#5064=CARTESIAN_POINT('Ctrl Pts',(-0.995998408968812,-1.18948946357327E-16,
0.912351794832033));
#5065=CARTESIAN_POINT('Ctrl Pts',(-0.995963513094109,-1.21899641734434E-16,
0.915015951962264));
#5066=CARTESIAN_POINT('Ctrl Pts',(-0.995817790001545,-1.21430643318376E-16,
0.917664393916759));
#5067=CARTESIAN_POINT('Ctrl Pts',(-0.995519379499883,-1.20470232376279E-16,
0.923087850682326));
#5068=CARTESIAN_POINT('Ctrl Pts',(-0.994757822079197,-1.54381113080637E-16,
0.928460136364243));
#5069=CARTESIAN_POINT('Ctrl Pts',(-0.993523233537673,-1.795438797636E-16,
0.933723062789961));
#5070=CARTESIAN_POINT('Ctrl Pts',(-0.992458621732405,-2.00457722080348E-16,
0.938261395533727));
#5071=CARTESIAN_POINT('Ctrl Pts',(-0.991042158351656,-1.26329339401904E-16,
0.942718663703917));
#5072=CARTESIAN_POINT('Ctrl Pts',(-0.989302261509753,-1.32706345912226E-16,
0.947071911006752));
#5073=CARTESIAN_POINT('Ctrl Pts',(-0.988258269645833,-1.36532746853136E-16,
0.949683993893702));
#5074=CARTESIAN_POINT('Ctrl Pts',(-0.987097603141871,-3.5412574226339E-17,
0.952257774625501));
#5075=CARTESIAN_POINT('Ctrl Pts',(-0.985832527380552,-4.5102810375397E-17,
0.954776308457021));
#5076=CARTESIAN_POINT('Ctrl Pts',(-0.983260563863221,-6.48035544823863E-17,
0.959896616133359));
#5077=CARTESIAN_POINT('Ctrl Pts',(-0.980253002414877,-1.37570406968829E-16,
0.96480201704284));
#5078=CARTESIAN_POINT('Ctrl Pts',(-0.976862529844481,-1.41813644161104E-16,
0.969451770743768));
#5079=CARTESIAN_POINT('Ctrl Pts',(-0.975203257131001,-1.43890253702629E-16,
0.971727326519596));
#5080=CARTESIAN_POINT('Ctrl Pts',(-0.973451112604681,-2.17252269664426E-16,
0.973942707277162));
#5081=CARTESIAN_POINT('Ctrl Pts',(-0.971614078138305,-2.13370987545147E-16,
0.976089313061129));
#5082=CARTESIAN_POINT('Ctrl Pts',(-0.966226982160328,-2.01989143776369E-16,
0.982384225648109));
#5083=CARTESIAN_POINT('Ctrl Pts',(-0.960145423810179,-7.01444186429301E-17,
0.988053320179224));
#5084=CARTESIAN_POINT('Ctrl Pts',(-0.953508031825921,-1.66425033476525E-17,
0.992976805704323));
#5085=CARTESIAN_POINT('Ctrl Pts',(-0.951827178259437,-3.09367492964102E-18,
0.994223629490536));
#5086=CARTESIAN_POINT('Ctrl Pts',(-0.950110444750721,4.50674978960718E-17,
0.995422519118385));
#5087=CARTESIAN_POINT('Ctrl Pts',(-0.948359649492493,4.27175655959289E-17,
0.996571227853448));
#5088=CARTESIAN_POINT('Ctrl Pts',(-0.987814549759213,0.212576857811877,
0.90000355361161));
#5089=CARTESIAN_POINT('Ctrl Pts',(-0.987809725581298,0.211471471313852,
0.885289096994872));
#5090=CARTESIAN_POINT('Ctrl Pts',(-0.984301261161791,0.210366084815827,
0.870572356595418));
#5091=CARTESIAN_POINT('Ctrl Pts',(-0.977302410045702,0.209260698317802,
0.857762827675142));
#5092=CARTESIAN_POINT('Ctrl Pts',(-0.96350082274841,0.207080899376991,0.8325027058783));
#5093=CARTESIAN_POINT('Ctrl Pts',(-0.936126164849179,0.204901100436181,
0.814659159466944));
#5094=CARTESIAN_POINT('Ctrl Pts',(-0.907444540663483,0.20272130149537,0.812226604329032));
#5095=CARTESIAN_POINT('Ctrl Pts',(-0.878762916477787,0.20054150255456,0.80979404919112));
#5096=CARTESIAN_POINT('Ctrl Pts',(-0.848774326005625,0.198361703613749,
0.822772485326651));
#5097=CARTESIAN_POINT('Ctrl Pts',(-0.830915528612972,0.196181904672939,
0.845347040442076));
#5098=CARTESIAN_POINT('Ctrl Pts',(-0.813056731220318,0.194002105732128,
0.867921595557502));
#5099=CARTESIAN_POINT('Ctrl Pts',(-0.807327726907172,0.191822306791318,
0.900092269652821));
#5100=CARTESIAN_POINT('Ctrl Pts',(-0.816295597043054,0.189642507850508,
0.927444212818821));
#5101=CARTESIAN_POINT('Ctrl Pts',(-0.825263467178936,0.187462708909697,
0.954796155984821));
#5102=CARTESIAN_POINT('Ctrl Pts',(-0.848928211763846,0.185282909968887,
0.977329368221501));
#5103=CARTESIAN_POINT('Ctrl Pts',(-0.876686353263509,0.183103111028076,
0.984947512286583));
#5104=CARTESIAN_POINT('Ctrl Pts',(-0.904444494763172,0.180923312087266,
0.992565656351665));
#5105=CARTESIAN_POINT('Ctrl Pts',(-0.936296033177588,0.178743513146455,
0.985268732245148));
#5106=CARTESIAN_POINT('Ctrl Pts',(-0.957969315468398,0.176563714205645,
0.966326218549211));
#5107=CARTESIAN_POINT('Ctrl Pts',(-0.97670657894293,0.174679206518833,0.949949794100516));
#5108=CARTESIAN_POINT('Ctrl Pts',(-0.987836441103311,0.172794698832022,
0.924869258410099));
#5109=CARTESIAN_POINT('Ctrl Pts',(-0.988030774457641,0.17091019114521,0.899940706285334));
#5110=CARTESIAN_POINT('Ctrl Pts',(-0.948439724320038,0.25,0.996527680526363));
#5111=CARTESIAN_POINT('Ctrl Pts',(-0.95559085883861,0.25,0.99193334681988));
#5112=CARTESIAN_POINT('Ctrl Pts',(-0.962105561159249,0.25,0.986461598442872));
#5113=CARTESIAN_POINT('Ctrl Pts',(-0.967898370870996,0.25,0.980284300946411));
#5114=CARTESIAN_POINT('Ctrl Pts',(-0.971417015112473,0.25,0.976532112743209));
#5115=CARTESIAN_POINT('Ctrl Pts',(-0.974668462340157,0.25,0.972518658635747));
#5116=CARTESIAN_POINT('Ctrl Pts',(-0.977623769779755,0.25,0.968278122601659));
#5117=CARTESIAN_POINT('Ctrl Pts',(-0.979190017827803,0.25,0.966030731620581));
#5118=CARTESIAN_POINT('Ctrl Pts',(-0.98066721225648,0.25,0.963727743969647));
#5119=CARTESIAN_POINT('Ctrl Pts',(-0.982051832551015,0.25,0.961375826681832));
#5120=CARTESIAN_POINT('Ctrl Pts',(-0.986022481163487,0.25,0.954631279348265));
#5121=CARTESIAN_POINT('Ctrl Pts',(-0.989237261817076,0.25,0.947482202791168));
#5122=CARTESIAN_POINT('Ctrl Pts',(-0.991595354023555,0.25,0.940056993325856));
#5123=CARTESIAN_POINT('Ctrl Pts',(-0.992452532933307,0.25,0.937357890662833));
#5124=CARTESIAN_POINT('Ctrl Pts',(-0.993196407657434,0.25,0.934620523116365));
#5125=CARTESIAN_POINT('Ctrl Pts',(-0.99381913184398,0.25,0.931856765232307));
#5126=CARTESIAN_POINT('Ctrl Pts',(-0.995325857948354,0.25,0.925169653602397));
#5127=CARTESIAN_POINT('Ctrl Pts',(-0.996116379733885,0.25,0.918374552331256));
#5128=CARTESIAN_POINT('Ctrl Pts',(-0.99611782490589,0.25,0.911561586841852));
#5129=CARTESIAN_POINT('Ctrl Pts',(-0.996118720418572,0.25,0.907339876912678));
#5130=CARTESIAN_POINT('Ctrl Pts',(-0.995815778820627,0.25,0.903111262037659));
#5131=CARTESIAN_POINT('Ctrl Pts',(-0.995219637842758,0.25,0.898904619083906));
#5132=CARTESIAN_POINT('Ctrl Pts',(-0.994800827786667,0.25,0.89594930408826));
#5133=CARTESIAN_POINT('Ctrl Pts',(-0.99423655609294,0.25,0.893003992240162));
#5134=CARTESIAN_POINT('Ctrl Pts',(-0.993534562126571,0.25,0.890095481760023));
#5135=CARTESIAN_POINT('Ctrl Pts',(-0.992210330122829,0.25,0.884608906596213));
#5136=CARTESIAN_POINT('Ctrl Pts',(-0.990395368286815,0.25,0.879238400831707));
#5137=CARTESIAN_POINT('Ctrl Pts',(-0.988117433689454,0.25,0.874054868567487));
#5138=CARTESIAN_POINT('Ctrl Pts',(-0.986590152365766,0.25,0.870579478173465));
#5139=CARTESIAN_POINT('Ctrl Pts',(-0.984852133142194,0.25,0.867185585699833));
#5140=CARTESIAN_POINT('Ctrl Pts',(-0.982923551965683,0.25,0.863919224760712));
#5141=CARTESIAN_POINT('Ctrl Pts',(-0.979408235591153,0.25,0.857965473767875));
#5142=CARTESIAN_POINT('Ctrl Pts',(-0.975255327149417,0.25,0.852416277446092));
#5143=CARTESIAN_POINT('Ctrl Pts',(-0.970506796755779,0.25,0.847422150011744));
#5144=CARTESIAN_POINT('Origin',(1.08360757102187,0.25,0.900518039935954));
#5145=CARTESIAN_POINT('Origin',(-0.900000000000003,0.25,0.900000000000003));
#5146=CARTESIAN_POINT('Origin',(1.75,0.25,-0.825));
#5147=CARTESIAN_POINT('',(1.905,0.25,-0.825));
#5148=CARTESIAN_POINT('Origin',(1.75,0.25,-0.825));
#5149=CARTESIAN_POINT('',(1.905,0.05,-0.825));
#5150=CARTESIAN_POINT('',(1.905,0.25,-0.825));
#5151=CARTESIAN_POINT('Origin',(1.75,0.05,-0.825));
#5152=CARTESIAN_POINT('Origin',(1.75,0.05,-0.825));
#5153=CARTESIAN_POINT('',(1.84013877569062,0.05,-0.825));
#5154=CARTESIAN_POINT('Origin',(1.75,0.05,-0.824999999999999));
#5155=CARTESIAN_POINT('Origin',(-1.75,0.25,-0.825));
#5156=CARTESIAN_POINT('',(-1.595,0.25,-0.825));
#5157=CARTESIAN_POINT('Origin',(-1.75,0.25,-0.825));
#5158=CARTESIAN_POINT('',(-1.595,0.05,-0.825));
#5159=CARTESIAN_POINT('',(-1.595,0.25,-0.825));
#5160=CARTESIAN_POINT('Origin',(-1.75,0.05,-0.825));
#5161=CARTESIAN_POINT('Origin',(-1.75,0.05,-0.825));
#5162=CARTESIAN_POINT('',(-1.65986116234936,0.05,-0.825));
#5163=CARTESIAN_POINT('Origin',(-1.75,0.05,-0.824999999999999));
#5164=CARTESIAN_POINT('Origin',(1.75,0.25,0.824999999999999));
#5165=CARTESIAN_POINT('',(1.905,0.25,0.824999999999999));
#5166=CARTESIAN_POINT('Origin',(1.75,0.25,0.824999999999999));
#5167=CARTESIAN_POINT('',(1.905,0.05,0.824999999999999));
#5168=CARTESIAN_POINT('',(1.905,0.25,0.824999999999999));
#5169=CARTESIAN_POINT('Origin',(1.75,0.05,0.824999999999999));
#5170=CARTESIAN_POINT('Origin',(1.75,0.05,0.824999999999999));
#5171=CARTESIAN_POINT('',(1.84,0.05,0.824999999999999));
#5172=CARTESIAN_POINT('Origin',(1.75,0.05,0.824999999999999));
#5173=CARTESIAN_POINT('Origin',(-1.75,0.25,0.824999999999999));
#5174=CARTESIAN_POINT('',(-1.595,0.25,0.824999999999999));
#5175=CARTESIAN_POINT('Origin',(-1.75,0.25,0.824999999999999));
#5176=CARTESIAN_POINT('',(-1.595,0.05,0.824999999999999));
#5177=CARTESIAN_POINT('',(-1.595,0.25,0.824999999999999));
#5178=CARTESIAN_POINT('Origin',(-1.75,0.05,0.824999999999999));
#5179=CARTESIAN_POINT('Origin',(-1.75,0.05,0.824999999999999));
#5180=CARTESIAN_POINT('',(-1.66,0.05,0.824999999999999));
#5181=CARTESIAN_POINT('Origin',(-1.75,0.05,0.824999999999999));
#5182=CARTESIAN_POINT('Origin',(1.75,0.,-0.824999999999999));
#5183=CARTESIAN_POINT('',(1.84013877569062,0.,-0.824999999999999));
#5184=CARTESIAN_POINT('Origin',(1.75,0.,-0.824999999999999));
#5185=CARTESIAN_POINT('',(1.84013877569062,0.,-0.824999999999999));
#5186=CARTESIAN_POINT('Origin',(-1.75,0.,0.824999999999999));
#5187=CARTESIAN_POINT('',(-1.66,0.,0.824999999999999));
#5188=CARTESIAN_POINT('Origin',(-1.75,0.,0.824999999999999));
#5189=CARTESIAN_POINT('',(-1.66,0.,0.824999999999999));
#5190=CARTESIAN_POINT('Origin',(1.75,0.,0.824999999999999));
#5191=CARTESIAN_POINT('',(1.84,0.,0.824999999999999));
#5192=CARTESIAN_POINT('Origin',(1.75,0.,0.824999999999999));
#5193=CARTESIAN_POINT('',(1.84,0.,0.824999999999999));
#5194=CARTESIAN_POINT('Origin',(-1.75,0.,-0.824999999999999));
#5195=CARTESIAN_POINT('',(-1.65986116234936,0.,-0.824999999999999));
#5196=CARTESIAN_POINT('Origin',(-1.75,0.,-0.824999999999999));
#5197=CARTESIAN_POINT('',(-1.65986116234936,0.,-0.824999999999999));
#5198=CARTESIAN_POINT('Origin',(2.25,0.,-1.575));
#5199=CARTESIAN_POINT('',(-2.5,0.,-1.575));
#5200=CARTESIAN_POINT('',(2.5,0.,-1.575));
#5201=CARTESIAN_POINT('',(1.125,0.,-1.575));
#5202=CARTESIAN_POINT('',(-2.5,0.25,-1.575));
#5203=CARTESIAN_POINT('',(-2.5,0.,-1.575));
#5204=CARTESIAN_POINT('',(2.5,0.25,-1.575));
#5205=CARTESIAN_POINT('',(1.125,0.25,-1.575));
#5206=CARTESIAN_POINT('',(2.5,0.,-1.575));
#5207=CARTESIAN_POINT('Origin',(0.,0.,0.));
#5208=CARTESIAN_POINT('',(2.5,0.,1.575));
#5209=CARTESIAN_POINT('',(2.5,0.,1.75));
#5210=CARTESIAN_POINT('',(-2.5,0.,1.575));
#5211=CARTESIAN_POINT('',(-1.125,0.,1.575));
#5212=CARTESIAN_POINT('',(-2.5,0.,-1.75));
#5213=CARTESIAN_POINT('Ctrl Pts',(1.33851666035869,1.73472347597681E-18,
1.03860130844204));
#5214=CARTESIAN_POINT('Ctrl Pts',(1.33400507631421,-1.58462805582327E-18,
1.0416747253928));
#5215=CARTESIAN_POINT('Ctrl Pts',(1.32992065718709,3.71012406635768E-17,
1.0453056055789));
#5216=CARTESIAN_POINT('Ctrl Pts',(1.32631844137005,3.55618312575245E-17,
1.04938144631553));
#5217=CARTESIAN_POINT('Ctrl Pts',(1.3244954700468,3.478278320918E-17,1.05144410473424));
#5218=CARTESIAN_POINT('Ctrl Pts',(1.32279652289332,-4.13507849450523E-17,
1.05362112347835));
#5219=CARTESIAN_POINT('Ctrl Pts',(1.32123240565265,-4.77048955893622E-17,
1.05589919703829));
#5220=CARTESIAN_POINT('Ctrl Pts',(1.32014278695954,-5.21313909671487E-17,
1.05748618263672));
#5221=CARTESIAN_POINT('Ctrl Pts',(1.31911975775873,-3.35072868511643E-17,
1.05912106574905));
#5222=CARTESIAN_POINT('Ctrl Pts',(1.3181711957373,-3.46944695195361E-17,
1.06079092678167));
#5223=CARTESIAN_POINT('Ctrl Pts',(1.31545023599594,-3.80999149973099E-17,
1.06558094002353));
#5224=CARTESIAN_POINT('Ctrl Pts',(1.31332559397887,-5.35576075194612E-17,
1.07067667025837));
#5225=CARTESIAN_POINT('Ctrl Pts',(1.31188470744545,-2.08166817117217E-17,
1.07596357847125));
#5226=CARTESIAN_POINT('Ctrl Pts',(1.31115881726846,-4.32244994688821E-18,
1.07862701840861));
#5227=CARTESIAN_POINT('Ctrl Pts',(1.31060741787693,-4.30178015583866E-17,
1.0813428944381));
#5228=CARTESIAN_POINT('Ctrl Pts',(1.31024828989378,-3.38271077815477E-17,
1.08406932544465));
#5229=CARTESIAN_POINT('Ctrl Pts',(1.30981079117355,-2.26307740120383E-17,
1.08739073210775));
#5230=CARTESIAN_POINT('Ctrl Pts',(1.30965554041223,-7.35664449368656E-17,
1.0907351884602));
#5231=CARTESIAN_POINT('Ctrl Pts',(1.30980617444834,-5.94142790522056E-17,
1.09407464143976));
#5232=CARTESIAN_POINT('Ctrl Pts',(1.30992478063448,-4.7403788810841E-17,
1.09670405901341));
#5233=CARTESIAN_POINT('Ctrl Pts',(1.31023329850323,-1.05905881868423E-16,
1.09933040359596));
#5234=CARTESIAN_POINT('Ctrl Pts',(1.31072501781422,-9.97465998686664E-17,
1.10193533455698));
#5235=CARTESIAN_POINT('Ctrl Pts',(1.31113276724409,-9.46391256091112E-17,
1.10409542689109));
#5236=CARTESIAN_POINT('Ctrl Pts',(1.31166600444882,-8.30290206961121E-17,
1.10623647084375));
#5237=CARTESIAN_POINT('Ctrl Pts',(1.3123176107918,-7.58941520739853E-17,
1.10834045466903));
#5238=CARTESIAN_POINT('Ctrl Pts',(1.31312547411918,-6.70483224292545E-17,
1.11094897957387));
#5239=CARTESIAN_POINT('Ctrl Pts',(1.31411590478547,-9.80809833600421E-17,
1.11350438838225));
#5240=CARTESIAN_POINT('Ctrl Pts',(1.31528070140747,-9.90960785651751E-17,
1.11598523073785));
#5241=CARTESIAN_POINT('Ctrl Pts',(1.31630250154198,-9.99865554068499E-17,
1.11816151199141));
#5242=CARTESIAN_POINT('Ctrl Pts',(1.31745826665031,-9.94256939131399E-17,
1.1202787146362));
#5243=CARTESIAN_POINT('Ctrl Pts',(1.31873612297895,-7.10152422978005E-17,
1.1223115870321));
#5244=CARTESIAN_POINT('Ctrl Pts',(1.32048466756396,-3.21400258776074E-17,
1.12509325187205));
#5245=CARTESIAN_POINT('Ctrl Pts',(1.32246429885062,5.17326498477399E-17,
1.12772331524766));
#5246=CARTESIAN_POINT('Ctrl Pts',(1.32466177244675,4.48859699408999E-17,
1.13015901303856));
#5247=CARTESIAN_POINT('Ctrl Pts',(1.4154005605098,4.33680868994202E-17,
1.13015027537845));
#5248=CARTESIAN_POINT('Ctrl Pts',(1.41868258857774,3.20810967971862E-17,
1.12657734930492));
#5249=CARTESIAN_POINT('Ctrl Pts',(1.42141754508509,9.24508911767712E-17,
1.12256629010494));
#5250=CARTESIAN_POINT('Ctrl Pts',(1.42361389324727,6.15826833971767E-17,
1.11826011136006));
#5251=CARTESIAN_POINT('Ctrl Pts',(1.42461004567323,4.7582425790395E-17,
1.11630704650577));
#5252=CARTESIAN_POINT('Ctrl Pts',(1.42549507249081,4.06649664740884E-17,
1.11429261200001));
#5253=CARTESIAN_POINT('Ctrl Pts',(1.42626775183713,6.07153216591882E-18,
1.112227506266));
#5254=CARTESIAN_POINT('Ctrl Pts',(1.42700836845846,-2.70864298781235E-17,
1.1102480931515));
#5255=CARTESIAN_POINT('Ctrl Pts',(1.42764276449896,3.0060277013309E-17,
1.1082295596597));
#5256=CARTESIAN_POINT('Ctrl Pts',(1.4281699791869,2.77555756156289E-17,
1.1061872216877));
#5257=CARTESIAN_POINT('Ctrl Pts',(1.42914904389184,2.34756269618327E-17,
1.10239449536634));
#5258=CARTESIAN_POINT('Ctrl Pts',(1.42976118090199,9.27778805937599E-18,
1.09851516446014));
#5259=CARTESIAN_POINT('Ctrl Pts',(1.43000214016865,-1.47451495458029E-17,
1.09460903418768));
#5260=CARTESIAN_POINT('Ctrl Pts',(1.43012907588305,-2.74002708414393E-17,
1.09255131113953));
#5261=CARTESIAN_POINT('Ctrl Pts',(1.43015268283434,4.15930643287899E-17,
1.09048368145504));
#5262=CARTESIAN_POINT('Ctrl Pts',(1.4300710910396,3.64291929955129E-17,
1.08842168619388));
#5263=CARTESIAN_POINT('Ctrl Pts',(1.42988600479311,2.47152508582295E-17,
1.08374416973041));
#5264=CARTESIAN_POINT('Ctrl Pts',(1.42916348426622,1.87601165898293E-17,
1.07912345770694));
#5265=CARTESIAN_POINT('Ctrl Pts',(1.4278960092404,9.97465998686664E-18,
1.07465436997801));
#5266=CARTESIAN_POINT('Ctrl Pts',(1.42719169013957,5.04685798163539E-18,
1.07217095706127));
#5267=CARTESIAN_POINT('Ctrl Pts',(1.42631867389057,-2.04300844906404E-17,
1.0697341171235));
#5268=CARTESIAN_POINT('Ctrl Pts',(1.42528950402604,-4.77048955893622E-17,
1.06735262717398));
#5269=CARTESIAN_POINT('Ctrl Pts',(1.42448101411812,-6.91312997950767E-17,
1.06548178868913));
#5270=CARTESIAN_POINT('Ctrl Pts',(1.42357649468849,-2.2381304555873E-17,
1.06364681721439));
#5271=CARTESIAN_POINT('Ctrl Pts',(1.42258690727562,-5.20417042793042E-18,
1.06186021507726));
#5272=CARTESIAN_POINT('Ctrl Pts',(1.42064788744164,2.84530925199714E-17,
1.05835950666659));
#5273=CARTESIAN_POINT('Ctrl Pts',(1.41837934761882,-5.61738047477691E-17,
1.05503522041625));
#5274=CARTESIAN_POINT('Ctrl Pts',(1.41582659341101,-5.07406616723216E-17,
1.05191898399243));
#5275=CARTESIAN_POINT('Ctrl Pts',(1.41417273612726,-4.72206818710935E-17,
1.04990006251082));
#5276=CARTESIAN_POINT('Ctrl Pts',(1.41240222380456,-2.02514386427866E-17,
1.04797257373303));
#5277=CARTESIAN_POINT('Ctrl Pts',(1.41053283415975,-1.22514845490862E-17,
1.04615049790212));
#5278=CARTESIAN_POINT('Ctrl Pts',(1.40770824477017,-1.63803677937125E-19,
1.04339739820816));
#5279=CARTESIAN_POINT('Ctrl Pts',(1.40465491638853,-9.07831911265462E-18,
1.04088043295618));
#5280=CARTESIAN_POINT('Ctrl Pts',(1.40140908526571,-2.16840434497101E-17,
1.03863023333547));
#5281=CARTESIAN_POINT('Ctrl Pts',(-1.40148333964131,3.64291929955129E-17,
1.03860130844204));
#5282=CARTESIAN_POINT('Ctrl Pts',(-1.40599492368579,4.16728062848788E-17,
1.0416747253928));
#5283=CARTESIAN_POINT('Ctrl Pts',(-1.41007934138406,6.21806334737902E-17,
1.0453056092947));
#5284=CARTESIAN_POINT('Ctrl Pts',(-1.41368155505399,4.5102810375397E-17,
1.04938145567802));
#5285=CARTESIAN_POINT('Ctrl Pts',(-1.41550472039213,3.64593211276599E-17,
1.05144433770852));
#5286=CARTESIAN_POINT('Ctrl Pts',(-1.417203834876,3.65217855538187E-18,
1.05362160504005));
#5287=CARTESIAN_POINT('Ctrl Pts',(-1.41876808923803,0.,1.05589994766388));
#5288=CARTESIAN_POINT('Ctrl Pts',(-1.41985772028242,-2.5440409374759E-18,
1.05748699956091));
#5289=CARTESIAN_POINT('Ctrl Pts',(-1.42088075530145,9.33217808671282E-17,
1.05912194854227));
#5290=CARTESIAN_POINT('Ctrl Pts',(-1.42182931852888,8.23993651088983E-17,
1.06079187720863));
#5291=CARTESIAN_POINT('Ctrl Pts',(-1.42455018794503,5.10693850633316E-17,
1.06558191935246));
#5292=CARTESIAN_POINT('Ctrl Pts',(-1.42667474005153,-2.03404503704382E-17,
1.07067766916212));
#5293=CARTESIAN_POINT('Ctrl Pts',(-1.42811553568065,-4.5102810375397E-17,
1.07596458681611));
#5294=CARTESIAN_POINT('Ctrl Pts',(-1.42884129885661,-5.75762026305843E-17,
1.07862773353176));
#5295=CARTESIAN_POINT('Ctrl Pts',(-1.42939260970997,-2.3193732888054E-17,
1.08134330065003));
#5296=CARTESIAN_POINT('Ctrl Pts',(-1.42975169384033,-2.08166817117217E-17,
1.08406941851934));
#5297=CARTESIAN_POINT('Ctrl Pts',(-1.43018918815718,-1.7920573828917E-17,
1.08739081585792));
#5298=CARTESIAN_POINT('Ctrl Pts',(-1.43034443691635,-4.80515919689819E-17,
1.0907352615668));
#5299=CARTESIAN_POINT('Ctrl Pts',(-1.43019380371862,-3.25260651745651E-17,
1.0940747023841));
#5300=CARTESIAN_POINT('Ctrl Pts',(-1.43007518897637,-2.02536093296434E-17,
1.0967043146989));
#5301=CARTESIAN_POINT('Ctrl Pts',(-1.42976663483079,-1.071184457086E-17,
1.09933085262956));
#5302=CARTESIAN_POINT('Ctrl Pts',(-1.42927485284322,-1.51788304147971E-17,
1.10193597159625));
#5303=CARTESIAN_POINT('Ctrl Pts',(-1.42886704111695,-1.88830921696057E-17,
1.10409627451463));
#5304=CARTESIAN_POINT('Ctrl Pts',(-1.42833371793379,-9.26664383220027E-17,
1.1062375207579));
#5305=CARTESIAN_POINT('Ctrl Pts',(-1.42768200305192,-7.28583859910259E-17,
1.10834169824051));
#5306=CARTESIAN_POINT('Ctrl Pts',(-1.42687406277411,-4.83020596767768E-17,
1.11095027721753));
#5307=CARTESIAN_POINT('Ctrl Pts',(-1.42588354658012,-5.42860478524629E-17,
1.11350573352313));
#5308=CARTESIAN_POINT('Ctrl Pts',(-1.4247186560309,-5.31259064517897E-17,
1.11598661470485));
#5309=CARTESIAN_POINT('Ctrl Pts',(-1.42369681478089,-5.21082311518724E-17,
1.11816284210196));
#5310=CARTESIAN_POINT('Ctrl Pts',(-1.42254101527261,-3.41523318638148E-17,
1.12027998454489));
#5311=CARTESIAN_POINT('Ctrl Pts',(-1.42126312854306,-1.60461921527855E-17,
1.12231279675685));
#5312=CARTESIAN_POINT('Ctrl Pts',(-1.41951476785225,8.72600572756802E-18,
1.12509402053906));
#5313=CARTESIAN_POINT('Ctrl Pts',(-1.41753538782136,1.65112459668668E-17,
1.12772367997389));
#5314=CARTESIAN_POINT('Ctrl Pts',(-1.41533822675585,2.01661604082304E-17,
1.13015902886187));
#5315=CARTESIAN_POINT('Ctrl Pts',(-1.3245994394902,4.33680868994202E-17,
1.13015027537845));
#5316=CARTESIAN_POINT('Ctrl Pts',(-1.32131740970099,2.11361250384285E-17,
1.12657734743109));
#5317=CARTESIAN_POINT('Ctrl Pts',(-1.3185824510243,1.8880413457445E-17,
1.12256628674819));
#5318=CARTESIAN_POINT('Ctrl Pts',(-1.31638610075491,-5.55111512312578E-17,
1.11826010670604));
#5319=CARTESIAN_POINT('Ctrl Pts',(-1.31538994102548,-8.92516169415648E-17,
1.11630702881794));
#5320=CARTESIAN_POINT('Ctrl Pts',(-1.31450490833122,1.11852025200408E-16,
1.1142925805355));
#5321=CARTESIAN_POINT('Ctrl Pts',(-1.31373222461067,1.30971622436249E-16,
1.11222746046269));
#5322=CARTESIAN_POINT('Ctrl Pts',(-1.31299161442239,1.49297579269626E-16,
1.11024806200344));
#5323=CARTESIAN_POINT('Ctrl Pts',(-1.31235722328488,2.10522481692304E-17,
1.10822954418135));
#5324=CARTESIAN_POINT('Ctrl Pts',(-1.31183001184067,3.72965547335014E-17,
1.10618722213017));
#5325=CARTESIAN_POINT('Ctrl Pts',(-1.31085093977144,6.74634773520093E-17,
1.10239447351168));
#5326=CARTESIAN_POINT('Ctrl Pts',(-1.31023879990364,1.08654372048231E-16,
1.09851511932229));
#5327=CARTESIAN_POINT('Ctrl Pts',(-1.30999784264669,3.98986399474666E-17,
1.0946089656782));
#5328=CARTESIAN_POINT('Ctrl Pts',(-1.30987090965077,3.67905821361717E-18,
1.0925512572246));
#5329=CARTESIAN_POINT('Ctrl Pts',(-1.30984730408162,1.3045997224523E-16,
1.09048364225354));
#5330=CARTESIAN_POINT('Ctrl Pts',(-1.30992889590633,1.196959198424E-16,
1.08842166183571));
#5331=CARTESIAN_POINT('Ctrl Pts',(-1.31011398300482,9.52781888470593E-17,
1.0837441592302));
#5332=CARTESIAN_POINT('Ctrl Pts',(-1.31083650202686,1.36653357389643E-16,
1.07912346067443));
#5333=CARTESIAN_POINT('Ctrl Pts',(-1.31210397353044,2.28549817959944E-16,
1.07465438496657));
#5334=CARTESIAN_POINT('Ctrl Pts',(-1.31280828928269,2.80436886194962E-16,
1.07217098363549));
#5335=CARTESIAN_POINT('Ctrl Pts',(-1.31368130089011,1.24557643909275E-16,
1.06973415465616));
#5336=CARTESIAN_POINT('Ctrl Pts',(-1.31471046493514,1.30104260698261E-16,
1.06735267495562));
#5337=CARTESIAN_POINT('Ctrl Pts',(-1.3155189526155,1.34461555692435E-16,
1.0654818390979));
#5338=CARTESIAN_POINT('Ctrl Pts',(-1.31642346970929,1.53554700346967E-16,
1.06364686988157));
#5339=CARTESIAN_POINT('Ctrl Pts',(-1.31741305464168,1.67400815431762E-16,
1.06186026975765));
#5340=CARTESIAN_POINT('Ctrl Pts',(-1.31935206258384,1.94531106363533E-16,
1.05835957798643));
#5341=CARTESIAN_POINT('Ctrl Pts',(-1.32162058759869,1.79483455841775E-16,
1.05503530608499));
#5342=CARTESIAN_POINT('Ctrl Pts',(-1.32417332453894,1.97758476261356E-16,
1.05191908133428));
#5343=CARTESIAN_POINT('Ctrl Pts',(-1.32582716800265,2.09598326499608E-16,
1.04990017062939));
#5344=CARTESIAN_POINT('Ctrl Pts',(-1.32759766547056,1.60361211413964E-16,
1.0479726907989));
#5345=CARTESIAN_POINT('Ctrl Pts',(-1.32946703907204,1.38235776991902E-16,
1.04615062240097));
#5346=CARTESIAN_POINT('Ctrl Pts',(-1.33229166310416,1.04804239422222E-16,
1.04339747654456));
#5347=CARTESIAN_POINT('Ctrl Pts',(-1.33534503312331,3.89060311334683E-17,
1.04088047124441));
#5348=CARTESIAN_POINT('Ctrl Pts',(-1.33859091114208,1.90819582357449E-17,
1.03863023905708));
#5349=CARTESIAN_POINT('Origin',(2.5,0.,1.75));
#5350=CARTESIAN_POINT('',(2.5,0.25,1.575));
#5351=CARTESIAN_POINT('',(2.5,0.25,1.75));
#5352=CARTESIAN_POINT('',(2.5,0.,1.575));
#5353=CARTESIAN_POINT('Origin',(-2.5,0.,-1.75));
#5354=CARTESIAN_POINT('',(-2.5,0.25,1.575));
#5355=CARTESIAN_POINT('',(-2.5,0.,1.575));
#5356=CARTESIAN_POINT('',(-2.5,0.25,-1.75));
#5357=CARTESIAN_POINT('Origin',(-2.25,0.,1.575));
#5358=CARTESIAN_POINT('',(2.25,0.25,1.575));
#5359=CARTESIAN_POINT('Origin',(0.,0.25,0.));
#5360=CARTESIAN_POINT('Ctrl Pts',(-1.4154005605098,0.25,1.13015027537845));
#5361=CARTESIAN_POINT('Ctrl Pts',(-1.41868258433261,0.25,1.12657735392632));
#5362=CARTESIAN_POINT('Ctrl Pts',(-1.42141753548976,0.25,1.12256629838339));
#5363=CARTESIAN_POINT('Ctrl Pts',(-1.42361387845479,0.25,1.11826012283742));
#5364=CARTESIAN_POINT('Ctrl Pts',(-1.42461001287067,0.25,1.1163070901233));
#5365=CARTESIAN_POINT('Ctrl Pts',(-1.42549502519644,0.25,1.11429268958949));
#5366=CARTESIAN_POINT('Ctrl Pts',(-1.42626769375577,0.25,1.11222761921348));
#5367=CARTESIAN_POINT('Ctrl Pts',(-1.42700832624074,0.25,1.11024816995838));
#5368=CARTESIAN_POINT('Ctrl Pts',(-1.42764273437163,0.25,1.10822959782425));
#5369=CARTESIAN_POINT('Ctrl Pts',(-1.42816995705807,0.25,1.10618722059057));
#5370=CARTESIAN_POINT('Ctrl Pts',(-1.42914900360232,0.25,1.10239454925055));
#5371=CARTESIAN_POINT('Ctrl Pts',(-1.42976113356441,0.25,1.09851527575699));
#5372=CARTESIAN_POINT('Ctrl Pts',(-1.43000209778514,0.25,1.09460920311514));
#5373=CARTESIAN_POINT('Ctrl Pts',(-1.43012904020446,0.25,1.09255144404333));
#5374=CARTESIAN_POINT('Ctrl Pts',(-1.43015265056192,0.25,1.09048377804152));
#5375=CARTESIAN_POINT('Ctrl Pts',(-1.43007105883545,0.25,1.0884217461434));
#5376=CARTESIAN_POINT('Ctrl Pts',(-1.42988597468145,0.25,1.08374419554033));
#5377=CARTESIAN_POINT('Ctrl Pts',(-1.42916345044297,0.25,1.07912345033935));
#5378=CARTESIAN_POINT('Ctrl Pts',(-1.42789596673866,0.25,1.07465433299788));
#5379=CARTESIAN_POINT('Ctrl Pts',(-1.4271916393864,0.25,1.0721708915356));
#5380=CARTESIAN_POINT('Ctrl Pts',(-1.42631861170086,0.25,1.06973402459808));
#5381=CARTESIAN_POINT('Ctrl Pts',(-1.42528942749816,0.25,1.06735250939704));
#5382=CARTESIAN_POINT('Ctrl Pts',(-1.42448093209873,0.25,1.065481664432));
#5383=CARTESIAN_POINT('Ctrl Pts',(-1.42357640691036,0.25,1.063646687386));
#5384=CARTESIAN_POINT('Ctrl Pts',(-1.42258681338204,0.25,1.06186008028224));
#5385=CARTESIAN_POINT('Ctrl Pts',(-1.42064776424199,0.25,1.05835933086444));
#5386=CARTESIAN_POINT('Ctrl Pts',(-1.41837918792716,0.25,1.05503500925232));
#5387=CARTESIAN_POINT('Ctrl Pts',(-1.41582639116634,0.25,1.05191874406141));
#5388=CARTESIAN_POINT('Ctrl Pts',(-1.41417249980902,0.25,1.04989979600197));
#5389=CARTESIAN_POINT('Ctrl Pts',(-1.41240195086068,0.25,1.04797228515684));
#5390=CARTESIAN_POINT('Ctrl Pts',(-1.41053252165948,0.25,1.04615019099277));
#5391=CARTESIAN_POINT('Ctrl Pts',(-1.40770801765759,0.25,1.04339720507872));
#5392=CARTESIAN_POINT('Ctrl Pts',(-1.40465479190461,0.25,1.04088033853682));
#5393=CARTESIAN_POINT('Ctrl Pts',(-1.40140907637136,0.25,1.03863021918646));
#5394=CARTESIAN_POINT('Ctrl Pts',(-1.33851666035869,0.25,1.03860130844204));
#5395=CARTESIAN_POINT('Ctrl Pts',(-1.33400507631421,0.25,1.0416747253928));
#5396=CARTESIAN_POINT('Ctrl Pts',(-1.32992065694345,0.25,1.04530560494541));
#5397=CARTESIAN_POINT('Ctrl Pts',(-1.32631844076031,0.25,1.04938144471939));
#5398=CARTESIAN_POINT('Ctrl Pts',(-1.32449550250916,0.25,1.05144406502083));
#5399=CARTESIAN_POINT('Ctrl Pts',(-1.32279658387939,0.25,1.05362104139056));
#5400=CARTESIAN_POINT('Ctrl Pts',(-1.3212324900133,0.25,1.05589906908585));
#5401=CARTESIAN_POINT('Ctrl Pts',(-1.32014287339572,0.25,1.05748604342665));
#5402=CARTESIAN_POINT('Ctrl Pts',(-1.31911984516065,0.25,1.05912091535697));
#5403=CARTESIAN_POINT('Ctrl Pts',(-1.31817128332285,0.25,1.06079076490868));
#5404=CARTESIAN_POINT('Ctrl Pts',(-1.31545030819778,0.25,1.06558077322624));
#5405=CARTESIAN_POINT('Ctrl Pts',(-1.31332565086748,0.25,1.07067650012522));
#5406=CARTESIAN_POINT('Ctrl Pts',(-1.31188474885155,0.25,1.07596340672852));
#5407=CARTESIAN_POINT('Ctrl Pts',(-1.31115883704097,0.25,1.0786268966136));
#5408=CARTESIAN_POINT('Ctrl Pts',(-1.31060742256819,0.25,1.08134282526359));
#5409=CARTESIAN_POINT('Ctrl Pts',(-1.31024828711621,0.25,1.08406930961067));
#5410=CARTESIAN_POINT('Ctrl Pts',(-1.30981078764857,0.25,1.08739071785309));
#5411=CARTESIAN_POINT('Ctrl Pts',(-1.30965553654749,0.25,1.09073517600957));
#5412=CARTESIAN_POINT('Ctrl Pts',(-1.30980617072614,0.25,1.09407463105218));
#5413=CARTESIAN_POINT('Ctrl Pts',(-1.30992477545462,0.25,1.09670401544627));
#5414=CARTESIAN_POINT('Ctrl Pts',(-1.3102332871429,0.25,1.09933032708673));
#5415=CARTESIAN_POINT('Ctrl Pts',(-1.31072499577569,0.25,1.10193522601591));
#5416=CARTESIAN_POINT('Ctrl Pts',(-1.31113273459849,0.25,1.10409528250483));
#5417=CARTESIAN_POINT('Ctrl Pts',(-1.31166595716534,0.25,1.10623629202456));
#5418=CARTESIAN_POINT('Ctrl Pts',(-1.31231754503045,0.25,1.10834024288651));
#5419=CARTESIAN_POINT('Ctrl Pts',(-1.31312539527307,0.25,1.11094875864515));
#5420=CARTESIAN_POINT('Ctrl Pts',(-1.31411581140258,0.25,1.11350415942458));
#5421=CARTESIAN_POINT('Ctrl Pts',(-1.31528059206545,0.25,1.11598499522385));
#5422=CARTESIAN_POINT('Ctrl Pts',(-1.31630238523802,0.25,1.11816128571593));
#5423=CARTESIAN_POINT('Ctrl Pts',(-1.31745814453592,0.25,1.12027849867477));
#5424=CARTESIAN_POINT('Ctrl Pts',(-1.31873599574271,0.25,1.12231138137581));
#5425=CARTESIAN_POINT('Ctrl Pts',(-1.32048457158804,0.25,1.12509312119695));
#5426=CARTESIAN_POINT('Ctrl Pts',(-1.32246424558711,0.25,1.12772325324381));
#5427=CARTESIAN_POINT('Ctrl Pts',(-1.32466177231273,0.25,1.13015901034882));
#5428=CARTESIAN_POINT('Ctrl Pts',(1.3245994394902,0.25,1.13015027537845));
#5429=CARTESIAN_POINT('Ctrl Pts',(1.32131741057009,0.25,1.12657734837722));
#5430=CARTESIAN_POINT('Ctrl Pts',(1.31858245298872,0.25,1.12256628844308));
#5431=CARTESIAN_POINT('Ctrl Pts',(1.31638610378328,0.25,1.11826010905596));
#5432=CARTESIAN_POINT('Ctrl Pts',(1.3153899477416,0.25,1.11630703774906));
#5433=CARTESIAN_POINT('Ctrl Pts',(1.31450491801464,0.25,1.11429259642293));
#5434=CARTESIAN_POINT('Ctrl Pts',(1.31373223650276,0.25,1.11222748359025));
#5435=CARTESIAN_POINT('Ctrl Pts',(1.31299162306623,0.25,1.11024807773119));
#5436=CARTESIAN_POINT('Ctrl Pts',(1.31235722945305,0.25,1.10822955199706));
#5437=CARTESIAN_POINT('Ctrl Pts',(1.31183001637096,0.25,1.10618722190705));
#5438=CARTESIAN_POINT('Ctrl Pts',(1.31085094802,0.25,1.10239448454658));
#5439=CARTESIAN_POINT('Ctrl Pts',(1.31023880959502,0.25,1.09851514211308));
#5440=CARTESIAN_POINT('Ctrl Pts',(1.30999785132331,0.25,1.09460900026955));
#5441=CARTESIAN_POINT('Ctrl Pts',(1.30987091695488,0.25,1.09255128444846));
#5442=CARTESIAN_POINT('Ctrl Pts',(1.3098473106878,0.25,1.09048366204991));
#5443=CARTESIAN_POINT('Ctrl Pts',(1.30992890249716,0.25,1.08842167413897));
#5444=CARTESIAN_POINT('Ctrl Pts',(1.31011398916515,0.25,1.08374416453501));
#5445=CARTESIAN_POINT('Ctrl Pts',(1.31083650894701,0.25,1.07912345917785));
#5446=CARTESIAN_POINT('Ctrl Pts',(1.31210398222933,0.25,1.07465437739911));
#5447=CARTESIAN_POINT('Ctrl Pts',(1.31280829967304,0.25,1.07217097021566));
#5448=CARTESIAN_POINT('Ctrl Pts',(1.31368131362513,0.25,1.06973413570076));
#5449=CARTESIAN_POINT('Ctrl Pts',(1.31471048060989,0.25,1.06735265082299));
#5450=CARTESIAN_POINT('Ctrl Pts',(1.31551896941552,0.25,1.06548181363819));
#5451=CARTESIAN_POINT('Ctrl Pts',(1.3164234876893,0.25,1.06364684328102));
#5452=CARTESIAN_POINT('Ctrl Pts',(1.31741307387477,0.25,1.0618602421401));
#5453=CARTESIAN_POINT('Ctrl Pts',(1.31935208782376,0.25,1.05835954196423));
#5454=CARTESIAN_POINT('Ctrl Pts',(1.32162062031846,0.25,1.05503526281505));
#5455=CARTESIAN_POINT('Ctrl Pts',(1.32417336598093,0.25,1.05191903216812));
#5456=CARTESIAN_POINT('Ctrl Pts',(1.32582721642553,0.25,1.04990011601966));
#5457=CARTESIAN_POINT('Ctrl Pts',(1.327597721397,0.25,1.04797263166965));
#5458=CARTESIAN_POINT('Ctrl Pts',(1.3294671031024,0.25,1.04615055951709));
#5459=CARTESIAN_POINT('Ctrl Pts',(1.33229170963622,0.25,1.04339743697805));
#5460=CARTESIAN_POINT('Ctrl Pts',(1.33534505862378,0.25,1.0408804519068));
#5461=CARTESIAN_POINT('Ctrl Pts',(1.3385909129548,0.25,1.03863023616929));
#5462=CARTESIAN_POINT('Ctrl Pts',(1.40148333964131,0.25,1.03860130844204));
#5463=CARTESIAN_POINT('Ctrl Pts',(1.40599492368579,0.25,1.0416747253928));
#5464=CARTESIAN_POINT('Ctrl Pts',(1.41007934257402,0.25,1.04530560620008));
#5465=CARTESIAN_POINT('Ctrl Pts',(1.41368155803208,0.25,1.04938144788067));
#5466=CARTESIAN_POINT('Ctrl Pts',(1.41550456178641,0.25,1.05144414367781));
#5467=CARTESIAN_POINT('Ctrl Pts',(1.41720353691064,0.25,1.05362120397503));
#5468=CARTESIAN_POINT('Ctrl Pts',(1.41876767707263,0.25,1.05589932251075));
#5469=CARTESIAN_POINT('Ctrl Pts',(1.41985729780955,0.25,1.05748631916104));
#5470=CARTESIAN_POINT('Ctrl Pts',(1.42088032796479,0.25,1.05912121325177));
#5471=CARTESIAN_POINT('Ctrl Pts',(1.42182889017253,0.25,1.06079108555642));
#5472=CARTESIAN_POINT('Ctrl Pts',(1.42454983482459,0.25,1.06558110362782));
#5473=CARTESIAN_POINT('Ctrl Pts',(1.42667446182153,0.25,1.0706768371341));
#5474=CARTESIAN_POINT('Ctrl Pts',(1.4281153331688,0.25,1.07596374692531));
#5475=CARTESIAN_POINT('Ctrl Pts',(1.42884120212702,0.25,1.07862713787246));
#5476=CARTESIAN_POINT('Ctrl Pts',(1.42939258672637,0.25,1.08134296229026));
#5477=CARTESIAN_POINT('Ctrl Pts',(1.42975170738366,0.25,1.08406934097893));
#5478=CARTESIAN_POINT('Ctrl Pts',(1.43018920537024,0.25,1.087390746091));
#5479=CARTESIAN_POINT('Ctrl Pts',(1.43034445579802,0.25,1.09073520067205));
#5480=CARTESIAN_POINT('Ctrl Pts',(1.43019382190178,0.25,1.09407465162626));
#5481=CARTESIAN_POINT('Ctrl Pts',(1.43007521428563,0.25,1.09670410174877));
#5482=CARTESIAN_POINT('Ctrl Pts',(1.42976669035379,0.25,1.09933047864732));
#5483=CARTESIAN_POINT('Ctrl Pts',(1.42927496056739,0.25,1.10193544103141));
#5484=CARTESIAN_POINT('Ctrl Pts',(1.4288672007301,0.25,1.104095568539));
#5485=CARTESIAN_POINT('Ctrl Pts',(1.42833394916258,0.25,1.10623664627952));
#5486=CARTESIAN_POINT('Ctrl Pts',(1.42768232468872,0.25,1.10834066245062));
#5487=CARTESIAN_POINT('Ctrl Pts',(1.42687444851791,0.25,1.1109491963468));
#5488=CARTESIAN_POINT('Ctrl Pts',(1.42588400358109,0.25,1.11350461304965));
#5489=CARTESIAN_POINT('Ctrl Pts',(1.42471919129078,0.25,1.11598546185378));
#5490=CARTESIAN_POINT('Ctrl Pts',(1.42369738431423,0.25,1.11816173406253));
#5491=CARTESIAN_POINT('Ctrl Pts',(1.42254161349139,0.25,1.12027892660584));
#5492=CARTESIAN_POINT('Ctrl Pts',(1.42126375212165,0.25,1.12231178890733));
#5493=CARTESIAN_POINT('Ctrl Pts',(1.41951523822294,0.25,1.12509338014446));
#5494=CARTESIAN_POINT('Ctrl Pts',(1.41753564886406,0.25,1.12772337611122));
#5495=CARTESIAN_POINT('Ctrl Pts',(1.41533822742129,0.25,1.13015901567829));
#5496=CARTESIAN_POINT('Origin',(-1.37,0.317955960043842,1.1));
#5497=CARTESIAN_POINT('Ctrl Pts',(-1.30102322194653,0.239830960043842,1.10006354475395));
#5498=CARTESIAN_POINT('Ctrl Pts',(-1.30096866694393,0.239386254050741,1.10623531125066));
#5499=CARTESIAN_POINT('Ctrl Pts',(-1.30455918931029,0.237285319987747,1.13533100736539));
#5500=CARTESIAN_POINT('Ctrl Pts',(-1.34561100182887,0.23352815785486,1.17787162568375));
#5501=CARTESIAN_POINT('Ctrl Pts',(-1.4222821209281,0.228559473645182,1.16264229326793));
#5502=CARTESIAN_POINT('Ctrl Pts',(-1.45097247818617,0.223590789435504,1.08993487121757));
#5503=CARTESIAN_POINT('Ctrl Pts',(-1.40535134661377,0.218622105225827,1.02645910182962));
#5504=CARTESIAN_POINT('Ctrl Pts',(-1.32728713385245,0.213653421016149,1.03047713995922));
#5505=CARTESIAN_POINT('Ctrl Pts',(-1.30110644731018,0.210306372622154,1.07616280958289));
#5506=CARTESIAN_POINT('Ctrl Pts',(-1.30088532711489,0.208615552298052,1.09951326308767));
#5507=CARTESIAN_POINT('Ctrl Pts',(-1.30088619630829,0.208580960043842,1.09999100367757));
#5508=CARTESIAN_POINT('Ctrl Pts',(-1.30092653230921,0.244544039956158,1.09994320076412));
#5509=CARTESIAN_POINT('Ctrl Pts',(-1.30106925932331,0.24305023716432,1.12057352849171));
#5510=CARTESIAN_POINT('Ctrl Pts',(-1.32184277261189,0.23990020630259,1.16444382617122));
#5511=CARTESIAN_POINT('Ctrl Pts',(-1.39639444092743,0.235093947370966,1.17719078545678));
#5512=CARTESIAN_POINT('Ctrl Pts',(-1.44920221904259,0.230125263161289,1.11960655180171));
#5513=CARTESIAN_POINT('Ctrl Pts',(-1.42934342495959,0.225156578951611,1.04398955089961));
#5514=CARTESIAN_POINT('Ctrl Pts',(-1.35501303564749,0.220187894741933,1.01979486042544));
#5515=CARTESIAN_POINT('Ctrl Pts',(-1.30680916248356,0.216233715076782,1.0591104719237));
#5516=CARTESIAN_POINT('Ctrl Pts',(-1.30104285107843,0.213935763481524,1.09102982581272));
#5517=CARTESIAN_POINT('Ctrl Pts',(-1.30108953208805,0.213294039956158,1.09995985540141));
#5518=CARTESIAN_POINT('Ctrl Pts',(-1.4154005605098,0.25,1.13015027537845));
#5519=CARTESIAN_POINT('Ctrl Pts',(-1.42544073523296,0.248343771930107,1.11503168842273));
#5520=CARTESIAN_POINT('Ctrl Pts',(-1.42903989358427,0.245031315790322,1.07422641048574));
#5521=CARTESIAN_POINT('Ctrl Pts',(-1.38020207558486,0.240062631580644,1.0363249541764));
#5522=CARTESIAN_POINT('Ctrl Pts',(-1.32200829624333,0.235093947370966,1.05700329990572));
#5523=CARTESIAN_POINT('Ctrl Pts',(-1.30785559114783,0.230125263161288,1.11707153281425));
#5524=CARTESIAN_POINT('Ctrl Pts',(-1.35073622608222,0.225156578951611,1.16150729854731));
#5525=CARTESIAN_POINT('Ctrl Pts',(-1.41129529841422,0.220187894741932,1.14947833308844));
#5526=CARTESIAN_POINT('Ctrl Pts',(-1.43395652262531,0.215219210532255,1.0920500069762));
#5527=CARTESIAN_POINT('Ctrl Pts',(-1.39792244044131,0.210250526322577,1.04191334854658));
#5528=CARTESIAN_POINT('Ctrl Pts',(-1.33626302601389,0.205281842112899,1.0450870163446));
#5529=CARTESIAN_POINT('Ctrl Pts',(-1.30556518402493,0.200313157903221,1.09865518633903));
#5530=CARTESIAN_POINT('Ctrl Pts',(-1.33400146270793,0.195344473693543,1.15345807801707));
#5531=CARTESIAN_POINT('Ctrl Pts',(-1.39547485851682,0.190375789483866,1.15920033804529));
#5532=CARTESIAN_POINT('Ctrl Pts',(-1.43356908343533,0.185407105274187,1.11061249563074));
#5533=CARTESIAN_POINT('Ctrl Pts',(-1.41332371745532,0.18043842106451,1.05228512472827));
#5534=CARTESIAN_POINT('Ctrl Pts',(-1.35331865006986,0.175469736854832,1.03774741027468));
#5535=CARTESIAN_POINT('Ctrl Pts',(-1.3086226449115,0.170501052645154,1.0803410749203));
#5536=CARTESIAN_POINT('Ctrl Pts',(-1.32025480223577,0.165532368435476,1.14097643642429));
#5537=CARTESIAN_POINT('Ctrl Pts',(-1.37753988081707,0.160563684225798,1.1640062737025));
#5538=CARTESIAN_POINT('Ctrl Pts',(-1.42790534508051,0.15559500001612,1.1282952996058));
#5539=CARTESIAN_POINT('Ctrl Pts',(-1.42512903308348,0.150626315806442,1.06661673066576));
#5540=CARTESIAN_POINT('Ctrl Pts',(-1.37175886425963,0.145657631596765,1.03557516520655));
#5541=CARTESIAN_POINT('Ctrl Pts',(-1.31677452369938,0.140688947387087,1.06365854121894));
#5542=CARTESIAN_POINT('Ctrl Pts',(-1.31063707883242,0.135720263177409,1.12509375504568));
#5543=CARTESIAN_POINT('Ctrl Pts',(-1.35897907913924,0.130751578967731,1.16349954529992));
#5544=CARTESIAN_POINT('Ctrl Pts',(-1.41743536698483,0.125782894758053,1.14362956463558));
#5545=CARTESIAN_POINT('Ctrl Pts',(-1.43235854655123,0.120814210548375,1.08371919464068));
#5546=CARTESIAN_POINT('Ctrl Pts',(-1.39005308993443,0.115845526338697,1.03875029358962));
#5547=CARTESIAN_POINT('Ctrl Pts',(-1.32934420586218,0.110876842129019,1.04999240704714));
#5548=CARTESIAN_POINT('Ctrl Pts',(-1.30594657708799,0.105908157919342,1.10712825119476));
#5549=CARTESIAN_POINT('Ctrl Pts',(-1.34133303230051,0.100939473709664,1.15772224802171));
#5550=CARTESIAN_POINT('Ctrl Pts',(-1.40302817416247,0.0959707894999858,
1.15534250313403));
#5551=CARTESIAN_POINT('Ctrl Pts',(-1.43441219654021,0.0910021052903079,
1.10217299264317));
#5552=CARTESIAN_POINT('Ctrl Pts',(-1.40668287551726,0.0860334210806301,
1.0470092497462));
#5553=CARTESIAN_POINT('Ctrl Pts',(-1.34528838711535,0.0810647368709522,
1.04047698710033));
#5554=CARTESIAN_POINT('Ctrl Pts',(-1.30657261593276,0.0760960526612743,
1.088571089596));
#5555=CARTESIAN_POINT('Ctrl Pts',(-1.32606639271056,0.0711273684515964,
1.14715390973701));
#5556=CARTESIAN_POINT('Ctrl Pts',(-1.38587958562764,0.0661586842419185,
1.16246191738408));
#5557=CARTESIAN_POINT('Ctrl Pts',(-1.43111953077607,0.0611900000322406,
1.12044643670809));
#5558=CARTESIAN_POINT('Ctrl Pts',(-1.42026791281274,0.0562213158225629,
1.05966651051829));
#5559=CARTESIAN_POINT('Ctrl Pts',(-1.36328369021026,0.051252631612885,1.03590210905235));
#5560=CARTESIAN_POINT('Ctrl Pts',(-1.31246320020825,0.046283947403207,1.07096248181796));
#5561=CARTESIAN_POINT('Ctrl Pts',(-1.31444638279072,0.0413152631935292,
1.13267184795031));
#5562=CARTESIAN_POINT('Ctrl Pts',(-1.36741283110443,0.0363465789838513,
1.16439662836503));
#5563=CARTESIAN_POINT('Ctrl Pts',(-1.42275410978331,0.0313778947741734,
1.13702331236182));
#5564=CARTESIAN_POINT('Ctrl Pts',(-1.42968009305769,0.0264092105644955,
1.07567047743942));
#5565=CARTESIAN_POINT('Ctrl Pts',(-1.38183753175818,0.0214405263548177,
1.03664954650357));
#5566=CARTESIAN_POINT('Ctrl Pts',(-1.32312728614268,0.0164718421451398,
1.05575986600616));
#5567=CARTESIAN_POINT('Ctrl Pts',(-1.30744171724029,0.0115031579354619,
1.11548631790872));
#5568=CARTESIAN_POINT('Ctrl Pts',(-1.34915220534959,0.00653447372578403,
1.16096957689438));
#5569=CARTESIAN_POINT('Ctrl Pts',(-1.41002725044092,0.00156578951610617,
1.1505609832679));
#5570=CARTESIAN_POINT('Ctrl Pts',(-1.43410395727163,-0.00340289469357171,
1.09362272683604));
#5571=CARTESIAN_POINT('Ctrl Pts',(-1.41101668011094,-0.00671535083335697,
1.05978484449009));
#5572=CARTESIAN_POINT('Ctrl Pts',(-1.39486727551379,-0.00837157890324959,
1.05150393203031));
#5573=CARTESIAN_POINT('Ctrl Pts',(-1.41942690991281,0.252790526301083,1.1328241530114));
#5574=CARTESIAN_POINT('Ctrl Pts',(-1.43035749768481,0.251134298231191,1.11636477394035));
#5575=CARTESIAN_POINT('Ctrl Pts',(-1.43427584744954,0.247821842091405,1.07194067930558));
#5576=CARTESIAN_POINT('Ctrl Pts',(-1.3811068468141,0.242853157881728,1.03067793176391));
#5577=CARTESIAN_POINT('Ctrl Pts',(-1.31775215126185,0.237884473672049,1.05319013690042));
#5578=CARTESIAN_POINT('Ctrl Pts',(-1.30234431329856,0.232915789462372,1.11858552196291));
#5579=CARTESIAN_POINT('Ctrl Pts',(-1.34902781799777,0.227947105252694,1.16696207425946));
#5580=CARTESIAN_POINT('Ctrl Pts',(-1.41495757258552,0.222978421043016,1.15386631981493));
#5581=CARTESIAN_POINT('Ctrl Pts',(-1.43962850781227,0.218009736833338,1.09134496172332));
#5582=CARTESIAN_POINT('Ctrl Pts',(-1.40039874249879,0.21304105262366,1.03676193297426));
#5583=CARTESIAN_POINT('Ctrl Pts',(-1.33327106196008,0.208072368413982,1.04021705754948));
#5584=CARTESIAN_POINT('Ctrl Pts',(-1.29985078138494,0.203103684204304,1.09853592151895));
#5585=CARTESIAN_POINT('Ctrl Pts',(-1.33080893187774,0.198134999994627,1.15819900848341));
#5586=CARTESIAN_POINT('Ctrl Pts',(-1.39773409673391,0.193166315784949,1.16445052093004));
#5587=CARTESIAN_POINT('Ctrl Pts',(-1.4392067085718,0.188197631575271,1.11155366496803));
#5588=CARTESIAN_POINT('Ctrl Pts',(-1.41716588200029,0.183228947365593,1.04805353028521));
#5589=CARTESIAN_POINT('Ctrl Pts',(-1.35183926429623,0.178260263155915,1.03222653840301));
#5590=CARTESIAN_POINT('Ctrl Pts',(-1.30317939323699,0.173291578946237,1.07859762284901));
#5591=CARTESIAN_POINT('Ctrl Pts',(-1.31584314861141,0.168322894736559,1.14461043231513));
#5592=CARTESIAN_POINT('Ctrl Pts',(-1.37820855526262,0.163354210526881,1.1696826710645));
#5593=CARTESIAN_POINT('Ctrl Pts',(-1.43304068149438,0.158385526317204,1.13080466868399));
#5594=CARTESIAN_POINT('Ctrl Pts',(-1.43001815222544,0.153416842107526,1.0636561349144));
#5595=CARTESIAN_POINT('Ctrl Pts',(-1.37191484916338,0.148448157897848,1.02986164774781));
#5596=CARTESIAN_POINT('Ctrl Pts',(-1.31205422151982,0.14347947368817,1.06043559839126));
#5597=CARTESIAN_POINT('Ctrl Pts',(-1.30537247726098,0.138510789478492,1.12731919509561));
#5598=CARTESIAN_POINT('Ctrl Pts',(-1.35800168860419,0.133542105268814,1.16913100344579));
#5599=CARTESIAN_POINT('Ctrl Pts',(-1.4216421732312,0.128573421059136,1.1474988532424));
#5600=CARTESIAN_POINT('Ctrl Pts',(-1.43788881520562,0.123604736849458,1.08227533116845));
#5601=CARTESIAN_POINT('Ctrl Pts',(-1.39183149852188,0.118636052639781,1.03331836244008));
#5602=CARTESIAN_POINT('Ctrl Pts',(-1.32573864613742,0.113667368430103,1.04555748290147));
#5603=CARTESIAN_POINT('Ctrl Pts',(-1.30026599829762,0.108698684220425,1.10776042026096));
#5604=CARTESIAN_POINT('Ctrl Pts',(-1.33879070183174,0.103730000010747,1.16284134647011));
#5605=CARTESIAN_POINT('Ctrl Pts',(-1.40595727829308,0.0987613158010691,
1.16025055387069));
#5606=CARTESIAN_POINT('Ctrl Pts',(-1.44012459317527,0.0937926315913911,
1.10236570452896));
#5607=CARTESIAN_POINT('Ctrl Pts',(-1.40993609689341,0.0888239473817132,
1.04230976424969));
#5608=CARTESIAN_POINT('Ctrl Pts',(-1.34309683734882,0.0838552631720354,
1.03519818779118));
#5609=CARTESIAN_POINT('Ctrl Pts',(-1.30094755740691,0.0788865789623575,
1.08755751650207));
#5610=CARTESIAN_POINT('Ctrl Pts',(-1.32217014007632,0.0739178947526795,
1.15133575494304));
#5611=CARTESIAN_POINT('Ctrl Pts',(-1.38728786692184,0.0689492105430018,
1.16800135348237));
#5612=CARTESIAN_POINT('Ctrl Pts',(-1.4365399172975,0.0639805263333238,1.12225972926018));
#5613=CARTESIAN_POINT('Ctrl Pts',(-1.42472592342916,0.0590118421236461,
1.05608953438688));
#5614=CARTESIAN_POINT('Ctrl Pts',(-1.36268805417387,0.0540431579139681,
1.03021758661357));
#5615=CARTESIAN_POINT('Ctrl Pts',(-1.30736054823895,0.0490744737042903,
1.06838728907399));
#5616=CARTESIAN_POINT('Ctrl Pts',(-1.30951960939907,0.0441057894946124,
1.13556935128536));
#5617=CARTESIAN_POINT('Ctrl Pts',(-1.36718338799137,0.0391371052849345,
1.17010764433624));
#5618=CARTESIAN_POINT('Ctrl Pts',(-1.42743260881607,0.0341684210752566,
1.14030672538473));
#5619=CARTESIAN_POINT('Ctrl Pts',(-1.43497282302305,0.0291997368655788,
1.07351281335912));
#5620=CARTESIAN_POINT('Ctrl Pts',(-1.38288734344315,0.0242310526559009,
1.03103131056657));
#5621=CARTESIAN_POINT('Ctrl Pts',(-1.31897037879753,0.019262368446223,1.05183642904646));
#5622=CARTESIAN_POINT('Ctrl Pts',(-1.3018937349772,0.0142936842365451,1.11685972224925));
#5623=CARTESIAN_POINT('Ctrl Pts',(-1.34730331836225,0.00932500002686723,
1.16637666475352));
#5624=CARTESIAN_POINT('Ctrl Pts',(-1.41357706775831,0.00435631581718937,
1.15504498484212));
#5625=CARTESIAN_POINT('Ctrl Pts',(-1.43978901770245,-0.000612368392488513,
1.09305715826798));
#5626=CARTESIAN_POINT('Ctrl Pts',(-1.41465424501374,-0.00392482453227377,
1.05621836280879));
#5627=CARTESIAN_POINT('Ctrl Pts',(-1.39707263022297,-0.00558105260216639,
1.04720305750088));
#5628=CARTESIAN_POINT('Ctrl Pts',(-1.42345325931582,0.255581052602166,1.13549803064435));
#5629=CARTESIAN_POINT('Ctrl Pts',(-1.43527426013666,0.253924824532274,1.11769785945796));
#5630=CARTESIAN_POINT('Ctrl Pts',(-1.43951180131481,0.250612368392488,1.06965494812541));
#5631=CARTESIAN_POINT('Ctrl Pts',(-1.38201161804334,0.245643684182811,1.02503090935142));
#5632=CARTESIAN_POINT('Ctrl Pts',(-1.31349600628037,0.240674999973133,1.04937697389511));
#5633=CARTESIAN_POINT('Ctrl Pts',(-1.29683303544928,0.235706315763455,1.12009951111158));
#5634=CARTESIAN_POINT('Ctrl Pts',(-1.34731940991332,0.230737631553777,1.1724168499716));
#5635=CARTESIAN_POINT('Ctrl Pts',(-1.41861984675681,0.225768947344099,1.15825430654143));
#5636=CARTESIAN_POINT('Ctrl Pts',(-1.44530049299922,0.220800263134421,1.09063991647045));
#5637=CARTESIAN_POINT('Ctrl Pts',(-1.40287504455628,0.215831578924743,1.03161051740194));
#5638=CARTESIAN_POINT('Ctrl Pts',(-1.33027909790626,0.210862894715066,1.03534709875435));
#5639=CARTESIAN_POINT('Ctrl Pts',(-1.29413637874495,0.205894210505387,1.09841665669886));
#5640=CARTESIAN_POINT('Ctrl Pts',(-1.32761640104756,0.20092552629571,1.16293993894976));
#5641=CARTESIAN_POINT('Ctrl Pts',(-1.399993334951,0.195956842086032,1.16970070381479));
#5642=CARTESIAN_POINT('Ctrl Pts',(-1.44484433370826,0.190988157876354,1.11249483430531));
#5643=CARTESIAN_POINT('Ctrl Pts',(-1.42100804654525,0.186019473666676,1.04382193584215));
#5644=CARTESIAN_POINT('Ctrl Pts',(-1.35035987852261,0.181050789456998,1.02670566653135));
#5645=CARTESIAN_POINT('Ctrl Pts',(-1.29773614156247,0.17608210524732,1.07685417077772));
#5646=CARTESIAN_POINT('Ctrl Pts',(-1.31143149498707,0.171113421037642,1.14824442820597));
#5647=CARTESIAN_POINT('Ctrl Pts',(-1.37887722970817,0.166144736827965,1.17535906842649));
#5648=CARTESIAN_POINT('Ctrl Pts',(-1.43817601790825,0.161176052618287,1.13331403776218));
#5649=CARTESIAN_POINT('Ctrl Pts',(-1.4349072713674,0.156207368408609,1.06069553916305));
#5650=CARTESIAN_POINT('Ctrl Pts',(-1.37207083406714,0.151238684198931,1.02414813028906));
#5651=CARTESIAN_POINT('Ctrl Pts',(-1.30733391934025,0.146269999989253,1.05721265556358));
#5652=CARTESIAN_POINT('Ctrl Pts',(-1.30010787568955,0.141301315779575,1.12954463514553));
#5653=CARTESIAN_POINT('Ctrl Pts',(-1.35702429806913,0.136332631569897,1.17476246159165));
#5654=CARTESIAN_POINT('Ctrl Pts',(-1.42584897947756,0.13136394736022,1.15136814184923));
#5655=CARTESIAN_POINT('Ctrl Pts',(-1.44341908386001,0.126395263150542,1.08083146769621));
#5656=CARTESIAN_POINT('Ctrl Pts',(-1.39360990710934,0.121426578940864,1.02788643129053));
#5657=CARTESIAN_POINT('Ctrl Pts',(-1.32213308641266,0.116457894731186,1.0411225587558));
#5658=CARTESIAN_POINT('Ctrl Pts',(-1.29458541950726,0.111489210521508,1.10839258932716));
#5659=CARTESIAN_POINT('Ctrl Pts',(-1.33624837136298,0.10652052631183,1.16796044491852));
#5660=CARTESIAN_POINT('Ctrl Pts',(-1.4088863824237,0.101551842102152,1.16515860460735));
#5661=CARTESIAN_POINT('Ctrl Pts',(-1.44583698981034,0.0965831578924743,
1.10255841641475));
#5662=CARTESIAN_POINT('Ctrl Pts',(-1.41318931826956,0.0916144736827965,
1.03761027875317));
#5663=CARTESIAN_POINT('Ctrl Pts',(-1.34090528758229,0.0866457894731186,
1.02991938848204));
#5664=CARTESIAN_POINT('Ctrl Pts',(-1.29532249888107,0.0816771052634407,
1.08654394340814));
#5665=CARTESIAN_POINT('Ctrl Pts',(-1.31827388744209,0.0767084210537629,
1.15551760014907));
#5666=CARTESIAN_POINT('Ctrl Pts',(-1.38869614821603,0.0717397368440849,
1.17354078958065));
#5667=CARTESIAN_POINT('Ctrl Pts',(-1.44196030381893,0.0667710526344071,
1.12407302181227));
#5668=CARTESIAN_POINT('Ctrl Pts',(-1.42918393404558,0.0618023684247292,
1.05251255825548));
#5669=CARTESIAN_POINT('Ctrl Pts',(-1.36209241813747,0.0568336842150513,
1.02453306417479));
#5670=CARTESIAN_POINT('Ctrl Pts',(-1.30225789626966,0.0518650000053735,
1.06581209633002));
#5671=CARTESIAN_POINT('Ctrl Pts',(-1.30459283600742,0.0468963157956956,
1.1384668546204));
#5672=CARTESIAN_POINT('Ctrl Pts',(-1.36695394487831,0.0419276315860177,
1.17581866030745));
#5673=CARTESIAN_POINT('Ctrl Pts',(-1.43211110784885,0.0369589473763398,
1.14359013840764));
#5674=CARTESIAN_POINT('Ctrl Pts',(-1.44026555298841,0.0319902631666619,
1.07135514927883));
#5675=CARTESIAN_POINT('Ctrl Pts',(-1.38393715512813,0.0270215789569841,
1.02541307462958));
#5676=CARTESIAN_POINT('Ctrl Pts',(-1.31481347145239,0.0220528947473062,
1.04791299208677));
#5677=CARTESIAN_POINT('Ctrl Pts',(-1.2963457527141,0.0170842105376283,1.11823312658978));
#5678=CARTESIAN_POINT('Ctrl Pts',(-1.34545443137491,0.0121155263279504,
1.17178375261265));
#5679=CARTESIAN_POINT('Ctrl Pts',(-1.4171268850757,0.00714684211827257,
1.15952898641634));
#5680=CARTESIAN_POINT('Ctrl Pts',(-1.44547407813327,0.00217815790859468,
1.09249158969993));
#5681=CARTESIAN_POINT('Ctrl Pts',(-1.41829180991654,-0.00113429823119057,
1.05265188112748));
#5682=CARTESIAN_POINT('Ctrl Pts',(-1.39927798493214,-0.0027905263010832,
1.04290218297146));
#5683=CARTESIAN_POINT('Ctrl Pts',(-1.42747960871883,0.25837157890325,1.1381719082773));
#5684=CARTESIAN_POINT('Ctrl Pts',(-1.44019102258851,0.256715350833357,1.11903094497557));
#5685=CARTESIAN_POINT('Ctrl Pts',(-1.44474775518008,0.253402894693572,1.06736921694525));
#5686=CARTESIAN_POINT('Ctrl Pts',(-1.38291638927258,0.248434210483894,1.01938388693892));
#5687=CARTESIAN_POINT('Ctrl Pts',(-1.30923986129889,0.243465526274216,1.04556381088981));
#5688=CARTESIAN_POINT('Ctrl Pts',(-1.2913217576,0.238496842064538,1.12161350026024));
#5689=CARTESIAN_POINT('Ctrl Pts',(-1.34561100182887,0.23352815785486,1.17787162568375));
#5690=CARTESIAN_POINT('Ctrl Pts',(-1.4222821209281,0.228559473645182,1.16264229326793));
#5691=CARTESIAN_POINT('Ctrl Pts',(-1.45097247818617,0.223590789435504,1.08993487121757));
#5692=CARTESIAN_POINT('Ctrl Pts',(-1.40535134661377,0.218622105225827,1.02645910182962));
#5693=CARTESIAN_POINT('Ctrl Pts',(-1.32728713385245,0.213653421016149,1.03047713995922));
#5694=CARTESIAN_POINT('Ctrl Pts',(-1.28842197610496,0.208684736806471,1.09829739187877));
#5695=CARTESIAN_POINT('Ctrl Pts',(-1.32442387021737,0.203716052596793,1.1676808694161));
#5696=CARTESIAN_POINT('Ctrl Pts',(-1.40225257316808,0.198747368387115,1.17495088669954));
#5697=CARTESIAN_POINT('Ctrl Pts',(-1.45048195884473,0.193778684177437,1.11343600364259));
#5698=CARTESIAN_POINT('Ctrl Pts',(-1.42485021109022,0.188809999967759,1.03959034139909));
#5699=CARTESIAN_POINT('Ctrl Pts',(-1.34888049274899,0.183841315758082,1.02118479465968));
#5700=CARTESIAN_POINT('Ctrl Pts',(-1.29229288988796,0.178872631548404,1.07511071870643));
#5701=CARTESIAN_POINT('Ctrl Pts',(-1.30701984136271,0.173903947338726,1.1518784240968));
#5702=CARTESIAN_POINT('Ctrl Pts',(-1.37954590415372,0.168935263129048,1.18103546578849));
#5703=CARTESIAN_POINT('Ctrl Pts',(-1.44331135432212,0.16396657891937,1.13582340684037));
#5704=CARTESIAN_POINT('Ctrl Pts',(-1.43979639050936,0.158997894709692,1.05773494341169));
#5705=CARTESIAN_POINT('Ctrl Pts',(-1.3722268189709,0.154029210500014,1.01843461283031));
#5706=CARTESIAN_POINT('Ctrl Pts',(-1.30261361716069,0.149060526290336,1.0539897127359));
#5707=CARTESIAN_POINT('Ctrl Pts',(-1.29484327411811,0.144091842080658,1.13177007519545));
#5708=CARTESIAN_POINT('Ctrl Pts',(-1.35604690753408,0.139123157870981,1.18039391973751));
#5709=CARTESIAN_POINT('Ctrl Pts',(-1.43005578572392,0.134154473661303,1.15523743045605));
#5710=CARTESIAN_POINT('Ctrl Pts',(-1.4489493525144,0.129185789451625,1.07938760422398));
#5711=CARTESIAN_POINT('Ctrl Pts',(-1.3953883156968,0.124217105241947,1.02245450014099));
#5712=CARTESIAN_POINT('Ctrl Pts',(-1.3185275266879,0.119248421032269,1.03668763461014));
#5713=CARTESIAN_POINT('Ctrl Pts',(-1.2889048407169,0.114279736822591,1.10902475839336));
#5714=CARTESIAN_POINT('Ctrl Pts',(-1.33370604089422,0.109311052612913,1.17307954336693));
#5715=CARTESIAN_POINT('Ctrl Pts',(-1.41181548655431,0.104342368403236,1.17006665534401));
#5716=CARTESIAN_POINT('Ctrl Pts',(-1.4515493864454,0.0993736841935575,1.10275112830053));
#5717=CARTESIAN_POINT('Ctrl Pts',(-1.41644253964571,0.0944049999838796,
1.03291079325666));
#5718=CARTESIAN_POINT('Ctrl Pts',(-1.33871373781576,0.0894363157742018,
1.02464058917289));
#5719=CARTESIAN_POINT('Ctrl Pts',(-1.28969744035523,0.0844676315645239,
1.08553037031421));
#5720=CARTESIAN_POINT('Ctrl Pts',(-1.31437763480786,0.0794989473548461,
1.15969944535511));
#5721=CARTESIAN_POINT('Ctrl Pts',(-1.39010442951022,0.0745302631451681,
1.17908022567893));
#5722=CARTESIAN_POINT('Ctrl Pts',(-1.44738069034035,0.0695615789354903,
1.12588631436437));
#5723=CARTESIAN_POINT('Ctrl Pts',(-1.433641944662,0.0645928947258125,1.04893558212407));
#5724=CARTESIAN_POINT('Ctrl Pts',(-1.36149678210107,0.0596242105161345,
1.018848541736));
#5725=CARTESIAN_POINT('Ctrl Pts',(-1.29715524430036,0.0546555263064567,
1.06323690358605));
#5726=CARTESIAN_POINT('Ctrl Pts',(-1.29966606261577,0.0496868420967788,
1.14136435795544));
#5727=CARTESIAN_POINT('Ctrl Pts',(-1.36672450176525,0.0447181578871009,
1.18152967627866));
#5728=CARTESIAN_POINT('Ctrl Pts',(-1.43678960688162,0.039749473677423,1.14687355143055));
#5729=CARTESIAN_POINT('Ctrl Pts',(-1.44555828295377,0.0347807894677451,
1.06919748519853));
#5730=CARTESIAN_POINT('Ctrl Pts',(-1.38498696681311,0.0298121052580673,
1.01979483869259));
#5731=CARTESIAN_POINT('Ctrl Pts',(-1.31065656410724,0.0248434210483894,
1.04398955512707));
#5732=CARTESIAN_POINT('Ctrl Pts',(-1.29079777045101,0.0198747368387115,
1.11960653093031));
#5733=CARTESIAN_POINT('Ctrl Pts',(-1.34360554438756,0.0149060526290336,
1.17719084047179));
#5734=CARTESIAN_POINT('Ctrl Pts',(-1.42067670239309,0.00993736841935576,
1.16401298799055));
#5735=CARTESIAN_POINT('Ctrl Pts',(-1.45115913856409,0.00496868420967788,
1.09192602113187));
#5736=CARTESIAN_POINT('Ctrl Pts',(-1.42192937481935,0.00165622806989262,
1.04908539944617));
#5737=CARTESIAN_POINT('Ctrl Pts',(-1.40148333964131,0.,1.03860130844204));
#5738=CARTESIAN_POINT('Ctrl Pts',(-1.31541011157684,0.200209381140592,1.0999928942091));
#5739=CARTESIAN_POINT('Ctrl Pts',(-1.31540942504002,0.200243973394802,1.09961554838084));
#5740=CARTESIAN_POINT('Ctrl Pts',(-1.3154129982392,0.200278565649011,1.09923821594815));
#5741=CARTESIAN_POINT('Ctrl Pts',(-1.31542087080359,0.200313157903221,1.0988609732863));
#5742=CARTESIAN_POINT('Ctrl Pts',(-1.31579779802125,0.201969385973114,1.08079912967422));
#5743=CARTESIAN_POINT('Ctrl Pts',(-1.32603041201757,0.203625614043007,1.06294307300941));
#5744=CARTESIAN_POINT('Ctrl Pts',(-1.34142328808697,0.205281842112899,1.053486100044));
#5745=CARTESIAN_POINT('Ctrl Pts',(-1.35681616415636,0.206938070182792,1.0440291270786));
#5746=CARTESIAN_POINT('Ctrl Pts',(-1.37736930229884,0.208594298252684,1.04297123781259));
#5747=CARTESIAN_POINT('Ctrl Pts',(-1.39365155173407,0.210250526322577,1.05079840291785));
#5748=CARTESIAN_POINT('Ctrl Pts',(-1.40993380116931,0.21190675439247,1.05862556802312));
#5749=CARTESIAN_POINT('Ctrl Pts',(-1.42194516189731,0.213562982462362,1.07533778749966));
#5750=CARTESIAN_POINT('Ctrl Pts',(-1.42417397155946,0.215219210532255,1.0932652849233));
#5751=CARTESIAN_POINT('Ctrl Pts',(-1.42640278122162,0.216875438602147,1.11119278234694));
#5752=CARTESIAN_POINT('Ctrl Pts',(-1.41884903981792,0.21853166667204,1.13033555771769));
#5753=CARTESIAN_POINT('Ctrl Pts',(-1.40497899039407,0.220187894741933,1.14191177297954));
#5754=CARTESIAN_POINT('Ctrl Pts',(-1.39110894097022,0.221844122811825,1.15348798824139));
#5755=CARTESIAN_POINT('Ctrl Pts',(-1.37092258352622,0.223500350881718,1.15749764339435));
#5756=CARTESIAN_POINT('Ctrl Pts',(-1.35368263231515,0.225156578951611,1.15209651001532));
#5757=CARTESIAN_POINT('Ctrl Pts',(-1.33644268110409,0.226812807021503,1.14669537663629));
#5758=CARTESIAN_POINT('Ctrl Pts',(-1.32214913612596,0.228469035091396,1.13188345472527));
#5759=CARTESIAN_POINT('Ctrl Pts',(-1.31736114781948,0.230125263161288,1.11446612161834));
#5760=CARTESIAN_POINT('Ctrl Pts',(-1.31607554764551,0.23056996915439,1.10978947559519));
#5761=CARTESIAN_POINT('Ctrl Pts',(-1.31547525142673,0.231014675147491,1.10492499221972));
#5762=CARTESIAN_POINT('Ctrl Pts',(-1.31551834197226,0.231459381140592,1.10005019114624));
#5763=CARTESIAN_POINT('Ctrl Pts',(-1.33851666035869,0.25,1.03860130844204));
#5764=CARTESIAN_POINT('Ctrl Pts',(-1.31807062518065,0.248343771930107,1.04908539944617));
#5765=CARTESIAN_POINT('Ctrl Pts',(-1.28884080105307,0.245031315790322,1.09192586409798));
#5766=CARTESIAN_POINT('Ctrl Pts',(-1.31932333376603,0.240062631580644,1.16401304862973));
#5767=CARTESIAN_POINT('Ctrl Pts',(-1.39639444092743,0.235093947370966,1.17719078545678));
#5768=CARTESIAN_POINT('Ctrl Pts',(-1.44920221904259,0.230125263161289,1.11960655180171));
#5769=CARTESIAN_POINT('Ctrl Pts',(-1.42934342495959,0.225156578951611,1.04398955089961));
#5770=CARTESIAN_POINT('Ctrl Pts',(-1.35501303564749,0.220187894741933,1.01979486042544));
#5771=CARTESIAN_POINT('Ctrl Pts',(-1.29444173041677,0.215219210532255,1.06919748615002));
#5772=CARTESIAN_POINT('Ctrl Pts',(-1.30321040440802,0.210250526322577,1.1468735457342));
#5773=CARTESIAN_POINT('Ctrl Pts',(-1.37327549785869,0.205281842112899,1.18152966085506));
#5774=CARTESIAN_POINT('Ctrl Pts',(-1.44033392509182,0.200313157903221,1.14136435151435));
#5775=CARTESIAN_POINT('Ctrl Pts',(-1.44284474317367,0.195344473693543,1.06323690956076));
#5776=CARTESIAN_POINT('Ctrl Pts',(-1.37850321638233,0.190375789483866,1.01884855598235));
#5777=CARTESIAN_POINT('Ctrl Pts',(-1.30635806637476,0.185407105274188,1.04893559084819));
#5778=CARTESIAN_POINT('Ctrl Pts',(-1.29261932303196,0.18043842106451,1.12588630994452));
#5779=CARTESIAN_POINT('Ctrl Pts',(-1.34989557397634,0.175469736854832,1.17908021196656));
#5780=CARTESIAN_POINT('Ctrl Pts',(-1.42562235556452,0.170501052645154,1.15969943504316));
#5781=CARTESIAN_POINT('Ctrl Pts',(-1.45030254575452,0.165532368435476,1.0855303728089));
#5782=CARTESIAN_POINT('Ctrl Pts',(-1.40128625677016,0.160563684225798,1.02464060221502));
#5783=CARTESIAN_POINT('Ctrl Pts',(-1.32355746838986,0.15559500001612,1.03291080486109));
#5784=CARTESIAN_POINT('Ctrl Pts',(-1.28845062766269,0.150626315806443,1.10275112782581));
#5785=CARTESIAN_POINT('Ctrl Pts',(-1.32818452068021,0.145657631596765,1.17006664322144));
#5786=CARTESIAN_POINT('Ctrl Pts',(-1.40629395282661,0.140688947387087,1.1730795307241));
#5787=CARTESIAN_POINT('Ctrl Pts',(-1.45109514525325,0.135720263177409,1.10902475683186));
#5788=CARTESIAN_POINT('Ctrl Pts',(-1.42147246440704,0.130751578967731,1.03668764556361));
#5789=CARTESIAN_POINT('Ctrl Pts',(-1.34461168869553,0.125782894758053,1.02245451355676));
#5790=CARTESIAN_POINT('Ctrl Pts',(-1.29105066114427,0.120814210548375,1.07938760779004));
#5791=CARTESIAN_POINT('Ctrl Pts',(-1.30994422466606,0.115845526338697,1.15523742089971));
#5792=CARTESIAN_POINT('Ctrl Pts',(-1.38395309005197,0.110876842129019,1.18039390582883));
#5793=CARTESIAN_POINT('Ctrl Pts',(-1.44515671287933,0.105908157919342,1.13177006969923));
#5794=CARTESIAN_POINT('Ctrl Pts',(-1.43738637118116,0.100939473709664,1.05398972069559));
#5795=CARTESIAN_POINT('Ctrl Pts',(-1.36777318141422,0.095970789499986,1.01843462694225));
#5796=CARTESIAN_POINT('Ctrl Pts',(-1.30020362156607,0.091002105290308,1.0577349507225));
#5797=CARTESIAN_POINT('Ctrl Pts',(-1.29668865836065,0.0860334210806301,
1.13582340064516));
#5798=CARTESIAN_POINT('Ctrl Pts',(-1.36045409749878,0.0810647368709523,
1.18103545176427));
#5799=CARTESIAN_POINT('Ctrl Pts',(-1.43298014773937,0.0760960526612743,
1.15187841513032));
#5800=CARTESIAN_POINT('Ctrl Pts',(-1.44770709667224,0.0711273684515965,
1.07511072299585));
#5801=CARTESIAN_POINT('Ctrl Pts',(-1.39111950358935,0.0661586842419186,
1.02118480832634));
#5802=CARTESIAN_POINT('Ctrl Pts',(-1.31514979841477,0.0611900000322407,
1.03959035179183));
#5803=CARTESIAN_POINT('Ctrl Pts',(-1.28951805504816,0.0562213158225628,
1.1134360014272));
#5804=CARTESIAN_POINT('Ctrl Pts',(-1.33774743247314,0.051252631612885,1.17495087353006));
#5805=CARTESIAN_POINT('Ctrl Pts',(-1.41557612177605,0.0462839474032071,
1.16768085808068));
#5806=CARTESIAN_POINT('Ctrl Pts',(-1.45157801002281,0.0413152631935292,
1.0982973914887));
#5807=CARTESIAN_POINT('Ctrl Pts',(-1.41271285827973,0.0363465789838513,
1.03047715323047));
#5808=CARTESIAN_POINT('Ctrl Pts',(-1.33464866045034,0.0313778947741735,
1.02645911231783));
#5809=CARTESIAN_POINT('Ctrl Pts',(-1.28902753394303,0.0264092105644956,
1.08993487692365));
#5810=CARTESIAN_POINT('Ctrl Pts',(-1.31771789184246,0.0214405263548177,
1.16264227551168));
#5811=CARTESIAN_POINT('Ctrl Pts',(-1.39438898656679,0.0164718421451398,
1.17787162402703));
#5812=CARTESIAN_POINT('Ctrl Pts',(-1.44867824343742,0.0115031579354619,
1.12161347691664));
#5813=CARTESIAN_POINT('Ctrl Pts',(-1.4307600989965,0.00653447372578405,
1.04556385170457));
#5814=CARTESIAN_POINT('Ctrl Pts',(-1.35708367191476,0.00156578951610622,
1.01938385171533));
#5815=CARTESIAN_POINT('Ctrl Pts',(-1.2952521153784,-0.00340289469357171,
1.06736932441907));
#5816=CARTESIAN_POINT('Ctrl Pts',(-1.29980897741149,-0.00671535083335691,
1.11903094497557));
#5817=CARTESIAN_POINT('Ctrl Pts',(-1.31252039128117,-0.00837157890324955,
1.1381719082773));
#5818=CARTESIAN_POINT('Ctrl Pts',(-1.34072201506786,0.252790526301083,1.04290218297146));
#5819=CARTESIAN_POINT('Ctrl Pts',(-1.32170819008346,0.251134298231191,1.05265188112748));
#5820=CARTESIAN_POINT('Ctrl Pts',(-1.2945258657136,0.247821842091405,1.092491443666));
#5821=CARTESIAN_POINT('Ctrl Pts',(-1.32287314855053,0.242853157881728,1.15952904280784));
#5822=CARTESIAN_POINT('Ctrl Pts',(-1.39454555496875,0.237884473672049,1.17178370145135));
#5823=CARTESIAN_POINT('Ctrl Pts',(-1.44365423751545,0.232915789462372,1.11823314599918));
#5824=CARTESIAN_POINT('Ctrl Pts',(-1.4251865183803,0.227947105252694,1.04791298815543));
#5825=CARTESIAN_POINT('Ctrl Pts',(-1.3560628471601,0.222978421043016,1.02541309484009));
#5826=CARTESIAN_POINT('Ctrl Pts',(-1.29973445944555,0.218009736833338,1.07135515016367));
#5827=CARTESIAN_POINT('Ctrl Pts',(-1.30788890264997,0.21304105262366,1.14359013311031));
#5828=CARTESIAN_POINT('Ctrl Pts',(-1.37304605477197,0.208072368413982,1.17581864596425));
#5829=CARTESIAN_POINT('Ctrl Pts',(-1.43540715256123,0.203103684204305,1.1384668486305));
#5830=CARTESIAN_POINT('Ctrl Pts',(-1.43774209208179,0.198134999994627,1.06581210188621));
#5831=CARTESIAN_POINT('Ctrl Pts',(-1.37790758045216,0.193166315784949,1.0245330774232));
#5832=CARTESIAN_POINT('Ctrl Pts',(-1.31081607621807,0.188197631575271,1.05251256636849));
#5833=CARTESIAN_POINT('Ctrl Pts',(-1.29803970861668,0.183228947365593,1.12407301770203));
#5834=CARTESIAN_POINT('Ctrl Pts',(-1.35130385502631,0.178260263155915,1.17354077682881));
#5835=CARTESIAN_POINT('Ctrl Pts',(-1.42172610360468,0.173291578946237,1.15551759055946));
#5836=CARTESIAN_POINT('Ctrl Pts',(-1.44467748820167,0.168322894736559,1.08654394572808));
#5837=CARTESIAN_POINT('Ctrl Pts',(-1.39909470738287,0.163354210526881,1.02991940061059));
#5838=CARTESIAN_POINT('Ctrl Pts',(-1.32681068920313,0.158385526317204,1.03761028954474));
#5839=CARTESIAN_POINT('Ctrl Pts',(-1.29416302330951,0.153416842107526,1.10255841597328));
#5840=CARTESIAN_POINT('Ctrl Pts',(-1.33111362430406,0.148448157897848,1.16515859333395));
#5841=CARTESIAN_POINT('Ctrl Pts',(-1.40375162279769,0.14347947368817,1.1679604331613));
#5842=CARTESIAN_POINT('Ctrl Pts',(-1.44541456744565,0.138510789478492,1.10839258787504));
#5843=CARTESIAN_POINT('Ctrl Pts',(-1.41786690530607,0.133542105268814,1.04112256894201));
#5844=CARTESIAN_POINT('Ctrl Pts',(-1.34639009697532,0.128573421059136,1.02788644376655));
#5845=CARTESIAN_POINT('Ctrl Pts',(-1.29658092884189,0.123604736849458,1.08083147101248));
#5846=CARTESIAN_POINT('Ctrl Pts',(-1.31415103018462,0.118636052639781,1.15136813296229));
#5847=CARTESIAN_POINT('Ctrl Pts',(-1.38297569968601,0.113667368430103,1.17476244865725));
#5848=CARTESIAN_POINT('Ctrl Pts',(-1.4398921122187,0.108698684220425,1.12954463003431));
#5849=CARTESIAN_POINT('Ctrl Pts',(-1.43266606981823,0.103730000010747,1.05721266296571));
#5850=CARTESIAN_POINT('Ctrl Pts',(-1.367929166291,0.0987613158010692,1.02414814341248));
#5851=CARTESIAN_POINT('Ctrl Pts',(-1.30509273986216,0.0937926315913911,
1.06069554596175));
#5852=CARTESIAN_POINT('Ctrl Pts',(-1.30182399388611,0.0888239473817133,
1.13331403200093));
#5853=CARTESIAN_POINT('Ctrl Pts',(-1.36112277182857,0.0838552631720355,
1.17535905538465));
#5854=CARTESIAN_POINT('Ctrl Pts',(-1.4285684948784,0.0788865789623575,1.14824441986757));
#5855=CARTESIAN_POINT('Ctrl Pts',(-1.44226384593917,0.0739178947526796,
1.07685417476667));
#5856=CARTESIAN_POINT('Ctrl Pts',(-1.38964011807222,0.0689492105430018,
1.02670567924067));
#5857=CARTESIAN_POINT('Ctrl Pts',(-1.31899196229393,0.0639805263333239,
1.04382194550689));
#5858=CARTESIAN_POINT('Ctrl Pts',(-1.29515567921145,0.059011842123646,1.11249483224511));
#5859=CARTESIAN_POINT('Ctrl Pts',(-1.34000667029507,0.0540431579139682,
1.16970069156781));
#5860=CARTESIAN_POINT('Ctrl Pts',(-1.41238359150671,0.0490744737042903,
1.16293992840836));
#5861=CARTESIAN_POINT('Ctrl Pts',(-1.44586360835455,0.0441057894946125,
1.09841665633611));
#5862=CARTESIAN_POINT('Ctrl Pts',(-1.40972089477705,0.0391371052849345,
1.03534711109597));
#5863=CARTESIAN_POINT('Ctrl Pts',(-1.337124962013,0.0341684210752567,1.03161052715547));
#5864=CARTESIAN_POINT('Ctrl Pts',(-1.29469951828035,0.0291997368655788,
1.09063992177683));
#5865=CARTESIAN_POINT('Ctrl Pts',(-1.32138016511919,0.0242310526559009,
1.15825429002897));
#5866=CARTESIAN_POINT('Ctrl Pts',(-1.39268057929521,0.0192623684462231,
1.17241684843094));
#5867=CARTESIAN_POINT('Ctrl Pts',(-1.44316696551547,0.0142936842365451,
1.12009948940315));
#5868=CARTESIAN_POINT('Ctrl Pts',(-1.42650395679626,0.00932500002686725,
1.04937701185087));
#5869=CARTESIAN_POINT('Ctrl Pts',(-1.35798843885793,0.00435631581718941,
1.02503087659517));
#5870=CARTESIAN_POINT('Ctrl Pts',(-1.30048807831083,-0.000612368392488513,
1.06965504807087));
#5871=CARTESIAN_POINT('Ctrl Pts',(-1.30472573986334,-0.00392482453227372,
1.11769785945796));
#5872=CARTESIAN_POINT('Ctrl Pts',(-1.31654674068418,-0.00558105260216635,
1.13549803064435));
#5873=CARTESIAN_POINT('Ctrl Pts',(-1.34292736977703,0.255581052602166,1.04720305750088));
#5874=CARTESIAN_POINT('Ctrl Pts',(-1.32534575498626,0.253924824532274,1.05621836280879));
#5875=CARTESIAN_POINT('Ctrl Pts',(-1.30021093037413,0.250612368392489,1.09305702323401));
#5876=CARTESIAN_POINT('Ctrl Pts',(-1.32642296333504,0.245643684182811,1.15504503698595));
#5877=CARTESIAN_POINT('Ctrl Pts',(-1.39269666901006,0.240674999973133,1.16637661744593));
#5878=CARTESIAN_POINT('Ctrl Pts',(-1.43810625598831,0.235706315763455,1.11685974019664));
#5879=CARTESIAN_POINT('Ctrl Pts',(-1.421029611801,0.230737631553777,1.05183642541126));
#5880=CARTESIAN_POINT('Ctrl Pts',(-1.35711265867272,0.225768947344099,1.03103132925473));
#5881=CARTESIAN_POINT('Ctrl Pts',(-1.30502718847433,0.220800263134421,1.07351281417732));
#5882=CARTESIAN_POINT('Ctrl Pts',(-1.31256740089192,0.215831578924743,1.14030672048642));
#5883=CARTESIAN_POINT('Ctrl Pts',(-1.37281661168525,0.210862894715066,1.17010763107344));
#5884=CARTESIAN_POINT('Ctrl Pts',(-1.43048038003065,0.205894210505388,1.13556934574664));
#5885=CARTESIAN_POINT('Ctrl Pts',(-1.43263944098992,0.20092552629571,1.06838729421167));
#5886=CARTESIAN_POINT('Ctrl Pts',(-1.377311944522,0.195956842086032,1.03021759886405));
#5887=CARTESIAN_POINT('Ctrl Pts',(-1.31527408606139,0.190988157876354,1.05608954188878));
#5888=CARTESIAN_POINT('Ctrl Pts',(-1.3034600942014,0.186019473666676,1.12225972545954));
#5889=CARTESIAN_POINT('Ctrl Pts',(-1.35271213607627,0.181050789456998,1.16800134169105));
#5890=CARTESIAN_POINT('Ctrl Pts',(-1.41782985164485,0.17608210524732,1.15133574607576));
#5891=CARTESIAN_POINT('Ctrl Pts',(-1.43905243064882,0.171113421037642,1.08755751864727));
#5892=CARTESIAN_POINT('Ctrl Pts',(-1.39690315799559,0.166144736827965,1.03519819900615));
#5893=CARTESIAN_POINT('Ctrl Pts',(-1.3300639100164,0.161176052618287,1.04230977422838));
#5894=CARTESIAN_POINT('Ctrl Pts',(-1.29987541895633,0.156207368408609,1.10236570412075));
#5895=CARTESIAN_POINT('Ctrl Pts',(-1.33404272792791,0.151238684198931,1.16025054344646));
#5896=CARTESIAN_POINT('Ctrl Pts',(-1.40120929276878,0.146269999989253,1.1628413355985));
#5897=CARTESIAN_POINT('Ctrl Pts',(-1.43973398963806,0.141301315779575,1.10776041891822));
#5898=CARTESIAN_POINT('Ctrl Pts',(-1.41426134620509,0.136332631569897,1.0455574923204));
#5899=CARTESIAN_POINT('Ctrl Pts',(-1.3481685052551,0.131363947360219,1.03331837397634));
#5900=CARTESIAN_POINT('Ctrl Pts',(-1.30211119653952,0.126395263150542,1.08227533423491));
#5901=CARTESIAN_POINT('Ctrl Pts',(-1.31835783570318,0.121426578940864,1.14749884502487));
#5902=CARTESIAN_POINT('Ctrl Pts',(-1.38199830932005,0.116457894731186,1.16913099148566));
#5903=CARTESIAN_POINT('Ctrl Pts',(-1.43462751155807,0.111489210521508,1.12731919036939));
#5904=CARTESIAN_POINT('Ctrl Pts',(-1.42794576845529,0.10652052631183,1.06043560523582));
#5905=CARTESIAN_POINT('Ctrl Pts',(-1.36808515116779,0.101551842102152,1.02986165988271));
#5906=CARTESIAN_POINT('Ctrl Pts',(-1.30998185815826,0.0965831578924744,
1.06365614120099));
#5907=CARTESIAN_POINT('Ctrl Pts',(-1.30695932941157,0.0916144736827965,
1.13080466335671));
#5908=CARTESIAN_POINT('Ctrl Pts',(-1.36179144615837,0.0866457894731187,
1.16968265900503));
#5909=CARTESIAN_POINT('Ctrl Pts',(-1.42415684201743,0.0816771052634407,
1.14461042460482));
#5910=CARTESIAN_POINT('Ctrl Pts',(-1.43682059520608,0.0767084210537629,
1.07859762653749));
#5911=CARTESIAN_POINT('Ctrl Pts',(-1.3881607325551,0.0717397368440851,1.03222655015501));
#5912=CARTESIAN_POINT('Ctrl Pts',(-1.32283412617308,0.0667710526344071,
1.04805353922196));
#5913=CARTESIAN_POINT('Ctrl Pts',(-1.30079330337475,0.0618023684247292,
1.11155366306301));
#5914=CARTESIAN_POINT('Ctrl Pts',(-1.342265908117,0.0568336842150514,1.16445050960556));
#5915=CARTESIAN_POINT('Ctrl Pts',(-1.40919106123737,0.0518650000053735,
1.15819899873604));
#5916=CARTESIAN_POINT('Ctrl Pts',(-1.44014920668628,0.0468963157956957,
1.09853592118352));
#5917=CARTESIAN_POINT('Ctrl Pts',(-1.40672893127436,0.0419276315860177,
1.04021706896147));
#5918=CARTESIAN_POINT('Ctrl Pts',(-1.33960126357566,0.0369589473763399,
1.03676194199311));
#5919=CARTESIAN_POINT('Ctrl Pts',(-1.30037150261768,0.0319902631666619,
1.09134496663));
#5920=CARTESIAN_POINT('Ctrl Pts',(-1.32504243839593,0.0270215789569841,
1.15386630454627));
#5921=CARTESIAN_POINT('Ctrl Pts',(-1.39097217202362,0.0220528947473062,
1.16696207283484));
#5922=CARTESIAN_POINT('Ctrl Pts',(-1.43765568759353,0.0170842105376283,
1.11858550188967));
#5923=CARTESIAN_POINT('Ctrl Pts',(-1.42224781459602,0.0121155263279504,
1.05319017199717));
#5924=CARTESIAN_POINT('Ctrl Pts',(-1.3588932058011,0.00714684211827261,
1.03067790147502));
#5925=CARTESIAN_POINT('Ctrl Pts',(-1.30572404124326,0.00217815790859468,
1.07194077172268));
#5926=CARTESIAN_POINT('Ctrl Pts',(-1.30964250231519,-0.00113429823119052,
1.11636477394035));
#5927=CARTESIAN_POINT('Ctrl Pts',(-1.32057309008719,-0.00279052630108315,
1.1328241530114));
#5928=CARTESIAN_POINT('Ctrl Pts',(-1.34513272448621,0.25837157890325,1.05150393203031));
#5929=CARTESIAN_POINT('Ctrl Pts',(-1.32898331988906,0.256715350833357,1.05978484449009));
#5930=CARTESIAN_POINT('Ctrl Pts',(-1.30589599503467,0.253402894693572,1.09362260280203));
#5931=CARTESIAN_POINT('Ctrl Pts',(-1.32997277811954,0.248434210483894,1.15056103116406));
#5932=CARTESIAN_POINT('Ctrl Pts',(-1.39084778305137,0.243465526274216,1.1609695334405));
#5933=CARTESIAN_POINT('Ctrl Pts',(-1.43255827446118,0.238496842064538,1.11548633439411));
#5934=CARTESIAN_POINT('Ctrl Pts',(-1.41687270522171,0.23352815785486,1.05575986266708));
#5935=CARTESIAN_POINT('Ctrl Pts',(-1.35816247018534,0.228559473645183,1.03664956366937));
#5936=CARTESIAN_POINT('Ctrl Pts',(-1.3103199175031,0.223590789435504,1.07567047819096));
#5937=CARTESIAN_POINT('Ctrl Pts',(-1.31724589913387,0.218622105225827,1.13702330786252));
#5938=CARTESIAN_POINT('Ctrl Pts',(-1.37258716859853,0.213653421016148,1.16439661618262));
#5939=CARTESIAN_POINT('Ctrl Pts',(-1.42555360750006,0.208684736806471,1.13267184286279));
#5940=CARTESIAN_POINT('Ctrl Pts',(-1.42753678989804,0.203716052596793,1.07096248653712));
#5941=CARTESIAN_POINT('Ctrl Pts',(-1.37671630859184,0.198747368387115,1.0359021203049));
#5942=CARTESIAN_POINT('Ctrl Pts',(-1.3197320959047,0.193778684177437,1.05966651740908));
#5943=CARTESIAN_POINT('Ctrl Pts',(-1.30888047978611,0.188809999967759,1.12044643321705));
#5944=CARTESIAN_POINT('Ctrl Pts',(-1.35412041712624,0.183841315758081,1.1624619065533));
#5945=CARTESIAN_POINT('Ctrl Pts',(-1.41393359968502,0.178872631548404,1.14715390159206));
#5946=CARTESIAN_POINT('Ctrl Pts',(-1.43342737309596,0.173903947338726,1.08857109156645));
#5947=CARTESIAN_POINT('Ctrl Pts',(-1.39471160860831,0.168935263129048,1.04047699740172));
#5948=CARTESIAN_POINT('Ctrl Pts',(-1.33331713082967,0.16396657891937,1.04700925891202));
#5949=CARTESIAN_POINT('Ctrl Pts',(-1.30558781460314,0.158997894709692,1.10217299226821));
#5950=CARTESIAN_POINT('Ctrl Pts',(-1.33697183155176,0.154029210500014,1.15534249355897));
#5951=CARTESIAN_POINT('Ctrl Pts',(-1.39866696273986,0.149060526290336,1.1577222380357));
#5952=CARTESIAN_POINT('Ctrl Pts',(-1.43405341183046,0.144091842080658,1.1071282499614));
#5953=CARTESIAN_POINT('Ctrl Pts',(-1.41065578710411,0.139123157870981,1.04999241569879));
#5954=CARTESIAN_POINT('Ctrl Pts',(-1.34994691353488,0.134154473661303,1.03875030418613));
#5955=CARTESIAN_POINT('Ctrl Pts',(-1.30764146423714,0.129185789451625,1.08371919745735));
#5956=CARTESIAN_POINT('Ctrl Pts',(-1.32256464122174,0.124217105241947,1.14362955708745));
#5957=CARTESIAN_POINT('Ctrl Pts',(-1.38102091895409,0.119248421032269,1.16349953431408));
#5958=CARTESIAN_POINT('Ctrl Pts',(-1.42936291089744,0.114279736822591,1.12509375070447));
#5959=CARTESIAN_POINT('Ctrl Pts',(-1.42322546709236,0.109311052612913,1.06365854750594));
#5960=CARTESIAN_POINT('Ctrl Pts',(-1.36824113604457,0.104342368403236,1.03557517635294));
#5961=CARTESIAN_POINT('Ctrl Pts',(-1.31487097645436,0.0993736841935575,
1.06661673644024));
#5962=CARTESIAN_POINT('Ctrl Pts',(-1.31209466493703,0.0944049999838797,
1.12829529471248));
#5963=CARTESIAN_POINT('Ctrl Pts',(-1.36246012048817,0.0894363157742019,
1.1640062626254));
#5964=CARTESIAN_POINT('Ctrl Pts',(-1.41974518915646,0.0844676315645239,
1.14097642934207));
#5965=CARTESIAN_POINT('Ctrl Pts',(-1.431377344473,0.0794989473548461,1.08034107830831));
#5966=CARTESIAN_POINT('Ctrl Pts',(-1.38668134703797,0.0745302631451682,
1.03774742106935));
#5967=CARTESIAN_POINT('Ctrl Pts',(-1.32667629005224,0.0695615789354903,
1.05228513293702));
#5968=CARTESIAN_POINT('Ctrl Pts',(-1.30643092753804,0.0645928947258124,
1.11061249388091));
#5969=CARTESIAN_POINT('Ctrl Pts',(-1.34452514593893,0.0596242105161347,
1.15920032764331));
#5970=CARTESIAN_POINT('Ctrl Pts',(-1.40599853096804,0.0546555263064565,
1.15345806906372));
#5971=CARTESIAN_POINT('Ctrl Pts',(-1.43443480501802,0.0496868420967789,
1.09865518603093));
#5972=CARTESIAN_POINT('Ctrl Pts',(-1.40373696777167,0.0447181578871008,
1.04508702682697));
#5973=CARTESIAN_POINT('Ctrl Pts',(-1.34207756513832,0.0397494736774231,
1.04191335683075));
#5974=CARTESIAN_POINT('Ctrl Pts',(-1.306043486955,0.0347807894677452,1.09205001148317));
#5975=CARTESIAN_POINT('Ctrl Pts',(-1.32870471167267,0.0298121052580673,
1.14947831906357));
#5976=CARTESIAN_POINT('Ctrl Pts',(-1.38926376475203,0.0248434210483894,
1.16150729723874));
#5977=CARTESIAN_POINT('Ctrl Pts',(-1.43214440967158,0.0198747368387115,
1.11707151437619));
#5978=CARTESIAN_POINT('Ctrl Pts',(-1.41799167239578,0.0149060526290336,
1.05700333214347));
#5979=CARTESIAN_POINT('Ctrl Pts',(-1.35979797274427,0.00993736841935581,
1.03632492635486));
#5980=CARTESIAN_POINT('Ctrl Pts',(-1.31096000417569,0.00496868420967788,
1.07422649537448));
#5981=CARTESIAN_POINT('Ctrl Pts',(-1.31455926476704,0.00165622806989268,
1.11503168842273));
#5982=CARTESIAN_POINT('Ctrl Pts',(-1.3245994394902,4.37095678986282E-17,
1.13015027537845));
#5983=CARTESIAN_POINT('Ctrl Pts',(-1.31557071737389,0.221665618859408,1.09996829158517));
#5984=CARTESIAN_POINT('Ctrl Pts',(-1.31562900732461,0.220651114314881,1.11111909977977));
#5985=CARTESIAN_POINT('Ctrl Pts',(-1.31895825886462,0.219636609770354,1.12230201535316));
#5986=CARTESIAN_POINT('Ctrl Pts',(-1.32531511377286,0.218622105225827,1.13136005430395));
#5987=CARTESIAN_POINT('Ctrl Pts',(-1.33569298895543,0.216965877155934,1.14614774396922));
#5988=CARTESIAN_POINT('Ctrl Pts',(-1.35414007877698,0.215309649086041,1.15527218007592));
#5989=CARTESIAN_POINT('Ctrl Pts',(-1.37219136350468,0.213653421016149,1.1545469359093));
#5990=CARTESIAN_POINT('Ctrl Pts',(-1.39024264823238,0.211997192946256,1.15382169174268));
#5991=CARTESIAN_POINT('Ctrl Pts',(-1.40789812786622,0.210340964876364,1.14324676730273));
#5992=CARTESIAN_POINT('Ctrl Pts',(-1.4170563980828,0.208684736806471,1.12767441236182));
#5993=CARTESIAN_POINT('Ctrl Pts',(-1.42621466829939,0.207028508736578,1.1121020574209));
#5994=CARTESIAN_POINT('Ctrl Pts',(-1.42687572909872,0.205372280666686,1.09153227197901));
#5995=CARTESIAN_POINT('Ctrl Pts',(-1.41873617928068,0.203716052596793,1.07540398488603));
#5996=CARTESIAN_POINT('Ctrl Pts',(-1.41059662946264,0.2020598245269,1.05927569779305));
#5997=CARTESIAN_POINT('Ctrl Pts',(-1.39365646902724,0.200403596457008,1.04758890904898));
#5998=CARTESIAN_POINT('Ctrl Pts',(-1.37568902002835,0.198747368387115,1.04570624752764));
#5999=CARTESIAN_POINT('Ctrl Pts',(-1.35772157102946,0.197091140317223,1.04382358600629));
#6000=CARTESIAN_POINT('Ctrl Pts',(-1.33872683346708,0.19543491224733,1.05174505170769));
#6001=CARTESIAN_POINT('Ctrl Pts',(-1.32742086199946,0.193778684177437,1.06583577052638));
#6002=CARTESIAN_POINT('Ctrl Pts',(-1.31976838924715,0.192657662404761,1.0753731059185));
#6003=CARTESIAN_POINT('Ctrl Pts',(-1.31563836345782,0.191536640632084,1.08773675526517));
#6004=CARTESIAN_POINT('Ctrl Pts',(-1.31554547296288,0.190415618859408,1.10004395730321));
#6005=CARTESIAN_POINT('Origin',(1.37,0.317955960043842,1.1));
#6006=CARTESIAN_POINT('Ctrl Pts',(1.43897676700693,0.239830960043842,1.10006354392658));
#6007=CARTESIAN_POINT('Ctrl Pts',(1.43903132364195,0.239386254050741,1.10623530766024));
#6008=CARTESIAN_POINT('Ctrl Pts',(1.43544080893849,0.237285319987747,1.13533099194101));
#6009=CARTESIAN_POINT('Ctrl Pts',(1.39438898825857,0.23352815785486,1.1778716242636));
#6010=CARTESIAN_POINT('Ctrl Pts',(1.3177178899825,0.228559473645182,1.16264227809803));
#6011=CARTESIAN_POINT('Ctrl Pts',(1.28902753217921,0.223590789435505,1.08993487609172));
#6012=CARTESIAN_POINT('Ctrl Pts',(1.33464865942197,0.218622105225826,1.02645911079279));
#6013=CARTESIAN_POINT('Ctrl Pts',(1.4127128594248,0.213653421016149,1.0304771512989));
#6014=CARTESIAN_POINT('Ctrl Pts',(1.43889354251054,0.210306372622154,1.07616281305953));
#6015=CARTESIAN_POINT('Ctrl Pts',(1.43911466272167,0.208615552298052,1.09951326299504));
#6016=CARTESIAN_POINT('Ctrl Pts',(1.43911379352932,0.208580960043842,1.09999100351209));
#6017=CARTESIAN_POINT('Ctrl Pts',(1.4390734595974,0.244544039956158,1.09994322392845));
#6018=CARTESIAN_POINT('Ctrl Pts',(1.43893073429538,0.24305023716432,1.12057354890006));
#6019=CARTESIAN_POINT('Ctrl Pts',(1.41815723734685,0.239900206302589,1.16444380974478));
#6020=CARTESIAN_POINT('Ctrl Pts',(1.3436055548327,0.235093947370966,1.17719080133719));
#6021=CARTESIAN_POINT('Ctrl Pts',(1.29079777793226,0.230125263161288,1.11960654577118));
#6022=CARTESIAN_POINT('Ctrl Pts',(1.31065657188801,0.225156578951611,1.0439895521272));
#6023=CARTESIAN_POINT('Ctrl Pts',(1.38498696506209,0.220187894741933,1.01979485415597));
#6024=CARTESIAN_POINT('Ctrl Pts',(1.43319084072816,0.216233715076782,1.05911047042792));
#6025=CARTESIAN_POINT('Ctrl Pts',(1.43895715238622,0.213935763481524,1.09102982577972));
#6026=CARTESIAN_POINT('Ctrl Pts',(1.43891047136306,0.213294039956158,1.09995985572294));
#6027=CARTESIAN_POINT('Ctrl Pts',(1.3245994394902,0.25,1.13015027537845));
#6028=CARTESIAN_POINT('Ctrl Pts',(1.31455926476704,0.248343771930107,1.11503168842274));
#6029=CARTESIAN_POINT('Ctrl Pts',(1.31096001906823,0.245031315790322,1.07422648301054));
#6030=CARTESIAN_POINT('Ctrl Pts',(1.35979796569594,0.240062631580645,1.03632493041594));
#6031=CARTESIAN_POINT('Ctrl Pts',(1.4179916769674,0.235093947370966,1.05700332744466));
#6032=CARTESIAN_POINT('Ctrl Pts',(1.4321444095476,0.230125263161289,1.11707151706443));
#6033=CARTESIAN_POINT('Ctrl Pts',(1.38926376608829,0.225156578951611,1.1615072974256));
#6034=CARTESIAN_POINT('Ctrl Pts',(1.32870471020357,0.220187894741932,1.14947832110641));
#6035=CARTESIAN_POINT('Ctrl Pts',(1.30604348556184,0.215219210532255,1.09205001082607));
#6036=CARTESIAN_POINT('Ctrl Pts',(1.34207756432605,0.210250526322577,1.04191335562619));
#6037=CARTESIAN_POINT('Ctrl Pts',(1.40373696867611,0.205281842112899,1.04508702530131));
#6038=CARTESIAN_POINT('Ctrl Pts',(1.43443480661216,0.200313157903221,1.09865518607603));
#6039=CARTESIAN_POINT('Ctrl Pts',(1.40599853188826,0.195344473693543,1.15345807036629));
#6040=CARTESIAN_POINT('Ctrl Pts',(1.34452514529058,0.190375789483865,1.1592003291569));
#6041=CARTESIAN_POINT('Ctrl Pts',(1.30643092594142,0.185407105274188,1.11061249413546));
#6042=CARTESIAN_POINT('Ctrl Pts',(1.32667628895987,0.18043842106451,1.05228513174267));
#6043=CARTESIAN_POINT('Ctrl Pts',(1.38668134745879,0.175469736854832,1.0377474194987));
#6044=CARTESIAN_POINT('Ctrl Pts',(1.43137734601757,0.170501052645154,1.08034107781536));
#6045=CARTESIAN_POINT('Ctrl Pts',(1.4197451904089,0.165532368435476,1.14097643037253));
#6046=CARTESIAN_POINT('Ctrl Pts',(1.36246012029825,0.160563684225798,1.16400626423714));
#6047=CARTESIAN_POINT('Ctrl Pts',(1.31209466347947,0.15559500001612,1.12829529542447));
#6048=CARTESIAN_POINT('Ctrl Pts',(1.31487097506659,0.150626315806442,1.06661673560004));
#6049=CARTESIAN_POINT('Ctrl Pts',(1.36824113600031,0.145657631596765,1.03557517473112));
#6050=CARTESIAN_POINT('Ctrl Pts',(1.42322546843218,0.140688947387087,1.06365854659117));
#6051=CARTESIAN_POINT('Ctrl Pts',(1.42936291239176,0.135720263177409,1.12509375133612));
#6052=CARTESIAN_POINT('Ctrl Pts',(1.38102091923152,0.130751578967731,1.16349953591253));
#6053=CARTESIAN_POINT('Ctrl Pts',(1.32256464002768,0.125782894758053,1.14362955818571));
#6054=CARTESIAN_POINT('Ctrl Pts',(1.30764146266742,0.120814210548375,1.08371919704752));
#6055=CARTESIAN_POINT('Ctrl Pts',(1.34994691303009,0.115845526338697,1.03875030264433));
#6056=CARTESIAN_POINT('Ctrl Pts',(1.41065578812752,0.110876842129019,1.04999241443997));
#6057=CARTESIAN_POINT('Ctrl Pts',(1.43405341344285,0.105908157919342,1.10712825014085));
#6058=CARTESIAN_POINT('Ctrl Pts',(1.39866696346149,0.100939473709664,1.15772223948868));
#6059=CARTESIAN_POINT('Ctrl Pts',(1.33697183072034,0.0959707894999858,1.15534249495215));
#6060=CARTESIAN_POINT('Ctrl Pts',(1.30558781298177,0.0910021052903079,1.10217299232277));
#6061=CARTESIAN_POINT('Ctrl Pts',(1.33331712990618,0.08603342108063,1.04700925757838));
#6062=CARTESIAN_POINT('Ctrl Pts',(1.39471160923052,0.0810647368709522,1.04047699590285));
#6063=CARTESIAN_POINT('Ctrl Pts',(1.4334273746923,0.0760960526612743,1.08857109127975));
#6064=CARTESIAN_POINT('Ctrl Pts',(1.41393360079148,0.0711273684515964,1.14715390277716));
#6065=CARTESIAN_POINT('Ctrl Pts',(1.35412041672554,0.0661586842419186,1.16246190812921));
#6066=CARTESIAN_POINT('Ctrl Pts',(1.30888047824931,0.0611900000322406,1.12044643372497));
#6067=CARTESIAN_POINT('Ctrl Pts',(1.3197320946363,0.0562213158225628,1.05966651640651));
#6068=CARTESIAN_POINT('Ctrl Pts',(1.37671630876615,0.0512526316128849,1.03590211866755));
#6069=CARTESIAN_POINT('Ctrl Pts',(1.42753679133757,0.046283947403207,1.07096248585064));
#6070=CARTESIAN_POINT('Ctrl Pts',(1.42555360891279,0.0413152631935292,1.13267184360273));
#6071=CARTESIAN_POINT('Ctrl Pts',(1.37258716864172,0.0363465789838513,1.16439661795569));
#6072=CARTESIAN_POINT('Ctrl Pts',(1.31724589783643,0.0313778947741734,1.13702330851627));
#6073=CARTESIAN_POINT('Ctrl Pts',(1.31031991596653,0.0264092105644956,1.07567047808316));
#6074=CARTESIAN_POINT('Ctrl Pts',(1.35816246990237,0.0214405263548176,1.0366495611691));
#6075=CARTESIAN_POINT('Ctrl Pts',(1.41687270647876,0.0164718421451398,1.0557598631573));
#6076=CARTESIAN_POINT('Ctrl Pts',(1.43255827566715,0.0115031579354619,1.11548633198835));
#6077=CARTESIAN_POINT('Ctrl Pts',(1.39084778474253,0.006534473725784,1.16096953977442));
#6078=CARTESIAN_POINT('Ctrl Pts',(1.32997277395603,0.00156578951610618,
1.15056102417575));
#6079=CARTESIAN_POINT('Ctrl Pts',(1.30589600198242,-0.00340289469357177,
1.09362262086812));
#6080=CARTESIAN_POINT('Ctrl Pts',(1.32898331988906,-0.00671535083335697,
1.05978484449009));
#6081=CARTESIAN_POINT('Ctrl Pts',(1.34513272448621,-0.00837157890324959,
1.05150393203031));
#6082=CARTESIAN_POINT('Ctrl Pts',(1.32057309008719,0.252790526301083,1.1328241530114));
#6083=CARTESIAN_POINT('Ctrl Pts',(1.30964250231519,0.251134298231191,1.11636477394035));
#6084=CARTESIAN_POINT('Ctrl Pts',(1.30572405745654,0.247821842091405,1.07194075826224));
#6085=CARTESIAN_POINT('Ctrl Pts',(1.35889319812769,0.242853157881727,1.03067790589626));
#6086=CARTESIAN_POINT('Ctrl Pts',(1.42224781957307,0.23788447367205,1.05319016688165));
#6087=CARTESIAN_POINT('Ctrl Pts',(1.43765568745855,0.232915789462372,1.11858550481632));
#6088=CARTESIAN_POINT('Ctrl Pts',(1.39097217347838,0.227947105252694,1.16696207303827));
#6089=CARTESIAN_POINT('Ctrl Pts',(1.32504243679655,0.222978421043016,1.15386630677028));
#6090=CARTESIAN_POINT('Ctrl Pts',(1.30037150110096,0.218009736833338,1.09134496591462));
#6091=CARTESIAN_POINT('Ctrl Pts',(1.33960126269136,0.21304105262366,1.03676194068172));
#6092=CARTESIAN_POINT('Ctrl Pts',(1.40672893225901,0.208072368413982,1.0402170673005));
#6093=CARTESIAN_POINT('Ctrl Pts',(1.4401492084218,0.203103684204304,1.09853592123262));
#6094=CARTESIAN_POINT('Ctrl Pts',(1.40919106223921,0.198134999994627,1.15819900015413));
#6095=CARTESIAN_POINT('Ctrl Pts',(1.34226590741115,0.193166315784949,1.16445051125338));
#6096=CARTESIAN_POINT('Ctrl Pts',(1.30079330163653,0.188197631575271,1.11155366334014));
#6097=CARTESIAN_POINT('Ctrl Pts',(1.32283412498384,0.183228947365593,1.04805353792168));
#6098=CARTESIAN_POINT('Ctrl Pts',(1.38816073301324,0.178260263155915,1.03222654844507));
#6099=CARTESIAN_POINT('Ctrl Pts',(1.43682059688763,0.173291578946237,1.07859762600082));
#6100=CARTESIAN_POINT('Ctrl Pts',(1.42415684338095,0.168322894736559,1.14461042572667));
#6101=CARTESIAN_POINT('Ctrl Pts',(1.36179144595161,0.163354210526881,1.1696826607597));
#6102=CARTESIAN_POINT('Ctrl Pts',(1.30695932782474,0.158385526317204,1.13080466413183));
#6103=CARTESIAN_POINT('Ctrl Pts',(1.30998185664742,0.153416842107526,1.06365614028629));
#6104=CARTESIAN_POINT('Ctrl Pts',(1.3680851511196,0.148448157897848,1.02986165811706));
#6105=CARTESIAN_POINT('Ctrl Pts',(1.42794576991393,0.14347947368817,1.06043560423993));
#6106=CARTESIAN_POINT('Ctrl Pts',(1.43462751318491,0.138510789478492,1.12731919105706));
#6107=CARTESIAN_POINT('Ctrl Pts',(1.38199830962208,0.133542105268814,1.16913099322587));
#6108=CARTESIAN_POINT('Ctrl Pts',(1.31835783440322,0.128573421059136,1.14749884622053));
#6109=CARTESIAN_POINT('Ctrl Pts',(1.30211119483058,0.123604736849458,1.08227533378874));
#6110=CARTESIAN_POINT('Ctrl Pts',(1.34816850470554,0.11863605263978,1.0333183722978));
#6111=CARTESIAN_POINT('Ctrl Pts',(1.41426134731926,0.113667368430103,1.04555749094993));
#6112=CARTESIAN_POINT('Ctrl Pts',(1.43973399139343,0.108698684220425,1.10776041911359));
#6113=CARTESIAN_POINT('Ctrl Pts',(1.40120929355441,0.103730000010747,1.16284133718033));
#6114=CARTESIAN_POINT('Ctrl Pts',(1.33404272702275,0.0987613158010689,1.1602505449632));
#6115=CARTESIAN_POINT('Ctrl Pts',(1.29987541719116,0.0937926315913912,1.10236570418014));
#6116=CARTESIAN_POINT('Ctrl Pts',(1.33006390901101,0.0888239473817132,1.04230977277647));
#6117=CARTESIAN_POINT('Ctrl Pts',(1.39690315867299,0.0838552631720354,1.03519819737436));
#6118=CARTESIAN_POINT('Ctrl Pts',(1.43905243238672,0.0788865789623574,1.08755751833514));
#6119=CARTESIAN_POINT('Ctrl Pts',(1.41782985284944,0.0739178947526797,1.15133574736596));
#6120=CARTESIAN_POINT('Ctrl Pts',(1.35271213564004,0.0689492105430017,1.16800134340672));
#6121=CARTESIAN_POINT('Ctrl Pts',(1.3034600925283,0.0639805263333239,1.12225972601251));
#6122=CARTESIAN_POINT('Ctrl Pts',(1.31527408468049,0.059011842123646,1.0560895407973));
#6123=CARTESIAN_POINT('Ctrl Pts',(1.37731194471177,0.0540431579139681,1.03021759708149));
#6124=CARTESIAN_POINT('Ctrl Pts',(1.43263944255711,0.0490744737042902,1.06838729346431));
#6125=CARTESIAN_POINT('Ctrl Pts',(1.43048038156866,0.0441057894946124,1.13556934655221));
#6126=CARTESIAN_POINT('Ctrl Pts',(1.37281661173228,0.0391371052849345,1.17010763300375));
#6127=CARTESIAN_POINT('Ctrl Pts',(1.31256739947942,0.0341684210752566,1.14030672119815));
#6128=CARTESIAN_POINT('Ctrl Pts',(1.30502718680148,0.0291997368655788,1.07351281405996));
#6129=CARTESIAN_POINT('Ctrl Pts',(1.35711265836466,0.0242310526559008,1.03103132653272));
#6130=CARTESIAN_POINT('Ctrl Pts',(1.42102961316954,0.019262368446223,1.05183642594495));
#6131=CARTESIAN_POINT('Ctrl Pts',(1.43810625730124,0.0142936842365451,1.11685973757753));
#6132=CARTESIAN_POINT('Ctrl Pts',(1.39269667085119,0.00932500002686721,
1.16637662434157));
#6133=CARTESIAN_POINT('Ctrl Pts',(1.32642295880228,0.00435631581718937,
1.15504502937788));
#6134=CARTESIAN_POINT('Ctrl Pts',(1.30021093793804,-0.000612368392488564,
1.0930570429023));
#6135=CARTESIAN_POINT('Ctrl Pts',(1.32534575498626,-0.00392482453227377,
1.05621836280879));
#6136=CARTESIAN_POINT('Ctrl Pts',(1.34292736977703,-0.00558105260216639,
1.04720305750088));
#6137=CARTESIAN_POINT('Ctrl Pts',(1.31654674068418,0.255581052602166,1.13549803064435));
#6138=CARTESIAN_POINT('Ctrl Pts',(1.30472573986334,0.253924824532274,1.11769785945796));
#6139=CARTESIAN_POINT('Ctrl Pts',(1.30048809584486,0.250612368392489,1.06965503351393));
#6140=CARTESIAN_POINT('Ctrl Pts',(1.35798843055944,0.245643684182811,1.02503088137657));
#6141=CARTESIAN_POINT('Ctrl Pts',(1.42650396217874,0.240674999973133,1.04937700631863));
#6142=CARTESIAN_POINT('Ctrl Pts',(1.4431669653695,0.235706315763455,1.12009949256821));
#6143=CARTESIAN_POINT('Ctrl Pts',(1.39268058086847,0.230737631553777,1.17241684865094));
#6144=CARTESIAN_POINT('Ctrl Pts',(1.32138016338952,0.225768947344099,1.15825429243416));
#6145=CARTESIAN_POINT('Ctrl Pts',(1.29469951664009,0.220800263134421,1.09063992100316));
#6146=CARTESIAN_POINT('Ctrl Pts',(1.33712496105666,0.215831578924744,1.03161052573726));
#6147=CARTESIAN_POINT('Ctrl Pts',(1.4097208958419,0.210862894715065,1.0353471092997));
#6148=CARTESIAN_POINT('Ctrl Pts',(1.44586361023144,0.205894210505388,1.09841665638921));
#6149=CARTESIAN_POINT('Ctrl Pts',(1.41238359259015,0.20092552629571,1.16293992994197));
#6150=CARTESIAN_POINT('Ctrl Pts',(1.34000666953172,0.195956842086032,1.16970069334986));
#6151=CARTESIAN_POINT('Ctrl Pts',(1.29515567733164,0.190988157876354,1.11249483254481));
#6152=CARTESIAN_POINT('Ctrl Pts',(1.3189919610078,0.186019473666676,1.04382194410069));
#6153=CARTESIAN_POINT('Ctrl Pts',(1.38964011856768,0.181050789456998,1.02670567739143));
#6154=CARTESIAN_POINT('Ctrl Pts',(1.44226384775769,0.17608210524732,1.07685417418628));
#6155=CARTESIAN_POINT('Ctrl Pts',(1.42856849635299,0.171113421037643,1.14824442108081));
#6156=CARTESIAN_POINT('Ctrl Pts',(1.36112277160497,0.166144736827964,1.17535905728226));
#6157=CARTESIAN_POINT('Ctrl Pts',(1.30182399217002,0.161176052618287,1.1333140328392));
#6158=CARTESIAN_POINT('Ctrl Pts',(1.30509273822824,0.156207368408609,1.06069554497253));
#6159=CARTESIAN_POINT('Ctrl Pts',(1.3679291662389,0.151238684198931,1.024148141503));
#6160=CARTESIAN_POINT('Ctrl Pts',(1.43266607139568,0.146269999989253,1.05721266188869));
#6161=CARTESIAN_POINT('Ctrl Pts',(1.43989211397806,0.141301315779575,1.129544630778));
#6162=CARTESIAN_POINT('Ctrl Pts',(1.38297570001264,0.136332631569897,1.17476245053922));
#6163=CARTESIAN_POINT('Ctrl Pts',(1.31415102877876,0.131363947360219,1.15136813425535));
#6164=CARTESIAN_POINT('Ctrl Pts',(1.29658092699375,0.126395263150542,1.08083147052996));
#6165=CARTESIAN_POINT('Ctrl Pts',(1.34639009638099,0.121426578940864,1.02788644195127));
#6166=CARTESIAN_POINT('Ctrl Pts',(1.417866906511,0.116457894731186,1.0411225674599));
#6167=CARTESIAN_POINT('Ctrl Pts',(1.44541456934402,0.111489210521508,1.10839258808632));
#6168=CARTESIAN_POINT('Ctrl Pts',(1.40375162364732,0.10652052631183,1.16796043487199));
#6169=CARTESIAN_POINT('Ctrl Pts',(1.33111362332516,0.101551842102152,1.16515859497424));
#6170=CARTESIAN_POINT('Ctrl Pts',(1.29416302140056,0.0965831578924743,1.10255841603751));
#6171=CARTESIAN_POINT('Ctrl Pts',(1.32681068811584,0.0916144736827965,1.03761028797455));
#6172=CARTESIAN_POINT('Ctrl Pts',(1.39909470811545,0.0866457894731186,1.02991939884587));
#6173=CARTESIAN_POINT('Ctrl Pts',(1.44467749008115,0.0816771052634407,1.08654394539053));
#6174=CARTESIAN_POINT('Ctrl Pts',(1.42172610490739,0.0767084210537628,1.15551759195476));
#6175=CARTESIAN_POINT('Ctrl Pts',(1.35130385455454,0.071739736844085,1.17354077868423));
#6176=CARTESIAN_POINT('Ctrl Pts',(1.29803970680729,0.066771052634407,1.12407301830005));
#6177=CARTESIAN_POINT('Ctrl Pts',(1.31081607472469,0.0618023684247292,1.05251256518809));
#6178=CARTESIAN_POINT('Ctrl Pts',(1.37790758065739,0.0568336842150514,1.02453307549543));
#6179=CARTESIAN_POINT('Ctrl Pts',(1.43774209377665,0.0518650000053734,1.06581210107797));
#6180=CARTESIAN_POINT('Ctrl Pts',(1.43540715422454,0.0468963157956956,1.13846684950169));
#6181=CARTESIAN_POINT('Ctrl Pts',(1.37304605482283,0.0419276315860177,1.17581864805181));
#6182=CARTESIAN_POINT('Ctrl Pts',(1.3078889011224,0.0369589473763398,1.14359013388002));
#6183=CARTESIAN_POINT('Ctrl Pts',(1.29973445763643,0.0319902631666619,1.07135515003675));
#6184=CARTESIAN_POINT('Ctrl Pts',(1.35606284682695,0.027021578956984,1.02541309189633));
#6185=CARTESIAN_POINT('Ctrl Pts',(1.42518651986032,0.0220528947473062,1.0479129887326));
#6186=CARTESIAN_POINT('Ctrl Pts',(1.44365423893533,0.0170842105376283,1.11823314316672));
#6187=CARTESIAN_POINT('Ctrl Pts',(1.39454555695986,0.0121155263279504,1.17178370890871));
#6188=CARTESIAN_POINT('Ctrl Pts',(1.32287314364854,0.00714684211827257,
1.15952903458001));
#6189=CARTESIAN_POINT('Ctrl Pts',(1.29452587389367,0.00217815790859462,
1.09249146493647));
#6190=CARTESIAN_POINT('Ctrl Pts',(1.32170819008346,-0.00113429823119057,
1.05265188112748));
#6191=CARTESIAN_POINT('Ctrl Pts',(1.34072201506786,-0.0027905263010832,
1.04290218297146));
#6192=CARTESIAN_POINT('Ctrl Pts',(1.31252039128117,0.25837157890325,1.1381719082773));
#6193=CARTESIAN_POINT('Ctrl Pts',(1.29980897741149,0.256715350833357,1.11903094497557));
#6194=CARTESIAN_POINT('Ctrl Pts',(1.29525213423317,0.253402894693572,1.06736930876563));
#6195=CARTESIAN_POINT('Ctrl Pts',(1.35708366299119,0.248434210483894,1.01938385685688));
#6196=CARTESIAN_POINT('Ctrl Pts',(1.43076010478442,0.243465526274216,1.04556384575562));
#6197=CARTESIAN_POINT('Ctrl Pts',(1.44867824328045,0.238496842064538,1.1216134803201));
#6198=CARTESIAN_POINT('Ctrl Pts',(1.39438898825857,0.23352815785486,1.1778716242636));
#6199=CARTESIAN_POINT('Ctrl Pts',(1.3177178899825,0.228559473645182,1.16264227809803));
#6200=CARTESIAN_POINT('Ctrl Pts',(1.28902753217921,0.223590789435505,1.08993487609172));
#6201=CARTESIAN_POINT('Ctrl Pts',(1.33464865942197,0.218622105225826,1.02645911079279));
#6202=CARTESIAN_POINT('Ctrl Pts',(1.4127128594248,0.213653421016149,1.0304771512989));
#6203=CARTESIAN_POINT('Ctrl Pts',(1.45157801204108,0.208684736806471,1.0982973915458));
#6204=CARTESIAN_POINT('Ctrl Pts',(1.4155761229411,0.203716052596793,1.1676808597298));
#6205=CARTESIAN_POINT('Ctrl Pts',(1.33774743165229,0.198747368387115,1.17495087544635));
#6206=CARTESIAN_POINT('Ctrl Pts',(1.28951805302675,0.193778684177437,1.11343600174949));
#6207=CARTESIAN_POINT('Ctrl Pts',(1.31514979703177,0.18880999996776,1.03959035027971));
#6208=CARTESIAN_POINT('Ctrl Pts',(1.39111950412213,0.183841315758081,1.0211848063378));
#6209=CARTESIAN_POINT('Ctrl Pts',(1.44770709862775,0.178872631548404,1.07511072237174));
#6210=CARTESIAN_POINT('Ctrl Pts',(1.43298014932503,0.173903947338726,1.15187841643495));
#6211=CARTESIAN_POINT('Ctrl Pts',(1.36045409725834,0.168935263129048,1.18103545380482));
#6212=CARTESIAN_POINT('Ctrl Pts',(1.29668865651529,0.16396657891937,1.13582340154657));
#6213=CARTESIAN_POINT('Ctrl Pts',(1.30020361980907,0.158997894709692,1.05773494965877));
#6214=CARTESIAN_POINT('Ctrl Pts',(1.36777318135819,0.154029210500014,1.01843462488894));
#6215=CARTESIAN_POINT('Ctrl Pts',(1.43738637287743,0.149060526290336,1.05398971953745));
#6216=CARTESIAN_POINT('Ctrl Pts',(1.44515671477122,0.144091842080658,1.13177007049894));
#6217=CARTESIAN_POINT('Ctrl Pts',(1.3839530904032,0.139123157870981,1.18039390785256));
#6218=CARTESIAN_POINT('Ctrl Pts',(1.30994422315431,0.134154473661303,1.15523742229017));
#6219=CARTESIAN_POINT('Ctrl Pts',(1.29105065915691,0.129185789451625,1.07938760727117));
#6220=CARTESIAN_POINT('Ctrl Pts',(1.34461168805645,0.124217105241947,1.02245451160474));
#6221=CARTESIAN_POINT('Ctrl Pts',(1.42147246570274,0.119248421032269,1.03668764396986));
#6222=CARTESIAN_POINT('Ctrl Pts',(1.45109514729461,0.114279736822591,1.10902475705906));
#6223=CARTESIAN_POINT('Ctrl Pts',(1.40629395374024,0.109311052612913,1.17307953256365));
#6224=CARTESIAN_POINT('Ctrl Pts',(1.32818451962758,0.104342368403235,1.17006664498529));
#6225=CARTESIAN_POINT('Ctrl Pts',(1.28845062560995,0.0993736841935575,1.10275112789489));
#6226=CARTESIAN_POINT('Ctrl Pts',(1.32355746722067,0.0944049999838796,1.03291080317263));
#6227=CARTESIAN_POINT('Ctrl Pts',(1.40128625755791,0.0894363157742019,1.02464060031737));
#6228=CARTESIAN_POINT('Ctrl Pts',(1.45030254777557,0.0844676315645238,1.08553037244592));
#6229=CARTESIAN_POINT('Ctrl Pts',(1.42562235696535,0.079498947354846,1.15969943654355));
#6230=CARTESIAN_POINT('Ctrl Pts',(1.34989557346904,0.0745302631451682,1.17908021396175));
#6231=CARTESIAN_POINT('Ctrl Pts',(1.29261932108628,0.0695615789354902,1.12588631058758));
#6232=CARTESIAN_POINT('Ctrl Pts',(1.30635806476889,0.0645928947258124,1.04893558957888));
#6233=CARTESIAN_POINT('Ctrl Pts',(1.37850321660301,0.0596242105161345,1.01884855390937));
#6234=CARTESIAN_POINT('Ctrl Pts',(1.44284474499619,0.0546555263064566,1.06323690869164));
#6235=CARTESIAN_POINT('Ctrl Pts',(1.44033392688041,0.0496868420967788,1.14136435245117));
#6236=CARTESIAN_POINT('Ctrl Pts',(1.37327549791338,0.0447181578871009,1.18152966309987));
#6237=CARTESIAN_POINT('Ctrl Pts',(1.30321040276539,0.0397494736774229,1.14687354656189));
#6238=CARTESIAN_POINT('Ctrl Pts',(1.29444172847138,0.0347807894677452,1.06919748601354));
#6239=CARTESIAN_POINT('Ctrl Pts',(1.35501303528924,0.0298121052580672,1.01979485725996));
#6240=CARTESIAN_POINT('Ctrl Pts',(1.4293434265511,0.0248434210483894,1.04398955152025));
#6241=CARTESIAN_POINT('Ctrl Pts',(1.44920222056942,0.0198747368387115,1.1196065487559));
#6242=CARTESIAN_POINT('Ctrl Pts',(1.39639444306852,0.0149060526290336,1.17719079347587));
#6243=CARTESIAN_POINT('Ctrl Pts',(1.31932332849479,0.00993736841935575,
1.16401303978214));
#6244=CARTESIAN_POINT('Ctrl Pts',(1.2888408098493,0.00496868420967783,1.09192588697065));
#6245=CARTESIAN_POINT('Ctrl Pts',(1.31807062518065,0.00165622806989262,
1.04908539944617));
#6246=CARTESIAN_POINT('Ctrl Pts',(1.33851666035869,0.,1.03860130844204));
#6247=CARTESIAN_POINT('Ctrl Pts',(1.42458988039635,0.200209381140592,1.09999289407839));
#6248=CARTESIAN_POINT('Ctrl Pts',(1.42459056693233,0.200243973394802,1.09961554830767));
#6249=CARTESIAN_POINT('Ctrl Pts',(1.4245869937329,0.200278565649012,1.09923821593266));
#6250=CARTESIAN_POINT('Ctrl Pts',(1.42457912116883,0.200313157903221,1.09886097332862));
#6251=CARTESIAN_POINT('Ctrl Pts',(1.42420219396681,0.201969385973114,1.08079913248445));
#6252=CARTESIAN_POINT('Ctrl Pts',(1.41396958132146,0.203625614043007,1.06294307889288));
#6253=CARTESIAN_POINT('Ctrl Pts',(1.39857670760711,0.205281842112899,1.05348610715124));
#6254=CARTESIAN_POINT('Ctrl Pts',(1.38318383389276,0.206938070182792,1.0440291354096));
#6255=CARTESIAN_POINT('Ctrl Pts',(1.3626306991094,0.208594298252684,1.04297124551789));
#6256=CARTESIAN_POINT('Ctrl Pts',(1.34634845192369,0.210250526322577,1.05079840977202));
#6257=CARTESIAN_POINT('Ctrl Pts',(1.33006620473798,0.21190675439247,1.05862557402615));
#6258=CARTESIAN_POINT('Ctrl Pts',(1.31805484514991,0.213562982462362,1.07533779242611));
#6259=CARTESIAN_POINT('Ctrl Pts',(1.3158260361295,0.215219210532255,1.09326528667281));
#6260=CARTESIAN_POINT('Ctrl Pts',(1.31359722710908,0.216875438602148,1.11119278091952));
#6261=CARTESIAN_POINT('Ctrl Pts',(1.32115096865633,0.21853166667204,1.13033555101296));
#6262=CARTESIAN_POINT('Ctrl Pts',(1.33502101541073,0.220187894741933,1.14191176544622));
#6263=CARTESIAN_POINT('Ctrl Pts',(1.34889106216514,0.221844122811825,1.15348797987948));
#6264=CARTESIAN_POINT('Ctrl Pts',(1.36907741412672,0.223500350881718,1.15749763865254));
#6265=CARTESIAN_POINT('Ctrl Pts',(1.38631736401739,0.225156578951611,1.15209650464554));
#6266=CARTESIAN_POINT('Ctrl Pts',(1.40355731390806,0.226812807021503,1.14669537063854));
#6267=CARTESIAN_POINT('Ctrl Pts',(1.41785086172783,0.228469035091396,1.13188344385149));
#6268=CARTESIAN_POINT('Ctrl Pts',(1.42263884687435,0.230125263161288,1.11446611552133));
#6269=CARTESIAN_POINT('Ctrl Pts',(1.42392444619985,0.23056996915439,1.10978947078077));
#6270=CARTESIAN_POINT('Ctrl Pts',(1.42452474113748,0.231014675147491,1.10492498938381));
#6271=CARTESIAN_POINT('Ctrl Pts',(1.42448164930258,0.231459381140592,1.10005019049273));
#6272=CARTESIAN_POINT('Ctrl Pts',(1.40148333964131,0.25,1.03860130844204));
#6273=CARTESIAN_POINT('Ctrl Pts',(1.42192937481935,0.248343771930107,1.04908539944617));
#6274=CARTESIAN_POINT('Ctrl Pts',(1.45115918152577,0.245031315790322,1.09192590939892));
#6275=CARTESIAN_POINT('Ctrl Pts',(1.42067667667254,0.240062631580644,1.16401303111149));
#6276=CARTESIAN_POINT('Ctrl Pts',(1.3436055548327,0.235093947370966,1.17719080133719));
#6277=CARTESIAN_POINT('Ctrl Pts',(1.29079777793226,0.230125263161288,1.11960654577118));
#6278=CARTESIAN_POINT('Ctrl Pts',(1.31065657188801,0.225156578951611,1.0439895521272));
#6279=CARTESIAN_POINT('Ctrl Pts',(1.38498696506209,0.220187894741933,1.01979485415597));
#6280=CARTESIAN_POINT('Ctrl Pts',(1.44555827343691,0.215219210532255,1.06919748587902));
#6281=CARTESIAN_POINT('Ctrl Pts',(1.43678959884591,0.210250526322577,1.14687354737416));
#6282=CARTESIAN_POINT('Ctrl Pts',(1.36672450203297,0.205281842112899,1.18152966530163));
#6283=CARTESIAN_POINT('Ctrl Pts',(1.29966607136514,0.200313157903221,1.14136435337023));
#6284=CARTESIAN_POINT('Ctrl Pts',(1.29715525321605,0.195344473693543,1.06323690783903));
#6285=CARTESIAN_POINT('Ctrl Pts',(1.36149678318052,0.190375789483866,1.01884855187599));
#6286=CARTESIAN_POINT('Ctrl Pts',(1.43364193680634,0.185407105274187,1.04893558833377));
#6287=CARTESIAN_POINT('Ctrl Pts',(1.44738068082228,0.18043842106451,1.12588631121838));
#6288=CARTESIAN_POINT('Ctrl Pts',(1.39010442702858,0.175469736854832,1.17908021591886));
#6289=CARTESIAN_POINT('Ctrl Pts',(1.31437764166054,0.170501052645154,1.15969943801532));
#6290=CARTESIAN_POINT('Ctrl Pts',(1.28969745024195,0.165532368435476,1.08553037208987));
#6291=CARTESIAN_POINT('Ctrl Pts',(1.33871374166936,0.160563684225798,1.02464059845593));
#6292=CARTESIAN_POINT('Ctrl Pts',(1.41644253392621,0.15559500001612,1.03291080151639));
#6293=CARTESIAN_POINT('Ctrl Pts',(1.45154937640363,0.150626315806442,1.10275112796264));
#6294=CARTESIAN_POINT('Ctrl Pts',(1.41181548140497,0.145657631596765,1.17006664671549));
#6295=CARTESIAN_POINT('Ctrl Pts',(1.33370604536357,0.140688947387087,1.1730795343681));
#6296=CARTESIAN_POINT('Ctrl Pts',(1.28890485070298,0.135720263177409,1.10902475728193));
#6297=CARTESIAN_POINT('Ctrl Pts',(1.31852753302629,0.130751578967731,1.03668764240653));
#6298=CARTESIAN_POINT('Ctrl Pts',(1.39538831257045,0.125782894758053,1.02245450968998));
#6299=CARTESIAN_POINT('Ctrl Pts',(1.44894934279252,0.120814210548375,1.07938760676221));
#6300=CARTESIAN_POINT('Ctrl Pts',(1.43005577832861,0.115845526338697,1.1552374236541));
#6301=CARTESIAN_POINT('Ctrl Pts',(1.35604690925227,0.110876842129019,1.18039390983768));
#6302=CARTESIAN_POINT('Ctrl Pts',(1.29484328337299,0.105908157919342,1.13177007128339));
#6303=CARTESIAN_POINT('Ctrl Pts',(1.30261362545865,0.100939473709664,1.0539897184014));
#6304=CARTESIAN_POINT('Ctrl Pts',(1.37222681869678,0.0959707894999859,1.01843462287482));
#6305=CARTESIAN_POINT('Ctrl Pts',(1.43979638191439,0.0910021052903079,1.05773494861534));
#6306=CARTESIAN_POINT('Ctrl Pts',(1.44331134529486,0.0860334210806302,1.13582340243078));
#6307=CARTESIAN_POINT('Ctrl Pts',(1.37954590297752,0.0810647368709521,1.18103545580643));
#6308=CARTESIAN_POINT('Ctrl Pts',(1.30701984911956,0.0760960526612744,1.15187841771469));
#6309=CARTESIAN_POINT('Ctrl Pts',(1.29229289945406,0.0711273684515965,1.07511072175954));
#6310=CARTESIAN_POINT('Ctrl Pts',(1.34888049535525,0.0661586842419186,1.02118480438721));
#6311=CARTESIAN_POINT('Ctrl Pts',(1.42485020432484,0.0611900000322407,1.03959034879642));
#6312=CARTESIAN_POINT('Ctrl Pts',(1.4504819489561,0.0562213158225628,1.11343600206564));
#6313=CARTESIAN_POINT('Ctrl Pts',(1.40225256915288,0.051252631612885,1.17495087732603));
#6314=CARTESIAN_POINT('Ctrl Pts',(1.32442387591611,0.0462839474032071,1.16768086134753));
#6315=CARTESIAN_POINT('Ctrl Pts',(1.2884219859791,0.0413152631935292,1.09829739160169));
#6316=CARTESIAN_POINT('Ctrl Pts',(1.32728713945208,0.0363465789838513,1.03047714940438));
#6317=CARTESIAN_POINT('Ctrl Pts',(1.40535134158661,0.0313778947741735,1.02645910929651));
#6318=CARTESIAN_POINT('Ctrl Pts',(1.45097246955129,0.0264092105644956,1.08993487527621));
#6319=CARTESIAN_POINT('Ctrl Pts',(1.42228211184136,0.0214405263548177,1.1626422806341));
#6320=CARTESIAN_POINT('Ctrl Pts',(1.34561101008304,0.0164718421451398,1.17787162449715));
#6321=CARTESIAN_POINT('Ctrl Pts',(1.29132175687153,0.011503157935462,1.12161348365633));
#6322=CARTESIAN_POINT('Ctrl Pts',(1.3092398895417,0.00653447372578406,1.04556383992361));
#6323=CARTESIAN_POINT('Ctrl Pts',(1.38291634575525,0.00156578951610621,
1.01938386189487));
#6324=CARTESIAN_POINT('Ctrl Pts',(1.44474784727873,-0.00340289469357169,
1.06736929341613));
#6325=CARTESIAN_POINT('Ctrl Pts',(1.44019102258851,-0.00671535083335694,
1.11903094497557));
#6326=CARTESIAN_POINT('Ctrl Pts',(1.42747960871883,-0.00837157890324955,
1.1381719082773));
#6327=CARTESIAN_POINT('Ctrl Pts',(1.39927798493214,0.252790526301083,1.04290218297146));
#6328=CARTESIAN_POINT('Ctrl Pts',(1.41829180991655,0.251134298231191,1.05265188112748));
#6329=CARTESIAN_POINT('Ctrl Pts',(1.44547411808556,0.247821842091405,1.09249148579369));
#6330=CARTESIAN_POINT('Ctrl Pts',(1.41712686115683,0.242853157881728,1.15952902651673));
#6331=CARTESIAN_POINT('Ctrl Pts',(1.34545444108838,0.237884473672049,1.17178371621937));
#6332=CARTESIAN_POINT('Ctrl Pts',(1.2963457596713,0.232915789462372,1.11823314039107));
#6333=CARTESIAN_POINT('Ctrl Pts',(1.31481347868812,0.227947105252694,1.04791298929704));
#6334=CARTESIAN_POINT('Ctrl Pts',(1.38393715349977,0.222978421043016,1.02541308900978));
#6335=CARTESIAN_POINT('Ctrl Pts',(1.44026554413819,0.218009736833338,1.07135514991165));
#6336=CARTESIAN_POINT('Ctrl Pts',(1.43211110037603,0.21304105262366,1.14359013463539));
#6337=CARTESIAN_POINT('Ctrl Pts',(1.36695394512728,0.208072368413982,1.17581865009934));
#6338=CARTESIAN_POINT('Ctrl Pts',(1.30459284414391,0.203103684204304,1.13846685035638));
#6339=CARTESIAN_POINT('Ctrl Pts',(1.30225790456082,0.198134999994626,1.06581210028509));
#6340=CARTESIAN_POINT('Ctrl Pts',(1.36209241914131,0.193166315784949,1.02453307360448));
#6341=CARTESIAN_POINT('Ctrl Pts',(1.4291839267402,0.188197631575271,1.0525125640302));
#6342=CARTESIAN_POINT('Ctrl Pts',(1.44196029496758,0.183228947365593,1.12407301888666));
#6343=CARTESIAN_POINT('Ctrl Pts',(1.38869614590822,0.178260263155915,1.17354078050425));
#6344=CARTESIAN_POINT('Ctrl Pts',(1.31827389381476,0.173291578946237,1.15551759332342));
#6345=CARTESIAN_POINT('Ctrl Pts',(1.29532250807524,0.168322894736559,1.08654394505943));
#6346=CARTESIAN_POINT('Ctrl Pts',(1.34090529116595,0.163354210526881,1.02991939711482));
#6347=CARTESIAN_POINT('Ctrl Pts',(1.4131893129507,0.158385526317204,1.03761028643433));
#6348=CARTESIAN_POINT('Ctrl Pts',(1.44583698047198,0.153416842107526,1.10255841610052));
#6349=CARTESIAN_POINT('Ctrl Pts',(1.40888637763506,0.148448157897848,1.16515859658324));
#6350=CARTESIAN_POINT('Ctrl Pts',(1.33624837551926,0.14347947368817,1.16796043655004));
#6351=CARTESIAN_POINT('Ctrl Pts',(1.29458542879383,0.138510789478492,1.10839258829358));
#6352=CARTESIAN_POINT('Ctrl Pts',(1.32213309230705,0.133542105268814,1.04112256600607));
#6353=CARTESIAN_POINT('Ctrl Pts',(1.39360990420199,0.128573421059136,1.02788644017063));
#6354=CARTESIAN_POINT('Ctrl Pts',(1.44341907481913,0.123604736849458,1.08083147005664));
#6355=CARTESIAN_POINT('Ctrl Pts',(1.42584897260027,0.118636052639781,1.15136813552374));
#6356=CARTESIAN_POINT('Ctrl Pts',(1.35702429966696,0.113667368430103,1.17476245238528));
#6357=CARTESIAN_POINT('Ctrl Pts',(1.30010788429614,0.108698684220425,1.1295446315075));
#6358=CARTESIAN_POINT('Ctrl Pts',(1.30733392705696,0.103730000010747,1.05721266083222));
#6359=CARTESIAN_POINT('Ctrl Pts',(1.37207083381222,0.098761315801069,1.02414813962996));
#6360=CARTESIAN_POINT('Ctrl Pts',(1.43490726337449,0.0937926315913912,1.06069554400218));
#6361=CARTESIAN_POINT('Ctrl Pts',(1.43817600951334,0.0888239473817133,1.13331403366147));
#6362=CARTESIAN_POINT('Ctrl Pts',(1.37887722861436,0.0838552631720354,1.17535905914366));
#6363=CARTESIAN_POINT('Ctrl Pts',(1.31143150220056,0.0788865789623576,1.14824442227091));
#6364=CARTESIAN_POINT('Ctrl Pts',(1.29773615045848,0.0739178947526797,1.07685417361697));
#6365=CARTESIAN_POINT('Ctrl Pts',(1.35035988094631,0.0689492105430017,1.02670567557748));
#6366=CARTESIAN_POINT('Ctrl Pts',(1.42100804025378,0.063980526333324,1.04382194272131));
#6367=CARTESIAN_POINT('Ctrl Pts',(1.44484432451232,0.059011842123646,1.11249483283882));
#6368=CARTESIAN_POINT('Ctrl Pts',(1.39999333121705,0.0540431579139682,1.16970069509788));
#6369=CARTESIAN_POINT('Ctrl Pts',(1.32761640634711,0.0490744737042903,1.16293993144637));
#6370=CARTESIAN_POINT('Ctrl Pts',(1.29413638792743,0.0441057894946123,1.09841665644119));
#6371=CARTESIAN_POINT('Ctrl Pts',(1.33027910311365,0.0391371052849346,1.03534710753789));
#6372=CARTESIAN_POINT('Ctrl Pts',(1.40287503988126,0.0341684210752567,1.03161052434579));
#6373=CARTESIAN_POINT('Ctrl Pts',(1.44530048496919,0.0291997368655788,1.09063992024479));
#6374=CARTESIAN_POINT('Ctrl Pts',(1.41861983830658,0.0242310526559009,1.15825429479258));
#6375=CARTESIAN_POINT('Ctrl Pts',(1.3473194175893,0.019262368446223,1.17241684886812));
#6376=CARTESIAN_POINT('Ctrl Pts',(1.29683303477183,0.0142936842365452,1.12009949567074));
#6377=CARTESIAN_POINT('Ctrl Pts',(1.31349603254482,0.00932500002686726,
1.04937700089515));
#6378=CARTESIAN_POINT('Ctrl Pts',(1.38201157757433,0.00435631581718941,
1.02503088606165));
#6379=CARTESIAN_POINT('Ctrl Pts',(1.43951188696211,-0.000612368392488487,
1.06965501923964));
#6380=CARTESIAN_POINT('Ctrl Pts',(1.43527426013666,-0.00392482453227374,
1.11769785945796));
#6381=CARTESIAN_POINT('Ctrl Pts',(1.42345325931582,-0.00558105260216635,
1.13549803064435));
#6382=CARTESIAN_POINT('Ctrl Pts',(1.39707263022297,0.255581052602166,1.04720305750088));
#6383=CARTESIAN_POINT('Ctrl Pts',(1.41465424501374,0.253924824532274,1.05621836280879));
#6384=CARTESIAN_POINT('Ctrl Pts',(1.43978905464535,0.250612368392489,1.09305706218845));
#6385=CARTESIAN_POINT('Ctrl Pts',(1.41357704564112,0.245643684182811,1.15504502192196));
#6386=CARTESIAN_POINT('Ctrl Pts',(1.34730332734406,0.240674999973133,1.16637663110154));
#6387=CARTESIAN_POINT('Ctrl Pts',(1.30189374141035,0.235706315763455,1.11685973501097));
#6388=CARTESIAN_POINT('Ctrl Pts',(1.31897038548824,0.230737631553777,1.05183642646687));
#6389=CARTESIAN_POINT('Ctrl Pts',(1.38288734193745,0.225768947344099,1.03103132386359));
#6390=CARTESIAN_POINT('Ctrl Pts',(1.43497281483946,0.220800263134421,1.07351281394428));
#6391=CARTESIAN_POINT('Ctrl Pts',(1.42743260190615,0.215831578924743,1.14030672189662));
#6392=CARTESIAN_POINT('Ctrl Pts',(1.36718338822159,0.210862894715066,1.17010763489705));
#6393=CARTESIAN_POINT('Ctrl Pts',(1.30951961692268,0.205894210505388,1.13556934734252));
#6394=CARTESIAN_POINT('Ctrl Pts',(1.30736055590559,0.20092552629571,1.06838729273115));
#6395=CARTESIAN_POINT('Ctrl Pts',(1.36268805510209,0.195956842086032,1.03021759533298));
#6396=CARTESIAN_POINT('Ctrl Pts',(1.42472591667405,0.190988157876354,1.05608953972663));
#6397=CARTESIAN_POINT('Ctrl Pts',(1.43653990911288,0.186019473666676,1.12225972655494));
#6398=CARTESIAN_POINT('Ctrl Pts',(1.38728786478786,0.181050789456998,1.16800134508965));
#6399=CARTESIAN_POINT('Ctrl Pts',(1.32217014596897,0.17608210524732,1.15133574863153));
#6400=CARTESIAN_POINT('Ctrl Pts',(1.30094756590853,0.171113421037643,1.08755751802897));
#6401=CARTESIAN_POINT('Ctrl Pts',(1.34309684066255,0.166144736827965,1.0351981957737));
#6402=CARTESIAN_POINT('Ctrl Pts',(1.40993609197519,0.161176052618287,1.04230977135226));
#6403=CARTESIAN_POINT('Ctrl Pts',(1.44012458454032,0.156207368408609,1.1023657042384));
#6404=CARTESIAN_POINT('Ctrl Pts',(1.40595727386514,0.151238684198931,1.160250546451));
#6405=CARTESIAN_POINT('Ctrl Pts',(1.33879070567495,0.146269999989253,1.16284133873199));
#6406=CARTESIAN_POINT('Ctrl Pts',(1.30026600688469,0.141301315779575,1.10776041930523));
#6407=CARTESIAN_POINT('Ctrl Pts',(1.32573865158782,0.136332631569897,1.04555748960562));
#6408=CARTESIAN_POINT('Ctrl Pts',(1.39183149583353,0.131363947360219,1.03331837065129));
#6409=CARTESIAN_POINT('Ctrl Pts',(1.43788880684574,0.126395263150542,1.08227533335108));
#6410=CARTESIAN_POINT('Ctrl Pts',(1.42164216687194,0.121426578940864,1.14749884739338));
#6411=CARTESIAN_POINT('Ctrl Pts',(1.35800169008166,0.116457894731186,1.16913099493288));
#6412=CARTESIAN_POINT('Ctrl Pts',(1.30537248521929,0.111489210521508,1.12731919173161));
#6413=CARTESIAN_POINT('Ctrl Pts',(1.31205422865527,0.10652052631183,1.06043560326304));
#6414=CARTESIAN_POINT('Ctrl Pts',(1.37191484892767,0.101551842102152,1.02986165638511));
#6415=CARTESIAN_POINT('Ctrl Pts',(1.4300181448346,0.0965831578924743,1.06365613938903));
#6416=CARTESIAN_POINT('Ctrl Pts',(1.43304067373181,0.0916144736827966,1.13080466489217));
#6417=CARTESIAN_POINT('Ctrl Pts',(1.3782085542512,0.0866457894731184,1.16968266248089));
#6418=CARTESIAN_POINT('Ctrl Pts',(1.31584315528156,0.0816771052634409,1.14461042682712));
#6419=CARTESIAN_POINT('Ctrl Pts',(1.30317940146291,0.0767084210537628,1.07859762547439));
#6420=CARTESIAN_POINT('Ctrl Pts',(1.35183926653737,0.071739736844085,1.03222654676775));
#6421=CARTESIAN_POINT('Ctrl Pts',(1.41716587618271,0.0667710526344071,1.0480535366462));
#6422=CARTESIAN_POINT('Ctrl Pts',(1.43920670006853,0.0618023684247293,1.111553663612));
#6423=CARTESIAN_POINT('Ctrl Pts',(1.39773409328122,0.0568336842150513,1.16445051286973));
#6424=CARTESIAN_POINT('Ctrl Pts',(1.33080893677811,0.0518650000053736,1.15819900154522));
#6425=CARTESIAN_POINT('Ctrl Pts',(1.29985078987575,0.0468963157956955,1.09853592128068));
#6426=CARTESIAN_POINT('Ctrl Pts',(1.33327106677522,0.0419276315860178,1.0402170656714));
#6427=CARTESIAN_POINT('Ctrl Pts',(1.40039873817592,0.0369589473763398,1.03676193939507));
#6428=CARTESIAN_POINT('Ctrl Pts',(1.4396285003871,0.0319902631666621,1.09134496521336));
#6429=CARTESIAN_POINT('Ctrl Pts',(1.4149575647718,0.0270215789569841,1.15386630895106));
#6430=CARTESIAN_POINT('Ctrl Pts',(1.34902782509556,0.0220528947473062,1.1669620732391));
#6431=CARTESIAN_POINT('Ctrl Pts',(1.30234431267214,0.0170842105376284,1.11858550768515));
#6432=CARTESIAN_POINT('Ctrl Pts',(1.31775217554793,0.0121155263279505,1.05319016186668));
#6433=CARTESIAN_POINT('Ctrl Pts',(1.3811068093934,0.0071468421182726,1.03067791022844));
#6434=CARTESIAN_POINT('Ctrl Pts',(1.43427592664548,0.00217815790859471,
1.07194074506315));
#6435=CARTESIAN_POINT('Ctrl Pts',(1.43035749768481,-0.00113429823119054,
1.11636477394035));
#6436=CARTESIAN_POINT('Ctrl Pts',(1.41942690991281,-0.00279052630108315,
1.1328241530114));
#6437=CARTESIAN_POINT('Ctrl Pts',(1.39486727551379,0.25837157890325,1.05150393203031));
#6438=CARTESIAN_POINT('Ctrl Pts',(1.41101668011094,0.256715350833357,1.05978484449009));
#6439=CARTESIAN_POINT('Ctrl Pts',(1.43410399120514,0.253402894693572,1.09362263858321));
#6440=CARTESIAN_POINT('Ctrl Pts',(1.41002723012542,0.248434210483894,1.1505610173272));
#6441=CARTESIAN_POINT('Ctrl Pts',(1.34915221359974,0.243465526274216,1.16096954598372));
#6442=CARTESIAN_POINT('Ctrl Pts',(1.30744172314939,0.238496842064538,1.11548632963086));
#6443=CARTESIAN_POINT('Ctrl Pts',(1.32312729228835,0.23352815785486,1.05575986363671));
#6444=CARTESIAN_POINT('Ctrl Pts',(1.38183753037513,0.228559473645182,1.0366495587174));
#6445=CARTESIAN_POINT('Ctrl Pts',(1.42968008554074,0.223590789435504,1.07567047797691));
#6446=CARTESIAN_POINT('Ctrl Pts',(1.42275410343626,0.218622105225827,1.13702330915785));
#6447=CARTESIAN_POINT('Ctrl Pts',(1.3674128313159,0.213653421016149,1.16439661969477));
#6448=CARTESIAN_POINT('Ctrl Pts',(1.31444638970145,0.208684736806471,1.13267184432866));
#6449=CARTESIAN_POINT('Ctrl Pts',(1.31246320725036,0.203716052596793,1.07096248517721));
#6450=CARTESIAN_POINT('Ctrl Pts',(1.36328369106288,0.198747368387115,1.03590211706147));
#6451=CARTESIAN_POINT('Ctrl Pts',(1.42026790660791,0.193778684177437,1.05966651542305));
#6452=CARTESIAN_POINT('Ctrl Pts',(1.43111952325818,0.188809999967759,1.12044643422321));
#6453=CARTESIAN_POINT('Ctrl Pts',(1.3858795836675,0.183841315758082,1.16246190967504));
#6454=CARTESIAN_POINT('Ctrl Pts',(1.32606639812318,0.178872631548403,1.14715390393964));
#6455=CARTESIAN_POINT('Ctrl Pts',(1.30657262374183,0.173903947338726,1.08857109099852));
#6456=CARTESIAN_POINT('Ctrl Pts',(1.34528839015914,0.168935263129048,1.04047699443258));
#6457=CARTESIAN_POINT('Ctrl Pts',(1.40668287099968,0.16396657891937,1.0470092562702));
#6458=CARTESIAN_POINT('Ctrl Pts',(1.43441218860866,0.158997894709692,1.10217299237628));
#6459=CARTESIAN_POINT('Ctrl Pts',(1.40302817009523,0.154029210500014,1.15534249631875));
#6460=CARTESIAN_POINT('Ctrl Pts',(1.34133303583064,0.149060526290336,1.15772224091393));
#6461=CARTESIAN_POINT('Ctrl Pts',(1.30594658497554,0.144091842080658,1.10712825031689));
#6462=CARTESIAN_POINT('Ctrl Pts',(1.32934421086859,0.139123157870981,1.04999241320516));
#6463=CARTESIAN_POINT('Ctrl Pts',(1.39005308746507,0.134154473661303,1.03875030113194));
#6464=CARTESIAN_POINT('Ctrl Pts',(1.43235853887235,0.129185789451625,1.08371919664551));
#6465=CARTESIAN_POINT('Ctrl Pts',(1.41743536114361,0.124217105241947,1.14362955926302));
#6466=CARTESIAN_POINT('Ctrl Pts',(1.35897908049636,0.119248421032269,1.16349953748049));
#6467=CARTESIAN_POINT('Ctrl Pts',(1.31063708614244,0.114279736822591,1.12509375195572));
#6468=CARTESIAN_POINT('Ctrl Pts',(1.31677453025357,0.109311052612913,1.06365854569386));
#6469=CARTESIAN_POINT('Ctrl Pts',(1.37175886404311,0.104342368403235,1.03557517314025));
#6470=CARTESIAN_POINT('Ctrl Pts',(1.4251290262947,0.0993736841935576,1.06661673477588));
#6471=CARTESIAN_POINT('Ctrl Pts',(1.42790533795029,0.0944049999838798,1.12829529612286));
#6472=CARTESIAN_POINT('Ctrl Pts',(1.37753987988804,0.0894363157742017,1.16400626581812));
#6473=CARTESIAN_POINT('Ctrl Pts',(1.32025480836255,0.0844676315645239,1.14097643138334));
#6474=CARTESIAN_POINT('Ctrl Pts',(1.30862265246734,0.0794989473548461,1.08034107733181));
#6475=CARTESIAN_POINT('Ctrl Pts',(1.35331865212842,0.0745302631451681,1.03774741795802));
#6476=CARTESIAN_POINT('Ctrl Pts',(1.41332371211165,0.0695615789354903,1.05228513057109));
#6477=CARTESIAN_POINT('Ctrl Pts',(1.43356907562474,0.0645928947258124,1.11061249438518));
#6478=CARTESIAN_POINT('Ctrl Pts',(1.39547485534539,0.0596242105161345,1.15920033064158));
#6479=CARTESIAN_POINT('Ctrl Pts',(1.3340014672091,0.0546555263064567,1.15345807164406));
#6480=CARTESIAN_POINT('Ctrl Pts',(1.30556519182407,0.0496868420967788,1.09865518612017));
#6481=CARTESIAN_POINT('Ctrl Pts',(1.33626303043678,0.0447181578871009,1.04508702380491));
#6482=CARTESIAN_POINT('Ctrl Pts',(1.39792243647058,0.0397494736774231,1.04191335444435));
#6483=CARTESIAN_POINT('Ctrl Pts',(1.433956515805,0.0347807894677452,1.09205001018194));
#6484=CARTESIAN_POINT('Ctrl Pts',(1.41129529123702,0.0298121052580673,1.14947832310954));
#6485=CARTESIAN_POINT('Ctrl Pts',(1.35073623260183,0.0248434210483894,1.16150729761007));
#6486=CARTESIAN_POINT('Ctrl Pts',(1.30785559057244,0.0198747368387116,1.11707151969956));
#6487=CARTESIAN_POINT('Ctrl Pts',(1.32200831855105,0.0149060526290337,1.05700332283822));
#6488=CARTESIAN_POINT('Ctrl Pts',(1.38020204121248,0.0099373684193558,1.03632493439522));
#6489=CARTESIAN_POINT('Ctrl Pts',(1.42903996632885,0.00496868420967791,
1.07422647088665));
#6490=CARTESIAN_POINT('Ctrl Pts',(1.42544073523296,0.00165622806989265,
1.11503168842273));
#6491=CARTESIAN_POINT('Ctrl Pts',(1.4154005605098,4.37095678986282E-17,
1.13015027537845));
#6492=CARTESIAN_POINT('Ctrl Pts',(1.42442928535199,0.221665618859408,1.09996829183913));
#6493=CARTESIAN_POINT('Ctrl Pts',(1.42437099538437,0.220651114314881,1.11111910047643));
#6494=CARTESIAN_POINT('Ctrl Pts',(1.42104174366133,0.219636609770354,1.12230201638598));
#6495=CARTESIAN_POINT('Ctrl Pts',(1.41468488843362,0.218622105225827,1.13136005571718));
#6496=CARTESIAN_POINT('Ctrl Pts',(1.40430701272948,0.216965877155934,1.14614774600349));
#6497=CARTESIAN_POINT('Ctrl Pts',(1.38585992202269,0.215309649086041,1.15527218284913));
#6498=CARTESIAN_POINT('Ctrl Pts',(1.36780863640022,0.213653421016149,1.15454693871093));
#6499=CARTESIAN_POINT('Ctrl Pts',(1.34975735077775,0.211997192946256,1.15382169457273));
#6500=CARTESIAN_POINT('Ctrl Pts',(1.3321018702396,0.210340964876364,1.1432467694507));
#6501=CARTESIAN_POINT('Ctrl Pts',(1.32294359956201,0.208684736806471,1.12767441369777));
#6502=CARTESIAN_POINT('Ctrl Pts',(1.31378532888442,0.207028508736578,1.11210205794484));
#6503=CARTESIAN_POINT('Ctrl Pts',(1.31312426806739,0.205372280666686,1.09153227156103));
#6504=CARTESIAN_POINT('Ctrl Pts',(1.32126381829429,0.203716052596793,1.07540398368316));
#6505=CARTESIAN_POINT('Ctrl Pts',(1.3294033685212,0.2020598245269,1.0592756958053));
#6506=CARTESIAN_POINT('Ctrl Pts',(1.34634352979204,0.200403596457008,1.04758890643338));
#6507=CARTESIAN_POINT('Ctrl Pts',(1.36431097968496,0.198747368387115,1.04570624480769));
#6508=CARTESIAN_POINT('Ctrl Pts',(1.38227842957789,0.197091140317223,1.043823583182));
#6509=CARTESIAN_POINT('Ctrl Pts',(1.4012731680929,0.19543491224733,1.05174504930253));
#6510=CARTESIAN_POINT('Ctrl Pts',(1.41257914012545,0.193778684177437,1.06583576882948));
#6511=CARTESIAN_POINT('Ctrl Pts',(1.42023161326013,0.192657662404761,1.075373104701));
#6512=CARTESIAN_POINT('Ctrl Pts',(1.42436163925422,0.191536640632084,1.08773675465952));
#6513=CARTESIAN_POINT('Ctrl Pts',(1.42445452975273,0.190415618859408,1.1000439573069));
#6514=CARTESIAN_POINT('Origin',(-1.37,0.25,1.1));
#6515=CARTESIAN_POINT('Origin',(1.37,0.25,1.1));
#6516=UNCERTAINTY_MEASURE_WITH_UNIT(LENGTH_MEASURE(0.000393700787401575),
#6521,'DISTANCE_ACCURACY_VALUE',
'Maximum model space distance between geometric entities at asserted c
onnectivities');
#6517=UNCERTAINTY_MEASURE_WITH_UNIT(LENGTH_MEASURE(0.000393700787401575),
#6521,'DISTANCE_ACCURACY_VALUE',
'Maximum model space distance between geometric entities at asserted c
onnectivities');
#6518=(
GEOMETRIC_REPRESENTATION_CONTEXT(3)
GLOBAL_UNCERTAINTY_ASSIGNED_CONTEXT((#6516))
GLOBAL_UNIT_ASSIGNED_CONTEXT((#6521,#6525,#6526))
REPRESENTATION_CONTEXT('','3D')
);
#6519=(
GEOMETRIC_REPRESENTATION_CONTEXT(3)
GLOBAL_UNCERTAINTY_ASSIGNED_CONTEXT((#6517))
GLOBAL_UNIT_ASSIGNED_CONTEXT((#6521,#6525,#6526))
REPRESENTATION_CONTEXT('','3D')
);
#6520=DIMENSIONAL_EXPONENTS(1.,0.,0.,0.,0.,0.,0.);
#6521=(
CONVERSION_BASED_UNIT('inch',#6524)
LENGTH_UNIT()
NAMED_UNIT(#6520)
);
#6522=(
LENGTH_UNIT()
NAMED_UNIT(*)
SI_UNIT(.MILLI.,.METRE.)
);
#6523=(
LENGTH_UNIT()
NAMED_UNIT(*)
SI_UNIT($,.METRE.)
);
#6524=LENGTH_MEASURE_WITH_UNIT(LENGTH_MEASURE(25.4),#6522);
#6525=(
NAMED_UNIT(*)
PLANE_ANGLE_UNIT()
SI_UNIT($,.RADIAN.)
);
#6526=(
NAMED_UNIT(*)
SI_UNIT($,.STERADIAN.)
SOLID_ANGLE_UNIT()
);
#6527=SHAPE_DEFINITION_REPRESENTATION(#6528,#6529);
#6528=PRODUCT_DEFINITION_SHAPE('',$,#6531);
#6529=SHAPE_REPRESENTATION('',(#1680),#6518);
#6530=PRODUCT_DEFINITION_CONTEXT('part definition',#6535,'design');
#6531=PRODUCT_DEFINITION('FusionComponent','FusionComponent',#6532,#6530);
#6532=PRODUCT_DEFINITION_FORMATION('',$,#6537);
#6533=PRODUCT_RELATED_PRODUCT_CATEGORY('FusionComponent',
'FusionComponent',(#6537));
#6534=APPLICATION_PROTOCOL_DEFINITION('international standard',
'automotive_design',2009,#6535);
#6535=APPLICATION_CONTEXT(
'Core Data for Automotive Mechanical Design Process');
#6536=PRODUCT_CONTEXT('part definition',#6535,'mechanical');
#6537=PRODUCT('FusionComponent','FusionComponent',$,(#6536));
#6538=PRESENTATION_STYLE_ASSIGNMENT((#6539));
#6539=SURFACE_STYLE_USAGE(.BOTH.,#6540);
#6540=SURFACE_SIDE_STYLE('',(#6541));
#6541=SURFACE_STYLE_FILL_AREA(#6542);
#6542=FILL_AREA_STYLE('Steel - Satin',(#6543));
#6543=FILL_AREA_STYLE_COLOUR('Steel - Satin',#6544);
#6544=COLOUR_RGB('Steel - Satin',0.627450980392157,0.627450980392157,0.627450980392157);
ENDSEC;
END-ISO-10303-21;
