ISO-10303-21;
HEADER;
/* Generated by software containing ST-Developer
 * from STEP Tools, Inc. (www.steptools.com) 
 */

FILE_DESCRIPTION(
/* description */ (''),
/* implementation_level */ '2;1');

FILE_NAME(
/* name */ 'Fly-Holder-peltrier-station.step',
/* time_stamp */ '2026-08-18T12:25:05-04:00',
/* author */ (''),
/* organization */ (''),
/* preprocessor_version */ 'ST-DEVELOPER v20.1',
/* originating_system */ 'Autodesk Translation Framework v15.8.0.0',
/* authorisation */ '');

FILE_SCHEMA (('AUTOMOTIVE_DESIGN { 1 0 10303 214 3 1 1 }'));
ENDSEC;

DATA;
#10=MECHANICAL_DESIGN_GEOMETRIC_PRESENTATION_REPRESENTATION('',(#13),#1851);
#11=SHAPE_REPRESENTATION_RELATIONSHIP('SRR','None',#1858,#12);
#12=ADVANCED_BREP_SHAPE_REPRESENTATION('',(#14),#1850);
#13=STYLED_ITEM('',(#1867),#14);
#14=MANIFOLD_SOLID_BREP('Body1',#755);
#15=(
BOUNDED_CURVE()
B_SPLINE_CURVE(2,(#1743,#1744,#1745),.UNSPECIFIED.,.F.,.F.)
B_SPLINE_CURVE_WITH_KNOTS((3,3),(0.,0.283559754863057),.UNSPECIFIED.)
CURVE()
GEOMETRIC_REPRESENTATION_ITEM()
RATIONAL_B_SPLINE_CURVE((1.,1.01181643588914,1.))
REPRESENTATION_ITEM('')
);
#16=(
BOUNDED_CURVE()
B_SPLINE_CURVE(2,(#1749,#1750,#1751),.UNSPECIFIED.,.F.,.F.)
B_SPLINE_CURVE_WITH_KNOTS((3,3),(0.,0.299155611255636),.UNSPECIFIED.)
CURVE()
GEOMETRIC_REPRESENTATION_ITEM()
RATIONAL_B_SPLINE_CURVE((1.,1.01453012970542,1.))
REPRESENTATION_ITEM('')
);
#17=(
BOUNDED_CURVE()
B_SPLINE_CURVE(2,(#1760,#1761,#1762),.UNSPECIFIED.,.F.,.F.)
B_SPLINE_CURVE_WITH_KNOTS((3,3),(0.,0.299155611255636),.UNSPECIFIED.)
CURVE()
GEOMETRIC_REPRESENTATION_ITEM()
RATIONAL_B_SPLINE_CURVE((1.,1.01453012970542,1.))
REPRESENTATION_ITEM('')
);
#18=(
BOUNDED_CURVE()
B_SPLINE_CURVE(2,(#1763,#1764,#1765),.UNSPECIFIED.,.F.,.F.)
B_SPLINE_CURVE_WITH_KNOTS((3,3),(0.,0.283559754863057),.UNSPECIFIED.)
CURVE()
GEOMETRIC_REPRESENTATION_ITEM()
RATIONAL_B_SPLINE_CURVE((1.,1.01181643588914,1.))
REPRESENTATION_ITEM('')
);
#19=CONICAL_SURFACE('',#799,6.59565445476746,0.785398163397449);
#20=CONICAL_SURFACE('',#804,6.59565445476746,0.785398163397449);
#21=FACE_BOUND('',#129,.T.);
#22=FACE_BOUND('',#133,.T.);
#23=FACE_BOUND('',#135,.T.);
#24=FACE_BOUND('',#140,.T.);
#25=FACE_BOUND('',#144,.T.);
#26=FACE_BOUND('',#156,.T.);
#27=FACE_BOUND('',#157,.T.);
#28=FACE_BOUND('',#161,.T.);
#29=PLANE('',#775);
#30=PLANE('',#776);
#31=PLANE('',#784);
#32=PLANE('',#793);
#33=PLANE('',#796);
#34=PLANE('',#802);
#35=PLANE('',#805);
#36=PLANE('',#813);
#37=PLANE('',#815);
#38=PLANE('',#816);
#39=PLANE('',#817);
#40=PLANE('',#818);
#41=PLANE('',#819);
#42=PLANE('',#820);
#43=PLANE('',#821);
#44=PLANE('',#822);
#45=PLANE('',#823);
#46=PLANE('',#825);
#47=PLANE('',#829);
#48=B_SPLINE_SURFACE_WITH_KNOTS('',3,3,((#1198,#1199,#1200,#1201,#1202,
#1203,#1204,#1205,#1206,#1207,#1208,#1209,#1210,#1211,#1212,#1213,#1214,
#1215,#1216,#1217,#1218,#1219),(#1220,#1221,#1222,#1223,#1224,#1225,#1226,
#1227,#1228,#1229,#1230,#1231,#1232,#1233,#1234,#1235,#1236,#1237,#1238,
#1239,#1240,#1241),(#1242,#1243,#1244,#1245,#1246,#1247,#1248,#1249,#1250,
#1251,#1252,#1253,#1254,#1255,#1256,#1257,#1258,#1259,#1260,#1261,#1262,
#1263),(#1264,#1265,#1266,#1267,#1268,#1269,#1270,#1271,#1272,#1273,#1274,
#1275,#1276,#1277,#1278,#1279,#1280,#1281,#1282,#1283,#1284,#1285)),
 .UNSPECIFIED.,.F.,.F.,.F.,(4,4),(4,1,1,1,1,1,1,1,1,1,1,1,1,1,1,1,1,1,1,
4),(0.,0.0331422148525613),(12.1887148908953,13.1456054998277,14.1024961087601,
15.0593867176926,16.016277326625,16.9731679355574,17.9300585444898,18.8869491534223,
19.8438397623547,20.8007303712871,21.7576209802195,22.714511589152,23.6714021980844,
24.6282928070168,25.5851834159492,26.5420740248817,27.4989646338141,28.4558552427465,
29.412745851679,30.3696364606114),.UNSPECIFIED.);
#49=B_SPLINE_SURFACE_WITH_KNOTS('',3,3,((#1478,#1479,#1480,#1481),(#1482,
#1483,#1484,#1485),(#1486,#1487,#1488,#1489),(#1490,#1491,#1492,#1493)),
 .UNSPECIFIED.,.F.,.F.,.F.,(4,4),(4,4),(0.027632143149734,0.0331422148525613),
(32.4148053714233,32.9740343828697),.UNSPECIFIED.);
#50=B_SPLINE_SURFACE_WITH_KNOTS('',3,3,((#1514,#1515,#1516,#1517,#1518,
#1519,#1520,#1521,#1522,#1523,#1524,#1525,#1526,#1527,#1528,#1529,#1530,
#1531,#1532,#1533),(#1534,#1535,#1536,#1537,#1538,#1539,#1540,#1541,#1542,
#1543,#1544,#1545,#1546,#1547,#1548,#1549,#1550,#1551,#1552,#1553),(#1554,
#1555,#1556,#1557,#1558,#1559,#1560,#1561,#1562,#1563,#1564,#1565,#1566,
#1567,#1568,#1569,#1570,#1571,#1572,#1573),(#1574,#1575,#1576,#1577,#1578,
#1579,#1580,#1581,#1582,#1583,#1584,#1585,#1586,#1587,#1588,#1589,#1590,
#1591,#1592,#1593)),.UNSPECIFIED.,.F.,.F.,.F.,(4,4),(4,1,1,1,1,1,1,1,1,
1,1,1,1,1,1,1,1,4),(0.,0.0331422148525613),(15.162144948561,16.1050611078526,
17.0479772671442,17.9908934264358,18.9338095857274,19.876725745019,20.8196419043106,
21.7625580636022,22.7054742228938,23.6483903821854,24.591306541477,25.5342227007686,
26.4771388600602,27.4200550193518,28.3629711786434,29.305887337935,30.2488034972266,
31.1917196565182),.UNSPECIFIED.);
#51=CIRCLE('',#772,1.4224);
#52=CIRCLE('',#779,5.);
#53=CIRCLE('',#780,5.);
#54=CIRCLE('',#781,5.);
#55=CIRCLE('',#782,5.);
#56=CIRCLE('',#785,3.5);
#57=CIRCLE('',#787,3.5);
#58=CIRCLE('',#789,5.59565445476746);
#59=CIRCLE('',#790,5.59565445476746);
#60=CIRCLE('',#791,5.59565445476746);
#61=CIRCLE('',#792,5.59565445476746);
#62=CIRCLE('',#794,3.70525843622852);
#63=CIRCLE('',#795,2.80971552126474);
#64=CIRCLE('',#797,3.70525843622852);
#65=CIRCLE('',#798,2.80971552126474);
#66=CIRCLE('',#800,7.59565445476746);
#67=CIRCLE('',#801,5.59565445476746);
#68=CIRCLE('',#803,7.59565445476746);
#69=CIRCLE('',#806,5.59565445476746);
#70=CIRCLE('',#807,5.59565445476746);
#71=CIRCLE('',#808,3.70525843622852);
#72=CIRCLE('',#810,2.80971552126474);
#73=CIRCLE('',#812,2.80971552126474);
#74=CIRCLE('',#814,3.70525843622852);
#75=CIRCLE('',#827,5.59565445476746);
#76=FACE_OUTER_BOUND('',#115,.T.);
#77=FACE_OUTER_BOUND('',#116,.T.);
#78=FACE_OUTER_BOUND('',#117,.T.);
#79=FACE_OUTER_BOUND('',#118,.T.);
#80=FACE_OUTER_BOUND('',#119,.T.);
#81=FACE_OUTER_BOUND('',#120,.T.);
#82=FACE_OUTER_BOUND('',#121,.T.);
#83=FACE_OUTER_BOUND('',#122,.T.);
#84=FACE_OUTER_BOUND('',#123,.T.);
#85=FACE_OUTER_BOUND('',#124,.T.);
#86=FACE_OUTER_BOUND('',#125,.T.);
#87=FACE_OUTER_BOUND('',#126,.T.);
#88=FACE_OUTER_BOUND('',#127,.T.);
#89=FACE_OUTER_BOUND('',#128,.T.);
#90=FACE_OUTER_BOUND('',#130,.T.);
#91=FACE_OUTER_BOUND('',#131,.T.);
#92=FACE_OUTER_BOUND('',#132,.T.);
#93=FACE_OUTER_BOUND('',#134,.T.);
#94=FACE_OUTER_BOUND('',#136,.T.);
#95=FACE_OUTER_BOUND('',#137,.T.);
#96=FACE_OUTER_BOUND('',#138,.T.);
#97=FACE_OUTER_BOUND('',#139,.T.);
#98=FACE_OUTER_BOUND('',#141,.T.);
#99=FACE_OUTER_BOUND('',#142,.T.);
#100=FACE_OUTER_BOUND('',#143,.T.);
#101=FACE_OUTER_BOUND('',#145,.T.);
#102=FACE_OUTER_BOUND('',#146,.T.);
#103=FACE_OUTER_BOUND('',#147,.T.);
#104=FACE_OUTER_BOUND('',#148,.T.);
#105=FACE_OUTER_BOUND('',#149,.T.);
#106=FACE_OUTER_BOUND('',#150,.T.);
#107=FACE_OUTER_BOUND('',#151,.T.);
#108=FACE_OUTER_BOUND('',#152,.T.);
#109=FACE_OUTER_BOUND('',#153,.T.);
#110=FACE_OUTER_BOUND('',#154,.T.);
#111=FACE_OUTER_BOUND('',#155,.T.);
#112=FACE_OUTER_BOUND('',#158,.T.);
#113=FACE_OUTER_BOUND('',#159,.T.);
#114=FACE_OUTER_BOUND('',#160,.T.);
#115=EDGE_LOOP('',(#479,#480,#481,#482,#483,#484,#485,#486));
#116=EDGE_LOOP('',(#487,#488,#489,#490));
#117=EDGE_LOOP('',(#491,#492,#493,#494,#495));
#118=EDGE_LOOP('',(#496,#497,#498,#499));
#119=EDGE_LOOP('',(#500,#501,#502,#503));
#120=EDGE_LOOP('',(#504,#505,#506,#507,#508,#509,#510,#511,#512,#513,#514,
#515));
#121=EDGE_LOOP('',(#516,#517));
#122=EDGE_LOOP('',(#518,#519,#520));
#123=EDGE_LOOP('',(#521,#522,#523));
#124=EDGE_LOOP('',(#524,#525,#526,#527));
#125=EDGE_LOOP('',(#528,#529,#530,#531,#532,#533,#534,#535,#536,#537));
#126=EDGE_LOOP('',(#538,#539,#540,#541,#542,#543,#544,#545,#546,#547,#548,
#549,#550,#551,#552,#553));
#127=EDGE_LOOP('',(#554,#555,#556,#557));
#128=EDGE_LOOP('',(#558));
#129=EDGE_LOOP('',(#559));
#130=EDGE_LOOP('',(#560,#561,#562,#563,#564,#565,#566,#567,#568,#569,#570,
#571,#572,#573,#574,#575,#576));
#131=EDGE_LOOP('',(#577,#578,#579,#580,#581,#582,#583,#584));
#132=EDGE_LOOP('',(#585));
#133=EDGE_LOOP('',(#586));
#134=EDGE_LOOP('',(#587));
#135=EDGE_LOOP('',(#588));
#136=EDGE_LOOP('',(#589,#590,#591,#592));
#137=EDGE_LOOP('',(#593,#594,#595,#596));
#138=EDGE_LOOP('',(#597,#598,#599,#600));
#139=EDGE_LOOP('',(#601,#602,#603,#604,#605));
#140=EDGE_LOOP('',(#606));
#141=EDGE_LOOP('',(#607,#608,#609,#610));
#142=EDGE_LOOP('',(#611,#612,#613,#614));
#143=EDGE_LOOP('',(#615,#616,#617,#618,#619,#620));
#144=EDGE_LOOP('',(#621));
#145=EDGE_LOOP('',(#622,#623,#624,#625));
#146=EDGE_LOOP('',(#626,#627,#628,#629,#630,#631,#632,#633,#634,#635,#636,
#637,#638,#639));
#147=EDGE_LOOP('',(#640,#641,#642,#643));
#148=EDGE_LOOP('',(#644,#645,#646,#647));
#149=EDGE_LOOP('',(#648,#649,#650,#651));
#150=EDGE_LOOP('',(#652,#653,#654,#655,#656,#657,#658,#659));
#151=EDGE_LOOP('',(#660,#661,#662,#663));
#152=EDGE_LOOP('',(#664,#665,#666,#667));
#153=EDGE_LOOP('',(#668,#669,#670,#671,#672,#673,#674,#675,#676,#677));
#154=EDGE_LOOP('',(#678,#679,#680,#681));
#155=EDGE_LOOP('',(#682,#683,#684));
#156=EDGE_LOOP('',(#685));
#157=EDGE_LOOP('',(#686));
#158=EDGE_LOOP('',(#687,#688,#689,#690,#691,#692,#693,#694));
#159=EDGE_LOOP('',(#695,#696,#697,#698));
#160=EDGE_LOOP('',(#699));
#161=EDGE_LOOP('',(#700));
#162=B_SPLINE_CURVE_WITH_KNOTS('',3,(#1010,#1011,#1012,#1013,#1014,#1015,
#1016,#1017,#1018,#1019,#1020,#1021,#1022),.UNSPECIFIED.,.F.,.F.,(4,3,3,
3,4),(13.6546502328997,13.743287529235,14.6862036885266,15.6291198478181,
16.5720360071097),.UNSPECIFIED.);
#163=B_SPLINE_CURVE_WITH_KNOTS('',3,(#1024,#1025,#1026,#1027),
 .UNSPECIFIED.,.F.,.F.,(4,4),(0.172429421630004,0.197197028397224),
 .UNSPECIFIED.);
#164=B_SPLINE_CURVE_WITH_KNOTS('',3,(#1029,#1030,#1031,#1032,#1033,#1034,
#1035,#1036),.UNSPECIFIED.,.F.,.F.,(4,2,2,4),(0.0623868703510171,0.0862325414333483,
0.129330981531676,0.172429421630004),.UNSPECIFIED.);
#165=B_SPLINE_CURVE_WITH_KNOTS('',3,(#1038,#1039,#1040,#1041),
 .UNSPECIFIED.,.F.,.F.,(4,4),(17.7951217220149,18.3543507334612),
 .UNSPECIFIED.);
#166=B_SPLINE_CURVE_WITH_KNOTS('',3,(#1043,#1044,#1045,#1046),
 .UNSPECIFIED.,.F.,.F.,(4,4),(0.,0.00143772266032236),.UNSPECIFIED.);
#167=B_SPLINE_CURVE_WITH_KNOTS('',3,(#1048,#1049,#1050,#1051,#1052,#1053,
#1054,#1055),.UNSPECIFIED.,.F.,.F.,(4,2,2,4),(0.591917919189547,0.603485145086667,
0.646601415803341,0.689717686520015),.UNSPECIFIED.);
#168=B_SPLINE_CURVE_WITH_KNOTS('',3,(#1056,#1057,#1058,#1059,#1060,#1061,
#1062,#1063,#1064,#1065,#1066,#1067,#1068,#1069,#1070,#1071,#1072,#1073,
#1074,#1075,#1076,#1077),.UNSPECIFIED.,.F.,.F.,(4,3,3,3,3,3,3,4),(-15.5761398917959,
-15.4839890261821,-14.5270984172497,-13.5702078083173,-12.6133171993849,
-11.6564265904524,-10.69953598152,-9.97617296749659),.UNSPECIFIED.);
#169=B_SPLINE_CURVE_WITH_KNOTS('',3,(#1083,#1084,#1085,#1086,#1087,#1088,
#1089,#1090,#1091,#1092,#1093,#1094,#1095),.UNSPECIFIED.,.F.,.F.,(4,3,3,
3,4),(-3.69298766031701,-3.04441111006061,-2.08752050112819,-1.13062989219576,
-0.173739283263345),.UNSPECIFIED.);
#170=B_SPLINE_CURVE_WITH_KNOTS('',3,(#1097,#1098,#1099,#1100,#1101,#1102,
#1103,#1104,#1105,#1106),.UNSPECIFIED.,.F.,.F.,(4,2,2,2,4),(0.367069019034241,
0.386370989922665,0.429302896566809,0.472230760742296,0.473916200731552),
 .UNSPECIFIED.);
#171=B_SPLINE_CURVE_WITH_KNOTS('',3,(#1107,#1108,#1109,#1110,#1111,#1112,
#1113,#1114,#1115,#1116,#1117,#1118,#1119,#1120,#1121,#1122,#1123,#1124,
#1125),.UNSPECIFIED.,.F.,.F.,(4,3,3,3,3,3,4),(2.87305573123683,3.37120977702736,
4.31412593631896,5.25704209561056,6.19995825490216,7.14287441419376,7.37146492572014),
 .UNSPECIFIED.);
#172=B_SPLINE_CURVE_WITH_KNOTS('',3,(#1131,#1132,#1133,#1134,#1135,#1136),
 .UNSPECIFIED.,.F.,.F.,(4,1,1,4),(28.2743338823081,28.4558552427465,29.412745851679,
30.3696364606114),.UNSPECIFIED.);
#173=B_SPLINE_CURVE_WITH_KNOTS('',3,(#1140,#1141,#1142,#1143,#1144,#1145),
 .UNSPECIFIED.,.F.,.F.,(4,2,4),(0.314978617967595,0.325553684415254,0.34532039279778),
 .UNSPECIFIED.);
#174=B_SPLINE_CURVE_WITH_KNOTS('',3,(#1146,#1147,#1148,#1149,#1150,#1151,
#1152),.UNSPECIFIED.,.F.,.F.,(4,1,1,1,4),(28.2743338823081,28.3629711786434,
29.305887337935,30.2488034972266,30.7041887120359),.UNSPECIFIED.);
#175=B_SPLINE_CURVE_WITH_KNOTS('',3,(#1157,#1158,#1159,#1160,#1161,#1162,
#1163,#1164,#1165,#1166),.UNSPECIFIED.,.F.,.F.,(4,1,1,1,1,1,1,4),(21.9911485751285,
22.714511589152,23.6714021980844,24.6282928070168,25.5851834159492,26.5420740248817,
27.4989646338141,28.2743338823081),.UNSPECIFIED.);
#176=B_SPLINE_CURVE_WITH_KNOTS('',3,(#1167,#1168,#1169,#1170,#1171,#1172,
#1173,#1174,#1175,#1176),.UNSPECIFIED.,.F.,.F.,(4,1,1,1,1,1,1,4),(21.9911485751286,
22.7054742228938,23.6483903821854,24.591306541477,25.5342227007686,26.4771388600602,
27.4200550193518,28.2743338823081),.UNSPECIFIED.);
#177=B_SPLINE_CURVE_WITH_KNOTS('',3,(#1182,#1183,#1184,#1185),
 .UNSPECIFIED.,.F.,.F.,(4,4),(15.162144948561,15.707963267949),
 .UNSPECIFIED.);
#178=B_SPLINE_CURVE_WITH_KNOTS('',3,(#1187,#1188,#1189,#1190,#1191,#1192),
 .UNSPECIFIED.,.F.,.F.,(4,2,4),(0.0958425936176204,0.107817892312766,0.141150999104037),
 .UNSPECIFIED.);
#179=B_SPLINE_CURVE_WITH_KNOTS('',3,(#1193,#1194,#1195,#1196,#1197),
 .UNSPECIFIED.,.F.,.F.,(4,1,4),(14.8380870572317,15.0593867176926,15.707963267949),
 .UNSPECIFIED.);
#180=B_SPLINE_CURVE_WITH_KNOTS('',3,(#1288,#1289,#1290,#1291,#1292,#1293,
#1294,#1295,#1296,#1297,#1298,#1299,#1300,#1301,#1302,#1303,#1304,#1305,
#1306,#1307,#1308,#1309,#1310,#1311,#1312,#1313),.UNSPECIFIED.,.F.,.F.,
(4,2,2,2,2,2,2,2,2,2,2,2,4),(0.124820926405405,0.136835222935753,0.186572656372828,
0.219296420452792,0.246521186729956,0.250820008229088,0.252444027928984,
0.253516292359554,0.254544323810592,0.255949175373768,0.259195921751803,
0.265946981854124,0.279563200036585),.UNSPECIFIED.);
#181=B_SPLINE_CURVE_WITH_KNOTS('',3,(#1314,#1315,#1316,#1317,#1318,#1319,
#1320,#1321,#1322,#1323,#1324,#1325,#1326,#1327,#1328,#1329,#1330,#1331,
#1332,#1333,#1334,#1335,#1336,#1337,#1338,#1339,#1340,#1341,#1342,#1343,
#1344,#1345,#1346,#1347,#1348,#1349,#1350,#1351,#1352,#1353,#1354,#1355,
#1356,#1357,#1358,#1359),.UNSPECIFIED.,.F.,.F.,(4,3,3,3,3,3,3,3,3,3,3,3,
3,3,3,4),(-0.21167102731483,-0.194689182378319,-0.180685149261826,-0.177039709332491,
-0.173206327228489,-0.156630414600613,-0.147383727456333,-0.1431141228209,
-0.13996657867603,-0.12408172699657,-0.108499170659029,-0.0955780440527003,
-0.0929317249509136,-0.0903123997344693,-0.0826569174463717,-0.0819139977630369),
 .UNSPECIFIED.);
#182=B_SPLINE_CURVE_WITH_KNOTS('',3,(#1360,#1361,#1362,#1363,#1364,#1365,
#1366,#1367,#1368,#1369,#1370),.UNSPECIFIED.,.F.,.F.,(4,1,1,1,1,1,1,1,4),
(15.707963267949,16.016277326625,16.9731679355574,17.9300585444898,18.8869491534223,
19.8438397623547,20.8007303712871,21.7576209802195,21.9911485751285),
 .UNSPECIFIED.);
#183=B_SPLINE_CURVE_WITH_KNOTS('',3,(#1372,#1373,#1374,#1375,#1376,#1377,
#1378,#1379,#1380,#1381,#1382,#1383,#1384,#1385,#1386,#1387,#1388,#1389,
#1390,#1391,#1392,#1393,#1394,#1395,#1396,#1397,#1398,#1399,#1400,#1401,
#1402,#1403,#1404,#1405,#1406,#1407,#1408,#1409,#1410,#1411,#1412,#1413),
 .UNSPECIFIED.,.F.,.F.,(4,2,2,2,2,2,2,2,2,2,2,2,2,2,2,2,2,2,2,2,4),(0.0461359116815342,
0.0570586153658822,0.081111143390314,0.0856556081441842,0.0880362110388823,
0.0899862786593282,0.0922484200469585,0.096240946753807,0.105961590293434,
0.125570509062061,0.172162885671134,0.188320407409915,0.193263088857839,
0.196287376065775,0.199034155150571,0.202574490830692,0.209961623459268,
0.225708833475928,0.257910470612862,0.302543563612503,0.335052616828077),
 .UNSPECIFIED.);
#184=B_SPLINE_CURVE_WITH_KNOTS('',3,(#1414,#1415,#1416,#1417,#1418,#1419,
#1420,#1421,#1422,#1423,#1424,#1425,#1426,#1427,#1428,#1429),
 .UNSPECIFIED.,.F.,.F.,(4,3,3,3,3,4),(0.,0.0126311767367649,0.0251427558535306,
0.0317823674976992,0.0441656720698891,0.0461359116815342),.UNSPECIFIED.);
#185=B_SPLINE_CURVE_WITH_KNOTS('',3,(#1430,#1431,#1432,#1433,#1434,#1435,
#1436,#1437,#1438,#1439,#1440,#1441,#1442,#1443,#1444,#1445,#1446,#1447,
#1448,#1449,#1450,#1451,#1452,#1453,#1454),.UNSPECIFIED.,.F.,.F.,(4,3,3,
3,3,3,3,3,4),(-9.97617296749659,-9.74264537258759,-8.78575476365517,-7.82886415472274,
-6.87197354579032,-5.91508293685789,-4.95819232792546,-4.00130171899304,
-3.69298766031701),.UNSPECIFIED.);
#186=B_SPLINE_CURVE_WITH_KNOTS('',3,(#1455,#1456,#1457,#1458,#1459,#1460,
#1461,#1462,#1463,#1464),.UNSPECIFIED.,.F.,.F.,(4,2,2,2,4),(0.279563200036585,
0.281216150221616,0.304074838690685,0.333233811092228,0.371018396231502),
 .UNSPECIFIED.);
#187=B_SPLINE_CURVE_WITH_KNOTS('',3,(#1468,#1469,#1470,#1471,#1472,#1473,
#1474,#1475,#1476,#1477),.UNSPECIFIED.,.F.,.F.,(4,3,3,4),(-0.212616507807293,
-0.198187398512599,-0.183845756264864,-0.180559386773772),.UNSPECIFIED.);
#188=B_SPLINE_CURVE_WITH_KNOTS('',3,(#1494,#1495,#1496,#1497,#1498,#1499),
 .UNSPECIFIED.,.F.,.F.,(4,2,4),(0.0326298690746185,0.039541242915748,0.0665475922722986),
 .UNSPECIFIED.);
#189=B_SPLINE_CURVE_WITH_KNOTS('',3,(#1503,#1504,#1505,#1506,#1507,#1508,
#1509,#1510,#1511,#1512,#1513),.UNSPECIFIED.,.F.,.F.,(4,1,1,1,1,1,1,1,4),
(15.707963267949,16.1050611078526,17.0479772671442,17.9908934264358,18.9338095857274,
19.876725745019,20.8196419043106,21.7625580636022,21.9911485751286),
 .UNSPECIFIED.);
#190=B_SPLINE_CURVE_WITH_KNOTS('',3,(#1594,#1595,#1596,#1597,#1598,#1599,
#1600,#1601,#1602,#1603,#1604,#1605,#1606,#1607,#1608,#1609),
 .UNSPECIFIED.,.F.,.F.,(4,3,3,3,3,4),(0.,0.0126163647980273,0.0263574652169146,
0.0401860833380118,0.0557224325298835,0.069127295903082),.UNSPECIFIED.);
#191=B_SPLINE_CURVE_WITH_KNOTS('',3,(#1610,#1611,#1612,#1613,#1614,#1615,
#1616,#1617,#1618,#1619,#1620,#1621,#1622,#1623,#1624,#1625,#1626,#1627,
#1628,#1629,#1630,#1631),.UNSPECIFIED.,.F.,.F.,(4,3,3,3,3,3,3,4),(7.37146492572014,
8.08579057348536,9.02870673277696,9.97162289206856,10.9145390513602,11.8574552106518,
12.8003713699434,13.6546502328997),.UNSPECIFIED.);
#192=B_SPLINE_CURVE_WITH_KNOTS('',3,(#1633,#1634,#1635,#1636,#1637,#1638,
#1639,#1640,#1641,#1642,#1643,#1644,#1645,#1646,#1647,#1648,#1649,#1650,
#1651,#1652,#1653,#1654,#1655,#1656,#1657,#1658,#1659,#1660,#1661,#1662,
#1663,#1664,#1665,#1666,#1667,#1668,#1669,#1670,#1671,#1672,#1673,#1674,
#1675,#1676,#1677,#1678),.UNSPECIFIED.,.F.,.F.,(4,2,2,2,2,2,2,2,2,2,2,2,
2,2,2,2,2,2,2,2,2,2,4),(0.0747338459539913,0.10091824322248,0.114968836434533,
0.118862716661044,0.121163641995753,0.123160322154348,0.125607265487176,
0.130281967502667,0.140542908409316,0.16147758576828,0.208002377051045,
0.221409222063891,0.225808435411648,0.231115137428492,0.233078659431091,
0.2343672793301,0.235598281807522,0.237275322211797,0.241140613761354,0.248982311169516,
0.266357090466929,0.288372757890107,0.31182304596632),.UNSPECIFIED.);
#193=B_SPLINE_CURVE_WITH_KNOTS('',3,(#1679,#1680,#1681,#1682,#1683,#1684,
#1685,#1686,#1687,#1688,#1689,#1690,#1691,#1692,#1693,#1694),
 .UNSPECIFIED.,.F.,.F.,(4,3,3,3,3,4),(0.,0.0226548167037201,0.0399302367652616,
0.0486531544112586,0.0664247115644862,0.0747338459539913),.UNSPECIFIED.);
#194=LINE('',#1008,#244);
#195=LINE('',#1081,#245);
#196=LINE('',#1129,#246);
#197=LINE('',#1156,#247);
#198=LINE('',#1180,#248);
#199=LINE('',#1467,#249);
#200=LINE('',#1501,#250);
#201=LINE('',#1698,#251);
#202=LINE('',#1701,#252);
#203=LINE('',#1703,#253);
#204=LINE('',#1708,#254);
#205=LINE('',#1715,#255);
#206=LINE('',#1717,#256);
#207=LINE('',#1724,#257);
#208=LINE('',#1728,#258);
#209=LINE('',#1755,#259);
#210=LINE('',#1758,#260);
#211=LINE('',#1773,#261);
#212=LINE('',#1775,#262);
#213=LINE('',#1776,#263);
#214=LINE('',#1781,#264);
#215=LINE('',#1785,#265);
#216=LINE('',#1789,#266);
#217=LINE('',#1791,#267);
#218=LINE('',#1792,#268);
#219=LINE('',#1797,#269);
#220=LINE('',#1799,#270);
#221=LINE('',#1800,#271);
#222=LINE('',#1802,#272);
#223=LINE('',#1804,#273);
#224=LINE('',#1806,#274);
#225=LINE('',#1808,#275);
#226=LINE('',#1810,#276);
#227=LINE('',#1812,#277);
#228=LINE('',#1813,#278);
#229=LINE('',#1816,#279);
#230=LINE('',#1818,#280);
#231=LINE('',#1819,#281);
#232=LINE('',#1822,#282);
#233=LINE('',#1823,#283);
#234=LINE('',#1826,#284);
#235=LINE('',#1827,#285);
#236=LINE('',#1830,#286);
#237=LINE('',#1831,#287);
#238=LINE('',#1832,#288);
#239=LINE('',#1834,#289);
#240=LINE('',#1837,#290);
#241=LINE('',#1839,#291);
#242=LINE('',#1843,#292);
#243=LINE('',#1846,#293);
#244=VECTOR('',#834,2.2360680108198);
#245=VECTOR('',#837,2.2360680108198);
#246=VECTOR('',#840,1.4224);
#247=VECTOR('',#845,1.4224);
#248=VECTOR('',#848,1.4224);
#249=VECTOR('',#851,10.);
#250=VECTOR('',#854,10.);
#251=VECTOR('',#859,10.);
#252=VECTOR('',#862,5.);
#253=VECTOR('',#863,5.);
#254=VECTOR('',#868,10.);
#255=VECTOR('',#879,3.5);
#256=VECTOR('',#880,3.5);
#257=VECTOR('',#889,10.);
#258=VECTOR('',#892,10.);
#259=VECTOR('',#915,10.);
#260=VECTOR('',#918,10.);
#261=VECTOR('',#927,10.);
#262=VECTOR('',#928,10.);
#263=VECTOR('',#929,10.);
#264=VECTOR('',#934,2.80971552126474);
#265=VECTOR('',#939,2.80971552126474);
#266=VECTOR('',#944,10.);
#267=VECTOR('',#945,10.);
#268=VECTOR('',#946,10.);
#269=VECTOR('',#951,10.);
#270=VECTOR('',#952,10.);
#271=VECTOR('',#953,10.);
#272=VECTOR('',#956,10.);
#273=VECTOR('',#957,10.);
#274=VECTOR('',#958,10.);
#275=VECTOR('',#959,10.);
#276=VECTOR('',#960,10.);
#277=VECTOR('',#961,10.);
#278=VECTOR('',#962,10.);
#279=VECTOR('',#965,10.);
#280=VECTOR('',#966,10.);
#281=VECTOR('',#967,10.);
#282=VECTOR('',#970,10.);
#283=VECTOR('',#971,10.);
#284=VECTOR('',#974,10.);
#285=VECTOR('',#975,10.);
#286=VECTOR('',#978,10.);
#287=VECTOR('',#979,10.);
#288=VECTOR('',#980,10.);
#289=VECTOR('',#983,10.);
#290=VECTOR('',#988,10.);
#291=VECTOR('',#991,3.40525843622852);
#292=VECTOR('',#996,5.09565445476746);
#293=VECTOR('',#1001,3.40525843622852);
#294=VERTEX_POINT('',#1006);
#295=VERTEX_POINT('',#1007);
#296=VERTEX_POINT('',#1009);
#297=VERTEX_POINT('',#1023);
#298=VERTEX_POINT('',#1028);
#299=VERTEX_POINT('',#1037);
#300=VERTEX_POINT('',#1042);
#301=VERTEX_POINT('',#1047);
#302=VERTEX_POINT('',#1079);
#303=VERTEX_POINT('',#1080);
#304=VERTEX_POINT('',#1082);
#305=VERTEX_POINT('',#1096);
#306=VERTEX_POINT('',#1127);
#307=VERTEX_POINT('',#1128);
#308=VERTEX_POINT('',#1130);
#309=VERTEX_POINT('',#1137);
#310=VERTEX_POINT('',#1139);
#311=VERTEX_POINT('',#1154);
#312=VERTEX_POINT('',#1155);
#313=VERTEX_POINT('',#1178);
#314=VERTEX_POINT('',#1179);
#315=VERTEX_POINT('',#1181);
#316=VERTEX_POINT('',#1186);
#317=VERTEX_POINT('',#1286);
#318=VERTEX_POINT('',#1287);
#319=VERTEX_POINT('',#1371);
#320=VERTEX_POINT('',#1466);
#321=VERTEX_POINT('',#1632);
#322=VERTEX_POINT('',#1696);
#323=VERTEX_POINT('',#1697);
#324=VERTEX_POINT('',#1699);
#325=VERTEX_POINT('',#1702);
#326=VERTEX_POINT('',#1705);
#327=VERTEX_POINT('',#1707);
#328=VERTEX_POINT('',#1712);
#329=VERTEX_POINT('',#1716);
#330=VERTEX_POINT('',#1721);
#331=VERTEX_POINT('',#1723);
#332=VERTEX_POINT('',#1725);
#333=VERTEX_POINT('',#1727);
#334=VERTEX_POINT('',#1731);
#335=VERTEX_POINT('',#1733);
#336=VERTEX_POINT('',#1736);
#337=VERTEX_POINT('',#1738);
#338=VERTEX_POINT('',#1741);
#339=VERTEX_POINT('',#1742);
#340=VERTEX_POINT('',#1746);
#341=VERTEX_POINT('',#1748);
#342=VERTEX_POINT('',#1754);
#343=VERTEX_POINT('',#1756);
#344=VERTEX_POINT('',#1767);
#345=VERTEX_POINT('',#1768);
#346=VERTEX_POINT('',#1770);
#347=VERTEX_POINT('',#1772);
#348=VERTEX_POINT('',#1774);
#349=VERTEX_POINT('',#1777);
#350=VERTEX_POINT('',#1780);
#351=VERTEX_POINT('',#1784);
#352=VERTEX_POINT('',#1788);
#353=VERTEX_POINT('',#1790);
#354=VERTEX_POINT('',#1793);
#355=VERTEX_POINT('',#1796);
#356=VERTEX_POINT('',#1798);
#357=VERTEX_POINT('',#1803);
#358=VERTEX_POINT('',#1805);
#359=VERTEX_POINT('',#1807);
#360=VERTEX_POINT('',#1809);
#361=VERTEX_POINT('',#1811);
#362=VERTEX_POINT('',#1815);
#363=VERTEX_POINT('',#1817);
#364=VERTEX_POINT('',#1821);
#365=VERTEX_POINT('',#1825);
#366=VERTEX_POINT('',#1829);
#367=VERTEX_POINT('',#1842);
#368=EDGE_CURVE('',#294,#295,#194,.T.);
#369=EDGE_CURVE('',#295,#296,#162,.T.);
#370=EDGE_CURVE('',#297,#296,#163,.T.);
#371=EDGE_CURVE('',#298,#297,#164,.T.);
#372=EDGE_CURVE('',#298,#299,#165,.T.);
#373=EDGE_CURVE('',#300,#299,#166,.T.);
#374=EDGE_CURVE('',#301,#300,#167,.T.);
#375=EDGE_CURVE('',#301,#294,#168,.T.);
#376=EDGE_CURVE('',#302,#303,#195,.T.);
#377=EDGE_CURVE('',#302,#304,#169,.T.);
#378=EDGE_CURVE('',#305,#304,#170,.T.);
#379=EDGE_CURVE('',#305,#303,#171,.T.);
#380=EDGE_CURVE('',#306,#307,#196,.T.);
#381=EDGE_CURVE('',#307,#308,#172,.T.);
#382=EDGE_CURVE('',#309,#308,#51,.T.);
#383=EDGE_CURVE('',#310,#309,#173,.T.);
#384=EDGE_CURVE('',#306,#310,#174,.T.);
#385=EDGE_CURVE('',#311,#312,#197,.T.);
#386=EDGE_CURVE('',#312,#307,#175,.T.);
#387=EDGE_CURVE('',#311,#306,#176,.T.);
#388=EDGE_CURVE('',#313,#314,#198,.T.);
#389=EDGE_CURVE('',#315,#313,#177,.T.);
#390=EDGE_CURVE('',#316,#315,#178,.T.);
#391=EDGE_CURVE('',#316,#314,#179,.T.);
#392=EDGE_CURVE('',#317,#318,#180,.T.);
#393=EDGE_CURVE('',#308,#317,#181,.T.);
#394=EDGE_CURVE('',#314,#312,#182,.T.);
#395=EDGE_CURVE('',#319,#316,#183,.T.);
#396=EDGE_CURVE('',#304,#319,#184,.T.);
#397=EDGE_CURVE('',#294,#302,#185,.T.);
#398=EDGE_CURVE('',#318,#301,#186,.T.);
#399=EDGE_CURVE('',#299,#320,#199,.T.);
#400=EDGE_CURVE('',#299,#320,#187,.T.);
#401=EDGE_CURVE('',#320,#298,#188,.T.);
#402=EDGE_CURVE('',#309,#317,#200,.T.);
#403=EDGE_CURVE('',#313,#311,#189,.T.);
#404=EDGE_CURVE('',#296,#310,#190,.T.);
#405=EDGE_CURVE('',#303,#295,#191,.T.);
#406=EDGE_CURVE('',#321,#305,#192,.T.);
#407=EDGE_CURVE('',#315,#321,#193,.T.);
#408=EDGE_CURVE('',#322,#323,#201,.T.);
#409=EDGE_CURVE('',#324,#322,#52,.T.);
#410=EDGE_CURVE('',#324,#321,#202,.T.);
#411=EDGE_CURVE('',#319,#325,#203,.T.);
#412=EDGE_CURVE('',#325,#325,#53,.T.);
#413=EDGE_CURVE('',#326,#324,#54,.T.);
#414=EDGE_CURVE('',#327,#326,#204,.T.);
#415=EDGE_CURVE('',#323,#327,#55,.T.);
#416=EDGE_CURVE('',#328,#328,#56,.T.);
#417=EDGE_CURVE('',#297,#328,#205,.T.);
#418=EDGE_CURVE('',#329,#318,#206,.T.);
#419=EDGE_CURVE('',#329,#329,#57,.T.);
#420=EDGE_CURVE('',#326,#322,#58,.F.);
#421=EDGE_CURVE('',#330,#323,#59,.F.);
#422=EDGE_CURVE('',#330,#331,#207,.T.);
#423=EDGE_CURVE('',#332,#331,#60,.T.);
#424=EDGE_CURVE('',#333,#332,#208,.F.);
#425=EDGE_CURVE('',#327,#333,#61,.F.);
#426=EDGE_CURVE('',#334,#334,#62,.T.);
#427=EDGE_CURVE('',#335,#335,#63,.T.);
#428=EDGE_CURVE('',#336,#336,#64,.T.);
#429=EDGE_CURVE('',#337,#337,#65,.T.);
#430=EDGE_CURVE('',#338,#339,#15,.T.);
#431=EDGE_CURVE('',#339,#340,#66,.T.);
#432=EDGE_CURVE('',#340,#341,#16,.T.);
#433=EDGE_CURVE('',#341,#338,#67,.T.);
#434=EDGE_CURVE('',#339,#342,#209,.T.);
#435=EDGE_CURVE('',#343,#342,#68,.T.);
#436=EDGE_CURVE('',#343,#340,#210,.T.);
#437=EDGE_CURVE('',#331,#343,#17,.T.);
#438=EDGE_CURVE('',#342,#332,#18,.T.);
#439=EDGE_CURVE('',#344,#345,#69,.F.);
#440=EDGE_CURVE('',#345,#346,#70,.F.);
#441=EDGE_CURVE('',#346,#347,#211,.T.);
#442=EDGE_CURVE('',#347,#348,#212,.T.);
#443=EDGE_CURVE('',#348,#344,#213,.T.);
#444=EDGE_CURVE('',#349,#349,#71,.F.);
#445=EDGE_CURVE('',#335,#350,#214,.T.);
#446=EDGE_CURVE('',#350,#350,#72,.T.);
#447=EDGE_CURVE('',#337,#351,#215,.T.);
#448=EDGE_CURVE('',#351,#351,#73,.T.);
#449=EDGE_CURVE('',#333,#352,#216,.T.);
#450=EDGE_CURVE('',#352,#353,#217,.T.);
#451=EDGE_CURVE('',#353,#330,#218,.T.);
#452=EDGE_CURVE('',#354,#354,#74,.F.);
#453=EDGE_CURVE('',#352,#355,#219,.T.);
#454=EDGE_CURVE('',#355,#356,#220,.T.);
#455=EDGE_CURVE('',#353,#356,#221,.T.);
#456=EDGE_CURVE('',#344,#338,#222,.T.);
#457=EDGE_CURVE('',#357,#348,#223,.T.);
#458=EDGE_CURVE('',#358,#357,#224,.T.);
#459=EDGE_CURVE('',#359,#358,#225,.T.);
#460=EDGE_CURVE('',#360,#359,#226,.T.);
#461=EDGE_CURVE('',#361,#360,#227,.T.);
#462=EDGE_CURVE('',#355,#361,#228,.T.);
#463=EDGE_CURVE('',#360,#362,#229,.F.);
#464=EDGE_CURVE('',#363,#362,#230,.T.);
#465=EDGE_CURVE('',#363,#361,#231,.T.);
#466=EDGE_CURVE('',#364,#359,#232,.F.);
#467=EDGE_CURVE('',#362,#364,#233,.T.);
#468=EDGE_CURVE('',#358,#365,#234,.T.);
#469=EDGE_CURVE('',#365,#364,#235,.F.);
#470=EDGE_CURVE('',#366,#357,#236,.T.);
#471=EDGE_CURVE('',#356,#366,#237,.T.);
#472=EDGE_CURVE('',#365,#363,#238,.T.);
#473=EDGE_CURVE('',#366,#347,#239,.T.);
#474=EDGE_CURVE('',#341,#346,#240,.F.);
#475=EDGE_CURVE('',#354,#336,#241,.T.);
#476=EDGE_CURVE('',#345,#367,#242,.T.);
#477=EDGE_CURVE('',#367,#367,#75,.F.);
#478=EDGE_CURVE('',#349,#334,#243,.T.);
#479=ORIENTED_EDGE('',*,*,#368,.T.);
#480=ORIENTED_EDGE('',*,*,#369,.T.);
#481=ORIENTED_EDGE('',*,*,#370,.F.);
#482=ORIENTED_EDGE('',*,*,#371,.F.);
#483=ORIENTED_EDGE('',*,*,#372,.T.);
#484=ORIENTED_EDGE('',*,*,#373,.F.);
#485=ORIENTED_EDGE('',*,*,#374,.F.);
#486=ORIENTED_EDGE('',*,*,#375,.T.);
#487=ORIENTED_EDGE('',*,*,#376,.F.);
#488=ORIENTED_EDGE('',*,*,#377,.T.);
#489=ORIENTED_EDGE('',*,*,#378,.F.);
#490=ORIENTED_EDGE('',*,*,#379,.T.);
#491=ORIENTED_EDGE('',*,*,#380,.T.);
#492=ORIENTED_EDGE('',*,*,#381,.T.);
#493=ORIENTED_EDGE('',*,*,#382,.F.);
#494=ORIENTED_EDGE('',*,*,#383,.F.);
#495=ORIENTED_EDGE('',*,*,#384,.F.);
#496=ORIENTED_EDGE('',*,*,#385,.T.);
#497=ORIENTED_EDGE('',*,*,#386,.T.);
#498=ORIENTED_EDGE('',*,*,#380,.F.);
#499=ORIENTED_EDGE('',*,*,#387,.F.);
#500=ORIENTED_EDGE('',*,*,#388,.F.);
#501=ORIENTED_EDGE('',*,*,#389,.F.);
#502=ORIENTED_EDGE('',*,*,#390,.F.);
#503=ORIENTED_EDGE('',*,*,#391,.T.);
#504=ORIENTED_EDGE('',*,*,#392,.F.);
#505=ORIENTED_EDGE('',*,*,#393,.F.);
#506=ORIENTED_EDGE('',*,*,#381,.F.);
#507=ORIENTED_EDGE('',*,*,#386,.F.);
#508=ORIENTED_EDGE('',*,*,#394,.F.);
#509=ORIENTED_EDGE('',*,*,#391,.F.);
#510=ORIENTED_EDGE('',*,*,#395,.F.);
#511=ORIENTED_EDGE('',*,*,#396,.F.);
#512=ORIENTED_EDGE('',*,*,#377,.F.);
#513=ORIENTED_EDGE('',*,*,#397,.F.);
#514=ORIENTED_EDGE('',*,*,#375,.F.);
#515=ORIENTED_EDGE('',*,*,#398,.F.);
#516=ORIENTED_EDGE('',*,*,#399,.F.);
#517=ORIENTED_EDGE('',*,*,#400,.T.);
#518=ORIENTED_EDGE('',*,*,#372,.F.);
#519=ORIENTED_EDGE('',*,*,#401,.F.);
#520=ORIENTED_EDGE('',*,*,#400,.F.);
#521=ORIENTED_EDGE('',*,*,#402,.F.);
#522=ORIENTED_EDGE('',*,*,#382,.T.);
#523=ORIENTED_EDGE('',*,*,#393,.T.);
#524=ORIENTED_EDGE('',*,*,#388,.T.);
#525=ORIENTED_EDGE('',*,*,#394,.T.);
#526=ORIENTED_EDGE('',*,*,#385,.F.);
#527=ORIENTED_EDGE('',*,*,#403,.F.);
#528=ORIENTED_EDGE('',*,*,#404,.F.);
#529=ORIENTED_EDGE('',*,*,#369,.F.);
#530=ORIENTED_EDGE('',*,*,#405,.F.);
#531=ORIENTED_EDGE('',*,*,#379,.F.);
#532=ORIENTED_EDGE('',*,*,#406,.F.);
#533=ORIENTED_EDGE('',*,*,#407,.F.);
#534=ORIENTED_EDGE('',*,*,#389,.T.);
#535=ORIENTED_EDGE('',*,*,#403,.T.);
#536=ORIENTED_EDGE('',*,*,#387,.T.);
#537=ORIENTED_EDGE('',*,*,#384,.T.);
#538=ORIENTED_EDGE('',*,*,#408,.F.);
#539=ORIENTED_EDGE('',*,*,#409,.F.);
#540=ORIENTED_EDGE('',*,*,#410,.T.);
#541=ORIENTED_EDGE('',*,*,#406,.T.);
#542=ORIENTED_EDGE('',*,*,#378,.T.);
#543=ORIENTED_EDGE('',*,*,#396,.T.);
#544=ORIENTED_EDGE('',*,*,#411,.T.);
#545=ORIENTED_EDGE('',*,*,#412,.F.);
#546=ORIENTED_EDGE('',*,*,#411,.F.);
#547=ORIENTED_EDGE('',*,*,#395,.T.);
#548=ORIENTED_EDGE('',*,*,#390,.T.);
#549=ORIENTED_EDGE('',*,*,#407,.T.);
#550=ORIENTED_EDGE('',*,*,#410,.F.);
#551=ORIENTED_EDGE('',*,*,#413,.F.);
#552=ORIENTED_EDGE('',*,*,#414,.F.);
#553=ORIENTED_EDGE('',*,*,#415,.F.);
#554=ORIENTED_EDGE('',*,*,#376,.T.);
#555=ORIENTED_EDGE('',*,*,#405,.T.);
#556=ORIENTED_EDGE('',*,*,#368,.F.);
#557=ORIENTED_EDGE('',*,*,#397,.T.);
#558=ORIENTED_EDGE('',*,*,#412,.T.);
#559=ORIENTED_EDGE('',*,*,#416,.T.);
#560=ORIENTED_EDGE('',*,*,#399,.T.);
#561=ORIENTED_EDGE('',*,*,#401,.T.);
#562=ORIENTED_EDGE('',*,*,#371,.T.);
#563=ORIENTED_EDGE('',*,*,#417,.T.);
#564=ORIENTED_EDGE('',*,*,#416,.F.);
#565=ORIENTED_EDGE('',*,*,#417,.F.);
#566=ORIENTED_EDGE('',*,*,#370,.T.);
#567=ORIENTED_EDGE('',*,*,#404,.T.);
#568=ORIENTED_EDGE('',*,*,#383,.T.);
#569=ORIENTED_EDGE('',*,*,#402,.T.);
#570=ORIENTED_EDGE('',*,*,#392,.T.);
#571=ORIENTED_EDGE('',*,*,#418,.F.);
#572=ORIENTED_EDGE('',*,*,#419,.F.);
#573=ORIENTED_EDGE('',*,*,#418,.T.);
#574=ORIENTED_EDGE('',*,*,#398,.T.);
#575=ORIENTED_EDGE('',*,*,#374,.T.);
#576=ORIENTED_EDGE('',*,*,#373,.T.);
#577=ORIENTED_EDGE('',*,*,#414,.T.);
#578=ORIENTED_EDGE('',*,*,#420,.T.);
#579=ORIENTED_EDGE('',*,*,#408,.T.);
#580=ORIENTED_EDGE('',*,*,#421,.F.);
#581=ORIENTED_EDGE('',*,*,#422,.T.);
#582=ORIENTED_EDGE('',*,*,#423,.F.);
#583=ORIENTED_EDGE('',*,*,#424,.F.);
#584=ORIENTED_EDGE('',*,*,#425,.F.);
#585=ORIENTED_EDGE('',*,*,#426,.F.);
#586=ORIENTED_EDGE('',*,*,#427,.T.);
#587=ORIENTED_EDGE('',*,*,#428,.F.);
#588=ORIENTED_EDGE('',*,*,#429,.T.);
#589=ORIENTED_EDGE('',*,*,#430,.T.);
#590=ORIENTED_EDGE('',*,*,#431,.T.);
#591=ORIENTED_EDGE('',*,*,#432,.T.);
#592=ORIENTED_EDGE('',*,*,#433,.T.);
#593=ORIENTED_EDGE('',*,*,#431,.F.);
#594=ORIENTED_EDGE('',*,*,#434,.T.);
#595=ORIENTED_EDGE('',*,*,#435,.F.);
#596=ORIENTED_EDGE('',*,*,#436,.T.);
#597=ORIENTED_EDGE('',*,*,#437,.T.);
#598=ORIENTED_EDGE('',*,*,#435,.T.);
#599=ORIENTED_EDGE('',*,*,#438,.T.);
#600=ORIENTED_EDGE('',*,*,#423,.T.);
#601=ORIENTED_EDGE('',*,*,#439,.T.);
#602=ORIENTED_EDGE('',*,*,#440,.T.);
#603=ORIENTED_EDGE('',*,*,#441,.T.);
#604=ORIENTED_EDGE('',*,*,#442,.T.);
#605=ORIENTED_EDGE('',*,*,#443,.T.);
#606=ORIENTED_EDGE('',*,*,#444,.T.);
#607=ORIENTED_EDGE('',*,*,#427,.F.);
#608=ORIENTED_EDGE('',*,*,#445,.T.);
#609=ORIENTED_EDGE('',*,*,#446,.F.);
#610=ORIENTED_EDGE('',*,*,#445,.F.);
#611=ORIENTED_EDGE('',*,*,#429,.F.);
#612=ORIENTED_EDGE('',*,*,#447,.T.);
#613=ORIENTED_EDGE('',*,*,#448,.F.);
#614=ORIENTED_EDGE('',*,*,#447,.F.);
#615=ORIENTED_EDGE('',*,*,#415,.T.);
#616=ORIENTED_EDGE('',*,*,#425,.T.);
#617=ORIENTED_EDGE('',*,*,#449,.T.);
#618=ORIENTED_EDGE('',*,*,#450,.T.);
#619=ORIENTED_EDGE('',*,*,#451,.T.);
#620=ORIENTED_EDGE('',*,*,#421,.T.);
#621=ORIENTED_EDGE('',*,*,#452,.T.);
#622=ORIENTED_EDGE('',*,*,#453,.T.);
#623=ORIENTED_EDGE('',*,*,#454,.T.);
#624=ORIENTED_EDGE('',*,*,#455,.F.);
#625=ORIENTED_EDGE('',*,*,#450,.F.);
#626=ORIENTED_EDGE('',*,*,#456,.F.);
#627=ORIENTED_EDGE('',*,*,#443,.F.);
#628=ORIENTED_EDGE('',*,*,#457,.F.);
#629=ORIENTED_EDGE('',*,*,#458,.F.);
#630=ORIENTED_EDGE('',*,*,#459,.F.);
#631=ORIENTED_EDGE('',*,*,#460,.F.);
#632=ORIENTED_EDGE('',*,*,#461,.F.);
#633=ORIENTED_EDGE('',*,*,#462,.F.);
#634=ORIENTED_EDGE('',*,*,#453,.F.);
#635=ORIENTED_EDGE('',*,*,#449,.F.);
#636=ORIENTED_EDGE('',*,*,#424,.T.);
#637=ORIENTED_EDGE('',*,*,#438,.F.);
#638=ORIENTED_EDGE('',*,*,#434,.F.);
#639=ORIENTED_EDGE('',*,*,#430,.F.);
#640=ORIENTED_EDGE('',*,*,#461,.T.);
#641=ORIENTED_EDGE('',*,*,#463,.T.);
#642=ORIENTED_EDGE('',*,*,#464,.F.);
#643=ORIENTED_EDGE('',*,*,#465,.T.);
#644=ORIENTED_EDGE('',*,*,#460,.T.);
#645=ORIENTED_EDGE('',*,*,#466,.F.);
#646=ORIENTED_EDGE('',*,*,#467,.F.);
#647=ORIENTED_EDGE('',*,*,#463,.F.);
#648=ORIENTED_EDGE('',*,*,#459,.T.);
#649=ORIENTED_EDGE('',*,*,#468,.T.);
#650=ORIENTED_EDGE('',*,*,#469,.T.);
#651=ORIENTED_EDGE('',*,*,#466,.T.);
#652=ORIENTED_EDGE('',*,*,#458,.T.);
#653=ORIENTED_EDGE('',*,*,#470,.F.);
#654=ORIENTED_EDGE('',*,*,#471,.F.);
#655=ORIENTED_EDGE('',*,*,#454,.F.);
#656=ORIENTED_EDGE('',*,*,#462,.T.);
#657=ORIENTED_EDGE('',*,*,#465,.F.);
#658=ORIENTED_EDGE('',*,*,#472,.F.);
#659=ORIENTED_EDGE('',*,*,#468,.F.);
#660=ORIENTED_EDGE('',*,*,#457,.T.);
#661=ORIENTED_EDGE('',*,*,#442,.F.);
#662=ORIENTED_EDGE('',*,*,#473,.F.);
#663=ORIENTED_EDGE('',*,*,#470,.T.);
#664=ORIENTED_EDGE('',*,*,#472,.T.);
#665=ORIENTED_EDGE('',*,*,#464,.T.);
#666=ORIENTED_EDGE('',*,*,#467,.T.);
#667=ORIENTED_EDGE('',*,*,#469,.F.);
#668=ORIENTED_EDGE('',*,*,#473,.T.);
#669=ORIENTED_EDGE('',*,*,#441,.F.);
#670=ORIENTED_EDGE('',*,*,#474,.F.);
#671=ORIENTED_EDGE('',*,*,#432,.F.);
#672=ORIENTED_EDGE('',*,*,#436,.F.);
#673=ORIENTED_EDGE('',*,*,#437,.F.);
#674=ORIENTED_EDGE('',*,*,#422,.F.);
#675=ORIENTED_EDGE('',*,*,#451,.F.);
#676=ORIENTED_EDGE('',*,*,#455,.T.);
#677=ORIENTED_EDGE('',*,*,#471,.T.);
#678=ORIENTED_EDGE('',*,*,#452,.F.);
#679=ORIENTED_EDGE('',*,*,#475,.T.);
#680=ORIENTED_EDGE('',*,*,#428,.T.);
#681=ORIENTED_EDGE('',*,*,#475,.F.);
#682=ORIENTED_EDGE('',*,*,#420,.F.);
#683=ORIENTED_EDGE('',*,*,#413,.T.);
#684=ORIENTED_EDGE('',*,*,#409,.T.);
#685=ORIENTED_EDGE('',*,*,#419,.T.);
#686=ORIENTED_EDGE('',*,*,#448,.T.);
#687=ORIENTED_EDGE('',*,*,#474,.T.);
#688=ORIENTED_EDGE('',*,*,#440,.F.);
#689=ORIENTED_EDGE('',*,*,#476,.T.);
#690=ORIENTED_EDGE('',*,*,#477,.T.);
#691=ORIENTED_EDGE('',*,*,#476,.F.);
#692=ORIENTED_EDGE('',*,*,#439,.F.);
#693=ORIENTED_EDGE('',*,*,#456,.T.);
#694=ORIENTED_EDGE('',*,*,#433,.F.);
#695=ORIENTED_EDGE('',*,*,#444,.F.);
#696=ORIENTED_EDGE('',*,*,#478,.T.);
#697=ORIENTED_EDGE('',*,*,#426,.T.);
#698=ORIENTED_EDGE('',*,*,#478,.F.);
#699=ORIENTED_EDGE('',*,*,#477,.F.);
#700=ORIENTED_EDGE('',*,*,#446,.T.);
#701=CYLINDRICAL_SURFACE('',#769,1.13538);
#702=CYLINDRICAL_SURFACE('',#770,1.13538);
#703=CYLINDRICAL_SURFACE('',#771,1.4224);
#704=CYLINDRICAL_SURFACE('',#773,1.4224);
#705=CYLINDRICAL_SURFACE('',#774,1.4224);
#706=CYLINDRICAL_SURFACE('',#777,1.4224);
#707=CYLINDRICAL_SURFACE('',#778,5.);
#708=CYLINDRICAL_SURFACE('',#783,1.13538);
#709=CYLINDRICAL_SURFACE('',#786,3.5);
#710=CYLINDRICAL_SURFACE('',#788,5.59565445476746);
#711=CYLINDRICAL_SURFACE('',#809,2.80971552126474);
#712=CYLINDRICAL_SURFACE('',#811,2.80971552126474);
#713=CYLINDRICAL_SURFACE('',#824,3.70525843622852);
#714=CYLINDRICAL_SURFACE('',#826,5.59565445476746);
#715=CYLINDRICAL_SURFACE('',#828,3.70525843622852);
#716=ADVANCED_FACE('',(#76),#701,.F.);
#717=ADVANCED_FACE('',(#77),#702,.F.);
#718=ADVANCED_FACE('',(#78),#703,.F.);
#719=ADVANCED_FACE('',(#79),#704,.F.);
#720=ADVANCED_FACE('',(#80),#705,.F.);
#721=ADVANCED_FACE('',(#81),#48,.F.);
#722=ADVANCED_FACE('',(#82),#29,.T.);
#723=ADVANCED_FACE('',(#83),#49,.F.);
#724=ADVANCED_FACE('',(#84),#30,.T.);
#725=ADVANCED_FACE('',(#85),#706,.F.);
#726=ADVANCED_FACE('',(#86),#50,.F.);
#727=ADVANCED_FACE('',(#87),#707,.T.);
#728=ADVANCED_FACE('',(#88),#708,.F.);
#729=ADVANCED_FACE('',(#89,#21),#31,.T.);
#730=ADVANCED_FACE('',(#90),#709,.F.);
#731=ADVANCED_FACE('',(#91),#710,.T.);
#732=ADVANCED_FACE('',(#92,#22),#32,.F.);
#733=ADVANCED_FACE('',(#93,#23),#33,.F.);
#734=ADVANCED_FACE('',(#94),#19,.T.);
#735=ADVANCED_FACE('',(#95),#34,.T.);
#736=ADVANCED_FACE('',(#96),#20,.T.);
#737=ADVANCED_FACE('',(#97,#24),#35,.T.);
#738=ADVANCED_FACE('',(#98),#711,.F.);
#739=ADVANCED_FACE('',(#99),#712,.F.);
#740=ADVANCED_FACE('',(#100,#25),#36,.T.);
#741=ADVANCED_FACE('',(#101),#37,.F.);
#742=ADVANCED_FACE('',(#102),#38,.F.);
#743=ADVANCED_FACE('',(#103),#39,.F.);
#744=ADVANCED_FACE('',(#104),#40,.F.);
#745=ADVANCED_FACE('',(#105),#41,.F.);
#746=ADVANCED_FACE('',(#106),#42,.F.);
#747=ADVANCED_FACE('',(#107),#43,.F.);
#748=ADVANCED_FACE('',(#108),#44,.F.);
#749=ADVANCED_FACE('',(#109),#45,.T.);
#750=ADVANCED_FACE('',(#110),#713,.F.);
#751=ADVANCED_FACE('',(#111,#26,#27),#46,.F.);
#752=ADVANCED_FACE('',(#112),#714,.T.);
#753=ADVANCED_FACE('',(#113),#715,.F.);
#754=ADVANCED_FACE('',(#114,#28),#47,.F.);
#755=CLOSED_SHELL('',(#716,#717,#718,#719,#720,#721,#722,#723,#724,#725,
#726,#727,#728,#729,#730,#731,#732,#733,#734,#735,#736,#737,#738,#739,#740,
#741,#742,#743,#744,#745,#746,#747,#748,#749,#750,#751,#752,#753,#754));
#756=DERIVED_UNIT_ELEMENT(#758,1.);
#757=DERIVED_UNIT_ELEMENT(#1853,-3.);
#758=(
MASS_UNIT()
NAMED_UNIT(*)
SI_UNIT(.KILO.,.GRAM.)
);
#759=DERIVED_UNIT((#756,#757));
#760=MEASURE_REPRESENTATION_ITEM('density measure',
POSITIVE_RATIO_MEASURE(7850.),#759);
#761=PROPERTY_DEFINITION_REPRESENTATION(#766,#763);
#762=PROPERTY_DEFINITION_REPRESENTATION(#767,#764);
#763=REPRESENTATION('material name',(#765),#1850);
#764=REPRESENTATION('density',(#760),#1850);
#765=DESCRIPTIVE_REPRESENTATION_ITEM('Steel','Steel');
#766=PROPERTY_DEFINITION('material property','material name',#1860);
#767=PROPERTY_DEFINITION('material property','density of part',#1860);
#768=AXIS2_PLACEMENT_3D('',#1004,#830,#831);
#769=AXIS2_PLACEMENT_3D('',#1005,#832,#833);
#770=AXIS2_PLACEMENT_3D('',#1078,#835,#836);
#771=AXIS2_PLACEMENT_3D('',#1126,#838,#839);
#772=AXIS2_PLACEMENT_3D('',#1138,#841,#842);
#773=AXIS2_PLACEMENT_3D('',#1153,#843,#844);
#774=AXIS2_PLACEMENT_3D('',#1177,#846,#847);
#775=AXIS2_PLACEMENT_3D('',#1465,#849,#850);
#776=AXIS2_PLACEMENT_3D('',#1500,#852,#853);
#777=AXIS2_PLACEMENT_3D('',#1502,#855,#856);
#778=AXIS2_PLACEMENT_3D('',#1695,#857,#858);
#779=AXIS2_PLACEMENT_3D('',#1700,#860,#861);
#780=AXIS2_PLACEMENT_3D('',#1704,#864,#865);
#781=AXIS2_PLACEMENT_3D('',#1706,#866,#867);
#782=AXIS2_PLACEMENT_3D('',#1709,#869,#870);
#783=AXIS2_PLACEMENT_3D('',#1710,#871,#872);
#784=AXIS2_PLACEMENT_3D('',#1711,#873,#874);
#785=AXIS2_PLACEMENT_3D('',#1713,#875,#876);
#786=AXIS2_PLACEMENT_3D('',#1714,#877,#878);
#787=AXIS2_PLACEMENT_3D('',#1718,#881,#882);
#788=AXIS2_PLACEMENT_3D('',#1719,#883,#884);
#789=AXIS2_PLACEMENT_3D('',#1720,#885,#886);
#790=AXIS2_PLACEMENT_3D('',#1722,#887,#888);
#791=AXIS2_PLACEMENT_3D('',#1726,#890,#891);
#792=AXIS2_PLACEMENT_3D('',#1729,#893,#894);
#793=AXIS2_PLACEMENT_3D('',#1730,#895,#896);
#794=AXIS2_PLACEMENT_3D('',#1732,#897,#898);
#795=AXIS2_PLACEMENT_3D('',#1734,#899,#900);
#796=AXIS2_PLACEMENT_3D('',#1735,#901,#902);
#797=AXIS2_PLACEMENT_3D('',#1737,#903,#904);
#798=AXIS2_PLACEMENT_3D('',#1739,#905,#906);
#799=AXIS2_PLACEMENT_3D('',#1740,#907,#908);
#800=AXIS2_PLACEMENT_3D('',#1747,#909,#910);
#801=AXIS2_PLACEMENT_3D('',#1752,#911,#912);
#802=AXIS2_PLACEMENT_3D('',#1753,#913,#914);
#803=AXIS2_PLACEMENT_3D('',#1757,#916,#917);
#804=AXIS2_PLACEMENT_3D('',#1759,#919,#920);
#805=AXIS2_PLACEMENT_3D('',#1766,#921,#922);
#806=AXIS2_PLACEMENT_3D('',#1769,#923,#924);
#807=AXIS2_PLACEMENT_3D('',#1771,#925,#926);
#808=AXIS2_PLACEMENT_3D('',#1778,#930,#931);
#809=AXIS2_PLACEMENT_3D('',#1779,#932,#933);
#810=AXIS2_PLACEMENT_3D('',#1782,#935,#936);
#811=AXIS2_PLACEMENT_3D('',#1783,#937,#938);
#812=AXIS2_PLACEMENT_3D('',#1786,#940,#941);
#813=AXIS2_PLACEMENT_3D('',#1787,#942,#943);
#814=AXIS2_PLACEMENT_3D('',#1794,#947,#948);
#815=AXIS2_PLACEMENT_3D('',#1795,#949,#950);
#816=AXIS2_PLACEMENT_3D('',#1801,#954,#955);
#817=AXIS2_PLACEMENT_3D('',#1814,#963,#964);
#818=AXIS2_PLACEMENT_3D('',#1820,#968,#969);
#819=AXIS2_PLACEMENT_3D('',#1824,#972,#973);
#820=AXIS2_PLACEMENT_3D('',#1828,#976,#977);
#821=AXIS2_PLACEMENT_3D('',#1833,#981,#982);
#822=AXIS2_PLACEMENT_3D('',#1835,#984,#985);
#823=AXIS2_PLACEMENT_3D('',#1836,#986,#987);
#824=AXIS2_PLACEMENT_3D('',#1838,#989,#990);
#825=AXIS2_PLACEMENT_3D('',#1840,#992,#993);
#826=AXIS2_PLACEMENT_3D('',#1841,#994,#995);
#827=AXIS2_PLACEMENT_3D('',#1844,#997,#998);
#828=AXIS2_PLACEMENT_3D('',#1845,#999,#1000);
#829=AXIS2_PLACEMENT_3D('',#1847,#1002,#1003);
#830=DIRECTION('axis',(0.,0.,1.));
#831=DIRECTION('refdir',(1.,0.,0.));
#832=DIRECTION('center_axis',(-1.,0.,0.));
#833=DIRECTION('ref_axis',(0.,0.942093535459799,0.335350220582687));
#834=DIRECTION('',(-1.,0.,0.));
#835=DIRECTION('center_axis',(-1.,0.,0.));
#836=DIRECTION('ref_axis',(0.,0.627349499878984,-0.778737828156299));
#837=DIRECTION('',(-1.,0.,0.));
#838=DIRECTION('center_axis',(-1.,0.,0.));
#839=DIRECTION('ref_axis',(0.,1.,-3.12211199275915E-15));
#840=DIRECTION('',(-1.,1.22464679914735E-16,-3.97346043677825E-31));
#841=DIRECTION('center_axis',(1.,0.,0.));
#842=DIRECTION('ref_axis',(0.,1.,-3.12211199275915E-15));
#843=DIRECTION('center_axis',(-1.,0.,0.));
#844=DIRECTION('ref_axis',(0.,1.,-3.12211199275915E-15));
#845=DIRECTION('',(-1.,1.22464679914735E-16,-3.97346043677825E-31));
#846=DIRECTION('center_axis',(-1.,0.,0.));
#847=DIRECTION('ref_axis',(0.,-0.907106110442938,-0.420902012821375));
#848=DIRECTION('',(-1.,1.22464679914735E-16,-3.97346043677825E-31));
#849=DIRECTION('center_axis',(1.,0.,0.));
#850=DIRECTION('ref_axis',(0.,0.,-1.));
#851=DIRECTION('',(0.,1.,0.));
#852=DIRECTION('center_axis',(1.,0.,0.));
#853=DIRECTION('ref_axis',(0.,0.,-1.));
#854=DIRECTION('',(0.,-1.,0.));
#855=DIRECTION('center_axis',(-1.,0.,0.));
#856=DIRECTION('ref_axis',(0.,1.,-3.12211199275915E-15));
#857=DIRECTION('center_axis',(0.,-1.,0.));
#858=DIRECTION('ref_axis',(-1.,0.,0.));
#859=DIRECTION('',(0.,1.,0.));
#860=DIRECTION('center_axis',(0.,-1.,0.));
#861=DIRECTION('ref_axis',(-1.,0.,0.));
#862=DIRECTION('',(0.,1.,0.));
#863=DIRECTION('',(0.,1.,0.));
#864=DIRECTION('center_axis',(0.,1.,0.));
#865=DIRECTION('ref_axis',(-1.,0.,0.));
#866=DIRECTION('center_axis',(0.,-1.,0.));
#867=DIRECTION('ref_axis',(-1.,0.,0.));
#868=DIRECTION('',(0.,-1.,0.));
#869=DIRECTION('center_axis',(0.,-1.,0.));
#870=DIRECTION('ref_axis',(-1.,0.,0.));
#871=DIRECTION('center_axis',(-1.,0.,0.));
#872=DIRECTION('ref_axis',(0.,1.,0.));
#873=DIRECTION('center_axis',(0.,1.,0.));
#874=DIRECTION('ref_axis',(-1.,0.,0.));
#875=DIRECTION('center_axis',(0.,-1.,0.));
#876=DIRECTION('ref_axis',(-1.,0.,0.));
#877=DIRECTION('center_axis',(0.,-1.,0.));
#878=DIRECTION('ref_axis',(-1.,0.,0.));
#879=DIRECTION('',(0.,1.,0.));
#880=DIRECTION('',(0.,1.,0.));
#881=DIRECTION('center_axis',(0.,1.,0.));
#882=DIRECTION('ref_axis',(-1.,0.,0.));
#883=DIRECTION('center_axis',(0.,1.,0.));
#884=DIRECTION('ref_axis',(-0.526983387894269,0.,0.849875584355427));
#885=DIRECTION('center_axis',(0.,-1.,0.));
#886=DIRECTION('ref_axis',(-1.,0.,0.));
#887=DIRECTION('center_axis',(0.,-1.,0.));
#888=DIRECTION('ref_axis',(-1.,0.,0.));
#889=DIRECTION('',(0.,-1.,0.));
#890=DIRECTION('center_axis',(0.,1.,0.));
#891=DIRECTION('ref_axis',(1.,0.,0.));
#892=DIRECTION('',(0.,1.,0.));
#893=DIRECTION('center_axis',(0.,-1.,0.));
#894=DIRECTION('ref_axis',(-1.,0.,0.));
#895=DIRECTION('center_axis',(0.,-1.,0.));
#896=DIRECTION('ref_axis',(1.,0.,0.));
#897=DIRECTION('center_axis',(0.,-1.,0.));
#898=DIRECTION('ref_axis',(-1.,0.,0.));
#899=DIRECTION('center_axis',(0.,-1.,0.));
#900=DIRECTION('ref_axis',(1.,0.,0.));
#901=DIRECTION('center_axis',(0.,-1.,0.));
#902=DIRECTION('ref_axis',(1.,0.,0.));
#903=DIRECTION('center_axis',(0.,-1.,0.));
#904=DIRECTION('ref_axis',(-1.,0.,0.));
#905=DIRECTION('center_axis',(0.,-1.,0.));
#906=DIRECTION('ref_axis',(1.,0.,0.));
#907=DIRECTION('center_axis',(0.,1.,0.));
#908=DIRECTION('ref_axis',(1.,0.,0.));
#909=DIRECTION('center_axis',(0.,-1.,0.));
#910=DIRECTION('ref_axis',(1.,0.,0.));
#911=DIRECTION('center_axis',(0.,1.,0.));
#912=DIRECTION('ref_axis',(1.,0.,0.));
#913=DIRECTION('center_axis',(0.,-1.,0.));
#914=DIRECTION('ref_axis',(-1.,0.,0.));
#915=DIRECTION('',(0.,0.,-1.));
#916=DIRECTION('center_axis',(0.,-1.,0.));
#917=DIRECTION('ref_axis',(1.,0.,0.));
#918=DIRECTION('',(0.,0.,1.));
#919=DIRECTION('center_axis',(0.,1.,0.));
#920=DIRECTION('ref_axis',(1.,0.,0.));
#921=DIRECTION('center_axis',(0.,1.,0.));
#922=DIRECTION('ref_axis',(-1.,0.,0.));
#923=DIRECTION('center_axis',(0.,-1.,0.));
#924=DIRECTION('ref_axis',(-1.,0.,0.));
#925=DIRECTION('center_axis',(0.,-1.,0.));
#926=DIRECTION('ref_axis',(-1.,0.,0.));
#927=DIRECTION('',(0.,0.,-1.));
#928=DIRECTION('',(-1.,0.,0.));
#929=DIRECTION('',(0.,0.,1.));
#930=DIRECTION('center_axis',(0.,1.,0.));
#931=DIRECTION('ref_axis',(-1.,0.,0.));
#932=DIRECTION('center_axis',(0.,1.,0.));
#933=DIRECTION('ref_axis',(1.,0.,0.));
#934=DIRECTION('',(0.,-1.,0.));
#935=DIRECTION('center_axis',(0.,1.,0.));
#936=DIRECTION('ref_axis',(1.,0.,0.));
#937=DIRECTION('center_axis',(0.,1.,0.));
#938=DIRECTION('ref_axis',(1.,0.,0.));
#939=DIRECTION('',(0.,-1.,0.));
#940=DIRECTION('center_axis',(0.,1.,0.));
#941=DIRECTION('ref_axis',(1.,0.,0.));
#942=DIRECTION('center_axis',(0.,1.,0.));
#943=DIRECTION('ref_axis',(-1.,0.,0.));
#944=DIRECTION('',(0.,0.,1.));
#945=DIRECTION('',(1.,0.,0.));
#946=DIRECTION('',(0.,0.,-1.));
#947=DIRECTION('center_axis',(0.,1.,0.));
#948=DIRECTION('ref_axis',(-1.,0.,0.));
#949=DIRECTION('center_axis',(0.,0.,-1.));
#950=DIRECTION('ref_axis',(1.,0.,0.));
#951=DIRECTION('',(0.,-1.,0.));
#952=DIRECTION('',(1.,0.,0.));
#953=DIRECTION('',(0.,-1.,0.));
#954=DIRECTION('center_axis',(1.,0.,0.));
#955=DIRECTION('ref_axis',(0.,0.,-1.));
#956=DIRECTION('',(0.,-1.,0.));
#957=DIRECTION('',(0.,1.,0.));
#958=DIRECTION('',(0.,0.,1.));
#959=DIRECTION('',(0.,1.,0.));
#960=DIRECTION('',(0.,0.,1.));
#961=DIRECTION('',(0.,-1.,0.));
#962=DIRECTION('',(0.,0.,1.));
#963=DIRECTION('center_axis',(0.,0.,-1.));
#964=DIRECTION('ref_axis',(1.,0.,0.));
#965=DIRECTION('',(-1.,0.,0.));
#966=DIRECTION('',(0.,-1.,0.));
#967=DIRECTION('',(-1.,0.,0.));
#968=DIRECTION('center_axis',(0.,-1.,0.));
#969=DIRECTION('ref_axis',(0.,0.,-1.));
#970=DIRECTION('',(1.,0.,0.));
#971=DIRECTION('',(0.,0.,1.));
#972=DIRECTION('center_axis',(0.,0.,1.));
#973=DIRECTION('ref_axis',(-1.,0.,0.));
#974=DIRECTION('',(1.,0.,0.));
#975=DIRECTION('',(0.,1.,0.));
#976=DIRECTION('center_axis',(0.,-1.,0.));
#977=DIRECTION('ref_axis',(0.,0.,-1.));
#978=DIRECTION('',(-1.,0.,0.));
#979=DIRECTION('',(0.,0.,1.));
#980=DIRECTION('',(0.,0.,-1.));
#981=DIRECTION('center_axis',(0.,0.,1.));
#982=DIRECTION('ref_axis',(-1.,0.,0.));
#983=DIRECTION('',(0.,1.,0.));
#984=DIRECTION('center_axis',(1.,0.,0.));
#985=DIRECTION('ref_axis',(0.,0.,1.));
#986=DIRECTION('center_axis',(1.,0.,0.));
#987=DIRECTION('ref_axis',(0.,-1.,0.));
#988=DIRECTION('',(0.,-1.,0.));
#989=DIRECTION('center_axis',(0.,1.,0.));
#990=DIRECTION('ref_axis',(-1.,0.,0.));
#991=DIRECTION('',(0.,-1.,0.));
#992=DIRECTION('center_axis',(0.,1.,0.));
#993=DIRECTION('ref_axis',(-1.,0.,0.));
#994=DIRECTION('center_axis',(0.,1.,0.));
#995=DIRECTION('ref_axis',(-1.,0.,0.));
#996=DIRECTION('',(0.,-1.,0.));
#997=DIRECTION('center_axis',(0.,-1.,0.));
#998=DIRECTION('ref_axis',(-1.,0.,0.));
#999=DIRECTION('center_axis',(0.,1.,0.));
#1000=DIRECTION('ref_axis',(-1.,0.,0.));
#1001=DIRECTION('',(0.,-1.,0.));
#1002=DIRECTION('center_axis',(0.,1.,0.));
#1003=DIRECTION('ref_axis',(-1.,0.,0.));
#1004=CARTESIAN_POINT('',(0.,0.,0.));
#1005=CARTESIAN_POINT('Origin',(0.,15.0000002235174,-33.0000004917383));
#1006=CARTESIAN_POINT('',(-4.00822596719147,13.8646901508091,-33.00083553793));
#1007=CARTESIAN_POINT('',(-4.21427427122711,13.8635014566587,-32.9996030341931));
#1008=CARTESIAN_POINT('',(0.,13.8646202235174,-33.0000004917383));
#1009=CARTESIAN_POINT('',(-4.50911516419051,16.1069625144634,-32.7475678654327));
#1010=CARTESIAN_POINT('Ctrl Pts',(-4.21427427122711,13.8635014566587,-32.9996030341931));
#1011=CARTESIAN_POINT('Ctrl Pts',(-4.21726026640955,13.8633180338037,-32.9661493393689));
#1012=CARTESIAN_POINT('Ctrl Pts',(-4.22024626159199,13.8646781004075,-32.9327094386414));
#1013=CARTESIAN_POINT('Ctrl Pts',(-4.22323225677443,13.8676325904475,-32.8994100326716));
#1014=CARTESIAN_POINT('Ctrl Pts',(-4.25499702426511,13.8990622088629,-32.545173731679));
#1015=CARTESIAN_POINT('Ctrl Pts',(-4.28676179175578,14.1109251826819,-32.2068365575784));
#1016=CARTESIAN_POINT('Ctrl Pts',(-4.31852655924646,14.4161333501481,-32.0243623207294));
#1017=CARTESIAN_POINT('Ctrl Pts',(-4.35029132673713,14.7213415176143,-31.8418880838804));
#1018=CARTESIAN_POINT('Ctrl Pts',(-4.38205609422781,15.1198948787276,-31.815276784283));
#1019=CARTESIAN_POINT('Ctrl Pts',(-4.41382086171848,15.4464648944003,-31.9547156770162));
#1020=CARTESIAN_POINT('Ctrl Pts',(-4.44558562920916,15.7730349100729,-32.0941545697493));
#1021=CARTESIAN_POINT('Ctrl Pts',(-4.47735039669984,16.0276215803048,-32.3996436548129));
#1022=CARTESIAN_POINT('Ctrl Pts',(-4.50911516419051,16.1069625144634,-32.7475678654327));
#1023=CARTESIAN_POINT('',(-4.50000011920929,16.1353802235174,-33.0000004917383));
#1024=CARTESIAN_POINT('Ctrl Pts',(-4.50000011920929,16.1353802235174,-33.0000004917383));
#1025=CARTESIAN_POINT('Ctrl Pts',(-4.50000011920929,16.1353802235174,-32.9174418025142));
#1026=CARTESIAN_POINT('Ctrl Pts',(-4.50302014704704,16.1261835880454,-32.831855716644));
#1027=CARTESIAN_POINT('Ctrl Pts',(-4.50911516419035,16.1069625144639,-32.747567865435));
#1028=CARTESIAN_POINT('',(-4.63272435140919,15.6145194183468,-33.9547014415578));
#1029=CARTESIAN_POINT('Ctrl Pts',(-4.63272435140892,15.6145194183483,-33.9547014415569));
#1030=CARTESIAN_POINT('Ctrl Pts',(-4.62005085700498,15.683964198851,-33.9100014225532));
#1031=CARTESIAN_POINT('Ctrl Pts',(-4.60638729178601,15.7473948249016,-33.8582756848013));
#1032=CARTESIAN_POINT('Ctrl Pts',(-4.56970778354026,15.9030373864276,-33.7026331232753));
#1033=CARTESIAN_POINT('Ctrl Pts',(-4.54479296045481,15.9902588628865,-33.5756511056577));
#1034=CARTESIAN_POINT('Ctrl Pts',(-4.50971460609047,16.1064579294477,-33.2962051094683));
#1035=CARTESIAN_POINT('Ctrl Pts',(-4.50000011920929,16.1353802235174,-33.1436619587327));
#1036=CARTESIAN_POINT('Ctrl Pts',(-4.50000011920929,16.1353802235174,-33.0000004917383));
#1037=CARTESIAN_POINT('',(-4.68924193045665,15.0144060831805,-34.1352890962823));
#1038=CARTESIAN_POINT('Ctrl Pts',(-4.63272435140918,15.6145194183468,-33.9547014415578));
#1039=CARTESIAN_POINT('Ctrl Pts',(-4.65156354442501,15.436553928882,-34.0692537621709));
#1040=CARTESIAN_POINT('Ctrl Pts',(-4.67040273744083,15.2260348578556,-34.1326037047295));
#1041=CARTESIAN_POINT('Ctrl Pts',(-4.68924193045665,15.0144060831805,-34.1352890962823));
#1042=CARTESIAN_POINT('',(-4.68927327218612,15.0000002235174,-34.1353804917383));
#1043=CARTESIAN_POINT('Ctrl Pts',(-4.68927327218612,15.0000002235174,-34.1353804917383));
#1044=CARTESIAN_POINT('Ctrl Pts',(-4.68927327218612,15.0047926323852,-34.1353804917383));
#1045=CARTESIAN_POINT('Ctrl Pts',(-4.68926286519569,15.0095948563388,-34.1353501467133));
#1046=CARTESIAN_POINT('Ctrl Pts',(-4.68924193045665,15.0144060831805,-34.1352890962823));
#1047=CARTESIAN_POINT('',(-4.57417760208385,14.1191549462164,-33.7173588552706));
#1048=CARTESIAN_POINT('Ctrl Pts',(-4.57417760208385,14.1194619431209,-33.7167571318585));
#1049=CARTESIAN_POINT('Ctrl Pts',(-4.58054426834078,14.1442320969093,-33.7471873607551));
#1050=CARTESIAN_POINT('Ctrl Pts',(-4.58698412661053,14.1702719575326,-33.7759420202006));
#1051=CARTESIAN_POINT('Ctrl Pts',(-4.61694589217254,14.297409047503,-33.9030791101711));
#1052=CARTESIAN_POINT('Ctrl Pts',(-4.64245999477131,14.4243744596635,-33.990268618774));
#1053=CARTESIAN_POINT('Ctrl Pts',(-4.67893255328666,14.7037592204039,-34.1064439133565));
#1054=CARTESIAN_POINT('Ctrl Pts',(-4.68927327218612,14.8562793211285,-34.1353804917383));
#1055=CARTESIAN_POINT('Ctrl Pts',(-4.68927327218612,15.0000002235174,-34.1353804917383));
#1056=CARTESIAN_POINT('Ctrl Pts',(-4.57417760208385,14.1188674911434,-33.7179222760895));
#1057=CARTESIAN_POINT('Ctrl Pts',(-4.57107324249531,14.1406739459828,-33.7450164492637));
#1058=CARTESIAN_POINT('Ctrl Pts',(-4.56796888290677,14.1637632634104,-33.7710431102382));
#1059=CARTESIAN_POINT('Ctrl Pts',(-4.56486452331824,14.1880898298855,-33.7958551075174));
#1060=CARTESIAN_POINT('Ctrl Pts',(-4.53262898741483,14.4406958456031,-34.0535018157401));
#1061=CARTESIAN_POINT('Ctrl Pts',(-4.50039345151141,14.826710168888,-34.1801755171951));
#1062=CARTESIAN_POINT('Ctrl Pts',(-4.46815791560801,15.1827488712543,-34.1221770398703));
#1063=CARTESIAN_POINT('Ctrl Pts',(-4.43592237970459,15.5387875736206,-34.0641785625455));
#1064=CARTESIAN_POINT('Ctrl Pts',(-4.40368684380119,15.8648506550683,-33.8215079064409));
#1065=CARTESIAN_POINT('Ctrl Pts',(-4.37145130789778,16.0225825384629,-33.4970402147739));
#1066=CARTESIAN_POINT('Ctrl Pts',(-4.33921577199437,16.1803144218575,-33.172572523107));
#1067=CARTESIAN_POINT('Ctrl Pts',(-4.30698023609096,16.1697151071989,-32.7663077958776));
#1068=CARTESIAN_POINT('Ctrl Pts',(-4.27474470018755,15.9953387881657,-32.4504769989019));
#1069=CARTESIAN_POINT('Ctrl Pts',(-4.24250916428414,15.8209624691324,-32.1346462019261));
#1070=CARTESIAN_POINT('Ctrl Pts',(-4.21027362838073,15.4828091457244,-31.909249335204));
#1071=CARTESIAN_POINT('Ctrl Pts',(-4.17803809247732,15.1242047406139,-31.869839443413));
#1072=CARTESIAN_POINT('Ctrl Pts',(-4.14580255657391,14.7656003355035,-31.830429551622));
#1073=CARTESIAN_POINT('Ctrl Pts',(-4.1135670206705,14.3865448486906,-31.9770066347621));
#1074=CARTESIAN_POINT('Ctrl Pts',(-4.08133148476709,14.1477474743118,-32.2474323788574));
#1075=CARTESIAN_POINT('Ctrl Pts',(-4.05696297890855,13.9672282102924,-32.4518611604676));
#1076=CARTESIAN_POINT('Ctrl Pts',(-4.03259447305001,13.8668612489712,-32.7270648526294));
#1077=CARTESIAN_POINT('Ctrl Pts',(-4.00822596719147,13.8646901508091,-33.00083553793));
#1078=CARTESIAN_POINT('Origin',(0.,15.0000002235174,-33.0000004917383));
#1079=CARTESIAN_POINT('',(-3.37322596719147,13.8653794291948,-32.9992442705018));
#1080=CARTESIAN_POINT('',(-3.57927427122711,13.8646686102881,-33.0007776656862));
#1081=CARTESIAN_POINT('',(0.,13.8646202235174,-33.0000004917383));
#1082=CARTESIAN_POINT('',(-3.01755879995457,16.0553718377921,-32.5813377394145));
#1083=CARTESIAN_POINT('Ctrl Pts',(-3.37322596719147,13.8653794291948,-32.9992442705018));
#1084=CARTESIAN_POINT('Ctrl Pts',(-3.3513768524894,13.8670014313646,-33.2450448250777));
#1085=CARTESIAN_POINT('Ctrl Pts',(-3.32952773778733,13.9462106269047,-33.4917948674158));
#1086=CARTESIAN_POINT('Ctrl Pts',(-3.30767862308526,14.0939101309315,-33.6867200857954));
#1087=CARTESIAN_POINT('Ctrl Pts',(-3.27544308718185,14.3118215991943,-33.9743069725518));
#1088=CARTESIAN_POINT('Ctrl Pts',(-3.24320755127844,14.6788171311991,-34.149085849983));
#1089=CARTESIAN_POINT('Ctrl Pts',(-3.21097201537503,15.0393825132403,-34.1364261589749));
#1090=CARTESIAN_POINT('Ctrl Pts',(-3.17873647947162,15.3999478952815,-34.1237664679668));
#1091=CARTESIAN_POINT('Ctrl Pts',(-3.14650094356821,15.7540831273593,-33.9236682085194));
#1092=CARTESIAN_POINT('Ctrl Pts',(-3.1142654076648,15.9513236509876,-33.6222172919341));
#1093=CARTESIAN_POINT('Ctrl Pts',(-3.08202987176139,16.1485641746159,-33.3207663753488));
#1094=CARTESIAN_POINT('Ctrl Pts',(-3.04979433585798,16.1889099897949,-32.9179628016256));
#1095=CARTESIAN_POINT('Ctrl Pts',(-3.01755879995457,16.0553718377921,-32.5813377394146));
#1096=CARTESIAN_POINT('',(-3.12464979353868,15.2410112060055,-31.8907635125306));
#1097=CARTESIAN_POINT('Ctrl Pts',(-3.12464979353847,15.2410988390642,-31.8905144837231));
#1098=CARTESIAN_POINT('Ctrl Pts',(-3.12138976202905,15.3070212237494,-31.9048398520165));
#1099=CARTESIAN_POINT('Ctrl Pts',(-3.11680161677479,15.3723359994467,-31.925252179142));
#1100=CARTESIAN_POINT('Ctrl Pts',(-3.09876355735424,15.5749730128407,-32.0093440452599));
#1101=CARTESIAN_POINT('Ctrl Pts',(-3.08122914490078,15.7023065587207,-32.0966370324944));
#1102=CARTESIAN_POINT('Ctrl Pts',(-3.04852316788798,15.9033542169911,-32.2976846907649));
#1103=CARTESIAN_POINT('Ctrl Pts',(-3.03118818934571,15.9906546022343,-32.4250222165738));
#1104=CARTESIAN_POINT('Ctrl Pts',(-3.01849497441228,16.0509456124074,-32.5703065915198));
#1105=CARTESIAN_POINT('Ctrl Pts',(-3.01802298288942,16.0531804161137,-32.5758135693722));
#1106=CARTESIAN_POINT('Ctrl Pts',(-3.01755879995457,16.0553718377921,-32.5813377394145));
#1107=CARTESIAN_POINT('Ctrl Pts',(-3.12464979353856,15.2406745139254,-31.8917202979437));
#1108=CARTESIAN_POINT('Ctrl Pts',(-3.14143150555308,15.4254207505655,-31.9321460274434));
#1109=CARTESIAN_POINT('Ctrl Pts',(-3.15821321756761,15.6006891787657,-32.0166933908865));
#1110=CARTESIAN_POINT('Ctrl Pts',(-3.17499492958214,15.7428927823203,-32.139485795202));
#1111=CARTESIAN_POINT('Ctrl Pts',(-3.20675969707281,16.0120586695276,-32.3719097677576));
#1112=CARTESIAN_POINT('Ctrl Pts',(-3.23852446456349,16.1627609210069,-32.7413568952478));
#1113=CARTESIAN_POINT('Ctrl Pts',(-3.27028923205416,16.1328355875636,-33.0956429346557));
#1114=CARTESIAN_POINT('Ctrl Pts',(-3.30205399954484,16.1029102541202,-33.4499289740635));
#1115=CARTESIAN_POINT('Ctrl Pts',(-3.33381876703552,15.8923573357541,-33.789053925389));
#1116=CARTESIAN_POINT('Ctrl Pts',(-3.36558353452619,15.5880388017647,-33.9729913742637));
#1117=CARTESIAN_POINT('Ctrl Pts',(-3.39734830201687,15.2837202677753,-34.1569288231384));
#1118=CARTESIAN_POINT('Ctrl Pts',(-3.42911306950754,14.8856361181625,-34.1856787695624));
#1119=CARTESIAN_POINT('Ctrl Pts',(-3.46087783699822,14.5580260835438,-34.0474341546101));
#1120=CARTESIAN_POINT('Ctrl Pts',(-3.49264260448889,14.2304160489252,-33.9091895396578));
#1121=CARTESIAN_POINT('Ctrl Pts',(-3.52440737197957,13.9732801293007,-33.6039503633293));
#1122=CARTESIAN_POINT('Ctrl Pts',(-3.55617213947024,13.8927043150641,-33.2576237284538));
#1123=CARTESIAN_POINT('Ctrl Pts',(-3.56387285005586,13.8731703762176,-33.1736640021925));
#1124=CARTESIAN_POINT('Ctrl Pts',(-3.57157356064149,13.8640132224353,-33.0872894850858));
#1125=CARTESIAN_POINT('Ctrl Pts',(-3.57927427122711,13.8646686102881,-33.0007776656862));
#1126=CARTESIAN_POINT('Origin',(-1.62001489292867,15.0000002235174,-33.0000004917383));
#1127=CARTESIAN_POINT('',(-4.37998534548991,13.5761986364013,-32.9995025583483));
#1128=CARTESIAN_POINT('',(-4.47751489292867,13.5768030033362,-32.9990145741676));
#1129=CARTESIAN_POINT('',(-1.62001489292867,13.5776002235174,-33.0000004917383));
#1130=CARTESIAN_POINT('',(-4.68927327218611,15.712317790688,-31.7688118613895));
#1131=CARTESIAN_POINT('Ctrl Pts',(-4.47751489292867,13.5768030033362,-32.9990145741676));
#1132=CARTESIAN_POINT('Ctrl Pts',(-4.483629947541,13.5761206747747,-32.9130497180556));
#1133=CARTESIAN_POINT('Ctrl Pts',(-4.52198053805674,13.6212616520726,-32.3746368314149));
#1134=CARTESIAN_POINT('Ctrl Pts',(-4.59256666447588,14.3064227734213,-31.4939321659355));
#1135=CARTESIAN_POINT('Ctrl Pts',(-4.6570377362827,15.3196135112863,-31.5416085311885));
#1136=CARTESIAN_POINT('Ctrl Pts',(-4.68927327218611,15.712317790688,-31.7688118613895));
#1137=CARTESIAN_POINT('',(-4.68927327218611,15.856816432281,-31.8646204917383));
#1138=CARTESIAN_POINT('Origin',(-4.68927327218611,15.0000002235174,-33.0000004917383));
#1139=CARTESIAN_POINT('',(-4.62555470902819,16.075655230047,-32.0713507474984));
#1140=CARTESIAN_POINT('Ctrl Pts',(-4.62555470902819,16.0770812725998,-32.0709589567639));
#1141=CARTESIAN_POINT('Ctrl Pts',(-4.63292074656085,16.0540038156484,-32.0442041878891));
#1142=CARTESIAN_POINT('Ctrl Pts',(-4.64031398186155,16.0301719162396,-32.0185948133411));
#1143=CARTESIAN_POINT('Ctrl Pts',(-4.66130337372085,15.960212666653,-31.9486355637545));
#1144=CARTESIAN_POINT('Ctrl Pts',(-4.67541824892337,15.9103520645589,-31.9050212364072));
#1145=CARTESIAN_POINT('Ctrl Pts',(-4.68927327218612,15.856816432281,-31.8646204917383));
#1146=CARTESIAN_POINT('Ctrl Pts',(-4.37998534548991,13.5761986364013,-32.9995025583483));
#1147=CARTESIAN_POINT('Ctrl Pts',(-4.38297134067235,13.5759688449051,-32.9575918892173));
#1148=CARTESIAN_POINT('Ctrl Pts',(-4.41772210334547,13.5957985346075,-32.470040137528));
#1149=CARTESIAN_POINT('Ctrl Pts',(-4.48423763350927,14.1515913699844,-31.5824599534253));
#1150=CARTESIAN_POINT('Ctrl Pts',(-4.56310809283958,15.3913458011092,-31.4996818870162));
#1151=CARTESIAN_POINT('Ctrl Pts',(-4.61021378467922,15.9334733556599,-31.9077257177569));
#1152=CARTESIAN_POINT('Ctrl Pts',(-4.62555470902819,16.0744213731487,-32.0716897371728));
#1153=CARTESIAN_POINT('Origin',(-1.62001489292867,15.0000002235174,-33.0000004917383));
#1154=CARTESIAN_POINT('',(-3.74498534548991,13.5776608422905,-33.0009741324783));
#1155=CARTESIAN_POINT('',(-3.84251489292867,13.5776878281781,-33.0010466346183));
#1156=CARTESIAN_POINT('',(-1.62001489292867,13.5776002235174,-33.0000004917383));
#1157=CARTESIAN_POINT('Ctrl Pts',(-3.84251489292867,13.5776878281781,-33.0010466346183));
#1158=CARTESIAN_POINT('Ctrl Pts',(-3.86688339878721,13.5804077721844,-32.6580677000135));
#1159=CARTESIAN_POINT('Ctrl Pts',(-3.92348744054915,13.8724797024687,-31.857213788198));
#1160=CARTESIAN_POINT('Ctrl Pts',(-4.01232701821451,15.1812242399099,-31.3511349592471));
#1161=CARTESIAN_POINT('Ctrl Pts',(-4.10903362592474,16.4521360594299,-32.1982641227664));
#1162=CARTESIAN_POINT('Ctrl Pts',(-4.20574023363497,16.4919724098244,-33.725165111011));
#1163=CARTESIAN_POINT('Ctrl Pts',(-4.3024468413452,15.2665004258598,-34.6372158990551));
#1164=CARTESIAN_POINT('Ctrl Pts',(-4.3930383944431,13.9074463597321,-34.1912313885093));
#1165=CARTESIAN_POINT('Ctrl Pts',(-4.45139441163759,13.5797175726332,-33.3662138157308));
#1166=CARTESIAN_POINT('Ctrl Pts',(-4.47751489292867,13.5768030033362,-32.9990145741676));
#1167=CARTESIAN_POINT('Ctrl Pts',(-3.74498534548991,13.5776608422905,-33.0009741324783));
#1168=CARTESIAN_POINT('Ctrl Pts',(-3.76904940239497,13.5802266076407,-32.6622906679482));
#1169=CARTESIAN_POINT('Ctrl Pts',(-3.8248782267907,13.8646808361757,-31.8726450985157));
#1170=CARTESIAN_POINT('Ctrl Pts',(-3.9124718186771,15.1425705017278,-31.3547973172458));
#1171=CARTESIAN_POINT('Ctrl Pts',(-4.00776612114913,16.4151839333303,-32.1489529789281));
#1172=CARTESIAN_POINT('Ctrl Pts',(-4.10306042362116,16.5200323166635,-33.645299788982));
#1173=CARTESIAN_POINT('Ctrl Pts',(-4.19835472609318,15.3707309889098,-34.609282349391));
#1174=CARTESIAN_POINT('Ctrl Pts',(-4.29066303338277,13.9609457158169,-34.2565848546738));
#1175=CARTESIAN_POINT('Ctrl Pts',(-4.35120657318168,13.5784133476601,-33.4034340888809));
#1176=CARTESIAN_POINT('Ctrl Pts',(-4.37998534548991,13.5761986364013,-32.9995025583483));
#1177=CARTESIAN_POINT('Origin',(-1.62001489292867,15.0000002235174,-33.0000004917383));
#1178=CARTESIAN_POINT('',(-3.10998534548991,13.5797786508062,-32.9985858785378));
#1179=CARTESIAN_POINT('',(-3.20751489292867,13.5785513536726,-32.9990531004801));
#1180=CARTESIAN_POINT('',(-1.62001489292867,13.5776002235174,-33.0000004917383));
#1181=CARTESIAN_POINT('',(-3.05482309642886,13.7842709992921,-33.7383934855868));
#1182=CARTESIAN_POINT('Ctrl Pts',(-3.05482309642886,13.7842709992921,-33.7383934855868));
#1183=CARTESIAN_POINT('Ctrl Pts',(-3.07321051278255,13.649928191642,-33.5172043915876));
#1184=CARTESIAN_POINT('Ctrl Pts',(-3.09159792913623,13.5807991381595,-33.2575903674146));
#1185=CARTESIAN_POINT('Ctrl Pts',(-3.10998534548991,13.5797812884522,-32.99858416572));
#1186=CARTESIAN_POINT('',(-3.11960225518197,14.0824665414691,-34.0869251415845));
#1187=CARTESIAN_POINT('Ctrl Pts',(-3.11960225518197,14.0826643683354,-34.0870684237451));
#1188=CARTESIAN_POINT('Ctrl Pts',(-3.11377680726179,14.0516718987552,-34.0609150411004));
#1189=CARTESIAN_POINT('Ctrl Pts',(-3.10794202044,14.0221446332548,-34.0337222725952));
#1190=CARTESIAN_POINT('Ctrl Pts',(-3.08623912439302,13.9164600870543,-33.9280377263947));
#1191=CARTESIAN_POINT('Ctrl Pts',(-3.06965055221787,13.8445840955088,-33.8376961527098));
#1192=CARTESIAN_POINT('Ctrl Pts',(-3.05482309642887,13.7842709992921,-33.7383934855868));
#1193=CARTESIAN_POINT('Ctrl Pts',(-3.11960225518197,14.0818215620316,-34.0864579954933));
#1194=CARTESIAN_POINT('Ctrl Pts',(-3.12705735306213,14.0011159875776,-34.0194086679083));
#1195=CARTESIAN_POINT('Ctrl Pts',(-3.15636156564436,13.7136755045497,-33.7215955979686));
#1196=CARTESIAN_POINT('Ctrl Pts',(-3.1856657782266,13.580583392185,-33.3069911554297));
#1197=CARTESIAN_POINT('Ctrl Pts',(-3.20751489292867,13.5785513536726,-32.9990531004801));
#1198=CARTESIAN_POINT('Ctrl Pts',(-3.01755879995457,16.0553718377921,-32.5813377394146));
#1199=CARTESIAN_POINT('Ctrl Pts',(-3.04979433585798,16.1889099897949,-32.9179628016256));
#1200=CARTESIAN_POINT('Ctrl Pts',(-3.1142654076648,16.108218359437,-33.723569949072));
#1201=CARTESIAN_POINT('Ctrl Pts',(-3.21097201537503,15.0458126632038,-34.3238647274142));
#1202=CARTESIAN_POINT('Ctrl Pts',(-3.30767862308526,13.9448260671895,-33.7995280951206));
#1203=CARTESIAN_POINT('Ctrl Pts',(-3.40438523079549,13.7383438536269,-32.5983434068754));
#1204=CARTESIAN_POINT('Ctrl Pts',(-3.50109183850572,14.6016519695124,-31.7372076912053));
#1205=CARTESIAN_POINT('Ctrl Pts',(-3.59779844621594,15.8026752757243,-31.9470013624489));
#1206=CARTESIAN_POINT('Ctrl Pts',(-3.69450505392618,16.3231487976689,-33.0494849550228));
#1207=CARTESIAN_POINT('Ctrl Pts',(-3.7912116616364,15.7217565154533,-34.1100689702498));
#1208=CARTESIAN_POINT('Ctrl Pts',(-3.88791826934663,14.5084084672693,-34.2294303860031));
#1209=CARTESIAN_POINT('Ctrl Pts',(-3.98462487705686,13.7118715760433,-33.3064069330536));
#1210=CARTESIAN_POINT('Ctrl Pts',(-4.08133148476709,14.0074893618777,-32.1235837179023));
#1211=CARTESIAN_POINT('Ctrl Pts',(-4.17803809247732,15.1446558223164,-31.6838524684819));
#1212=CARTESIAN_POINT('Ctrl Pts',(-4.27474470018755,16.1591157925404,-32.3600430686482));
#1213=CARTESIAN_POINT('Ctrl Pts',(-4.37145130789778,16.190913736516,-33.5788372503363));
#1214=CARTESIAN_POINT('Ctrl Pts',(-4.468157915608,15.2127244921729,-34.3068492186501));
#1215=CARTESIAN_POINT('Ctrl Pts',(-4.56486452331824,14.0546815223182,-33.9268281142851));
#1216=CARTESIAN_POINT('Ctrl Pts',(-4.66157113102846,13.6970883978673,-32.7609689693137));
#1217=CARTESIAN_POINT('Ctrl Pts',(-4.75827773873869,14.4463767946014,-31.7978352388207));
#1218=CARTESIAN_POINT('Ctrl Pts',(-4.82274881054551,15.2551201157187,-31.8358911946566));
#1219=CARTESIAN_POINT('Ctrl Pts',(-4.85498434644892,15.5685822815983,-32.0172481385849));
#1220=CARTESIAN_POINT('Ctrl Pts',(-2.9623217752003,16.1443032266161,-32.5460589243418));
#1221=CARTESIAN_POINT('Ctrl Pts',(-2.99455731110371,16.2890940342314,-32.9110498568212));
#1222=CARTESIAN_POINT('Ctrl Pts',(-3.05902838291053,16.2016028854317,-33.784541872024));
#1223=CARTESIAN_POINT('Ctrl Pts',(-3.15573499062076,15.0496730701274,-34.4354207741192));
#1224=CARTESIAN_POINT('Ctrl Pts',(-3.25244159833099,13.8559113172529,-33.8669006672177));
#1225=CARTESIAN_POINT('Ctrl Pts',(-3.34914820604122,13.6320297821895,-32.5644975824239));
#1226=CARTESIAN_POINT('Ctrl Pts',(-3.44585481375145,14.56808496526,-31.6307978579016));
#1227=CARTESIAN_POINT('Ctrl Pts',(-3.54256142146168,15.870313069087,-31.8582698921956));
#1228=CARTESIAN_POINT('Ctrl Pts',(-3.6392680291719,16.4346445388166,-33.0536547867538));
#1229=CARTESIAN_POINT('Ctrl Pts',(-3.73597463688214,15.7825756511646,-34.2036094162393));
#1230=CARTESIAN_POINT('Ctrl Pts',(-3.83268124459236,14.466984255147,-34.3330288782118));
#1231=CARTESIAN_POINT('Ctrl Pts',(-3.92938785230259,13.6033268056,-33.3322264169229));
#1232=CARTESIAN_POINT('Ctrl Pts',(-4.02609446001282,13.9238549641407,-32.0497320434478));
#1233=CARTESIAN_POINT('Ctrl Pts',(-4.12280106772305,15.1568452948475,-31.5729466320703));
#1234=CARTESIAN_POINT('Ctrl Pts',(-4.21950767543328,16.2567892148369,-32.3061167533543));
#1235=CARTESIAN_POINT('Ctrl Pts',(-4.31621428314351,16.2912666276188,-33.6276132038946));
#1236=CARTESIAN_POINT('Ctrl Pts',(-4.41292089085374,15.2306498034019,-34.4169714454517));
#1237=CARTESIAN_POINT('Ctrl Pts',(-4.50962749856397,13.9750237943276,-34.0049276827771));
#1238=CARTESIAN_POINT('Ctrl Pts',(-4.60633410627419,13.5872979159146,-32.7408268648886));
#1239=CARTESIAN_POINT('Ctrl Pts',(-4.70304071398442,14.399725454208,-31.6965342145257));
#1240=CARTESIAN_POINT('Ctrl Pts',(-4.76751178579124,15.2766179142412,-31.7377969735005));
#1241=CARTESIAN_POINT('Ctrl Pts',(-4.79974732169465,15.6164941179615,-31.9344360461864));
#1242=CARTESIAN_POINT('Ctrl Pts',(-2.90708475044603,16.2332346154401,-32.510780109269));
#1243=CARTESIAN_POINT('Ctrl Pts',(-2.93932028634944,16.3892780786679,-32.9041369120168));
#1244=CARTESIAN_POINT('Ctrl Pts',(-3.00379135815626,16.2949874114264,-33.8455137949761));
#1245=CARTESIAN_POINT('Ctrl Pts',(-3.1004979658665,15.053533477051,-34.5469768208241));
#1246=CARTESIAN_POINT('Ctrl Pts',(-3.19720457357672,13.7669965673162,-33.9342732393148));
#1247=CARTESIAN_POINT('Ctrl Pts',(-3.29391118128695,13.525715710752,-32.5306517579723));
#1248=CARTESIAN_POINT('Ctrl Pts',(-3.39061778899718,14.5345179610075,-31.5243880245979));
#1249=CARTESIAN_POINT('Ctrl Pts',(-3.48732439670741,15.9379508624497,-31.7695384219422));
#1250=CARTESIAN_POINT('Ctrl Pts',(-3.58403100441764,16.5461402799643,-33.0578246184847));
#1251=CARTESIAN_POINT('Ctrl Pts',(-3.68073761212786,15.8433947868758,-34.2971498622287));
#1252=CARTESIAN_POINT('Ctrl Pts',(-3.77744421983809,14.4255600430246,-34.4366273704205));
#1253=CARTESIAN_POINT('Ctrl Pts',(-3.87415082754833,13.4947820351566,-33.3580459007921));
#1254=CARTESIAN_POINT('Ctrl Pts',(-3.97085743525855,13.8402205664037,-31.9758803689933));
#1255=CARTESIAN_POINT('Ctrl Pts',(-4.06756404296878,15.1690347673787,-31.4620407956587));
#1256=CARTESIAN_POINT('Ctrl Pts',(-4.16427065067901,16.3544626371334,-32.2521904380603));
#1257=CARTESIAN_POINT('Ctrl Pts',(-4.26097725838924,16.3916195187216,-33.6763891574528));
#1258=CARTESIAN_POINT('Ctrl Pts',(-4.35768386609947,15.2485751146308,-34.5270936722534));
#1259=CARTESIAN_POINT('Ctrl Pts',(-4.45439047380969,13.8953660663369,-34.0830272512691));
#1260=CARTESIAN_POINT('Ctrl Pts',(-4.55109708151993,13.477507433962,-32.7206847604636));
#1261=CARTESIAN_POINT('Ctrl Pts',(-4.64780368923015,14.3530741138146,-31.5952331902306));
#1262=CARTESIAN_POINT('Ctrl Pts',(-4.71227476103697,15.2981157127638,-31.6397027523445));
#1263=CARTESIAN_POINT('Ctrl Pts',(-4.74451029694038,15.6644059543248,-31.851623953788));
#1264=CARTESIAN_POINT('Ctrl Pts',(-2.85184772569177,16.3221660042642,-32.4755012941962));
#1265=CARTESIAN_POINT('Ctrl Pts',(-2.88408326159518,16.4894621231044,-32.8972239672124));
#1266=CARTESIAN_POINT('Ctrl Pts',(-2.948554333402,16.3883719374211,-33.9064857179281));
#1267=CARTESIAN_POINT('Ctrl Pts',(-3.04526094111222,15.0573938839747,-34.6585328675291));
#1268=CARTESIAN_POINT('Ctrl Pts',(-3.14196754882245,13.6780818173796,-34.0016458114119));
#1269=CARTESIAN_POINT('Ctrl Pts',(-3.23867415653268,13.4194016393145,-32.4968059335208));
#1270=CARTESIAN_POINT('Ctrl Pts',(-3.33538076424291,14.500950956755,-31.4179781912942));
#1271=CARTESIAN_POINT('Ctrl Pts',(-3.43208737195314,16.0055886558124,-31.6808069516889));
#1272=CARTESIAN_POINT('Ctrl Pts',(-3.52879397966337,16.6576360211121,-33.0619944502156));
#1273=CARTESIAN_POINT('Ctrl Pts',(-3.6255005873736,15.904213922587,-34.3906903082181));
#1274=CARTESIAN_POINT('Ctrl Pts',(-3.72220719508382,14.3841358309023,-34.5402258626293));
#1275=CARTESIAN_POINT('Ctrl Pts',(-3.81891380279406,13.3862372647132,-33.3838653846613));
#1276=CARTESIAN_POINT('Ctrl Pts',(-3.91562041050428,13.7565861686668,-31.9020286945388));
#1277=CARTESIAN_POINT('Ctrl Pts',(-4.01232701821451,15.1812242399099,-31.3511349592471));
#1278=CARTESIAN_POINT('Ctrl Pts',(-4.10903362592474,16.4521360594299,-32.1982641227664));
#1279=CARTESIAN_POINT('Ctrl Pts',(-4.20574023363497,16.4919724098244,-33.725165111011));
#1280=CARTESIAN_POINT('Ctrl Pts',(-4.3024468413452,15.2665004258598,-34.6372158990551));
#1281=CARTESIAN_POINT('Ctrl Pts',(-4.39915344905543,13.8157083383462,-34.1611268197611));
#1282=CARTESIAN_POINT('Ctrl Pts',(-4.49586005676566,13.3677169520094,-32.7005426560386));
#1283=CARTESIAN_POINT('Ctrl Pts',(-4.59256666447588,14.3064227734213,-31.4939321659355));
#1284=CARTESIAN_POINT('Ctrl Pts',(-4.6570377362827,15.3196135112863,-31.5416085311885));
#1285=CARTESIAN_POINT('Ctrl Pts',(-4.68927327218611,15.712317790688,-31.7688118613895));
#1286=CARTESIAN_POINT('',(-4.68927327218607,14.4679185311368,-31.8646204917386));
#1287=CARTESIAN_POINT('',(-4.50000011920929,13.616545777445,-33.0000004901178));
#1288=CARTESIAN_POINT('Ctrl Pts',(-4.68927327218604,14.4679185311368,-31.8646204917385));
#1289=CARTESIAN_POINT('Ctrl Pts',(-4.68439826564838,14.4307453556966,-31.8788358337594));
#1290=CARTESIAN_POINT('Ctrl Pts',(-4.6792100264504,14.3940815076009,-31.8942609725501));
#1291=CARTESIAN_POINT('Ctrl Pts',(-4.6511993960092,14.2087809445781,-31.9798090979092));
#1292=CARTESIAN_POINT('Ctrl Pts',(-4.62385271369316,14.0689651383227,-32.0700677756507));
#1293=CARTESIAN_POINT('Ctrl Pts',(-4.57940059396207,13.8717853967079,-32.254890099866));
#1294=CARTESIAN_POINT('Ctrl Pts',(-4.56193457611715,13.8021697318728,-32.337898967171));
#1295=CARTESIAN_POINT('Ctrl Pts',(-4.53413909417133,13.7000143212399,-32.5062288153398));
#1296=CARTESIAN_POINT('Ctrl Pts',(-4.52319714562923,13.663494354663,-32.5883808161748));
#1297=CARTESIAN_POINT('Ctrl Pts',(-4.51383373549303,13.6362172915685,-32.6888201957016));
#1298=CARTESIAN_POINT('Ctrl Pts',(-4.51262978461943,13.6328273439139,-32.7026086443023));
#1299=CARTESIAN_POINT('Ctrl Pts',(-4.51107622953575,13.6286244128309,-32.7217241081952));
#1300=CARTESIAN_POINT('Ctrl Pts',(-4.51066122243096,13.6275206312724,-32.7269768063721));
#1301=CARTESIAN_POINT('Ctrl Pts',(-4.50999069678695,13.6257696241824,-32.7357158334439));
#1302=CARTESIAN_POINT('Ctrl Pts',(-4.50972891060839,13.6250947310534,-32.7391957799404));
#1303=CARTESIAN_POINT('Ctrl Pts',(-4.50922576455064,13.6238150567816,-32.7460209142775));
#1304=CARTESIAN_POINT('Ctrl Pts',(-4.5089840180785,13.6232085586955,-32.7493655961786));
#1305=CARTESIAN_POINT('Ctrl Pts',(-4.50842271952224,13.6218205205362,-32.7572901568369));
#1306=CARTESIAN_POINT('Ctrl Pts',(-4.5081071508414,13.6210563618444,-32.7618730958024));
#1307=CARTESIAN_POINT('Ctrl Pts',(-4.50709087712261,13.6186507159219,-32.7770699163143));
#1308=CARTESIAN_POINT('Ctrl Pts',(-4.5064279094446,13.6171730726932,-32.7877095875771));
#1309=CARTESIAN_POINT('Ctrl Pts',(-4.50453215168104,13.6132521523684,-32.8205638719535));
#1310=CARTESIAN_POINT('Ctrl Pts',(-4.50345874819817,13.6114920676304,-32.8428428406685));
#1311=CARTESIAN_POINT('Ctrl Pts',(-4.50086012743786,13.6089139787775,-32.9102585611674));
#1312=CARTESIAN_POINT('Ctrl Pts',(-4.50000011925071,13.6108863426537,-32.9552720792299));
#1313=CARTESIAN_POINT('Ctrl Pts',(-4.50000011920929,13.616545777445,-33.0000004884972));
#1314=CARTESIAN_POINT('Ctrl Pts',(-4.68927327218611,15.712317790688,-31.7688118613895));
#1315=CARTESIAN_POINT('Ctrl Pts',(-4.68927327218611,15.6600107154445,-31.7465698177417));
#1316=CARTESIAN_POINT('Ctrl Pts',(-4.68927327218611,15.6063863791972,-31.7277656978387));
#1317=CARTESIAN_POINT('Ctrl Pts',(-4.68927327218611,15.5517756683984,-31.7123688704508));
#1318=CARTESIAN_POINT('Ctrl Pts',(-4.68927327218611,15.5067410914486,-31.6996719178266));
#1319=CARTESIAN_POINT('Ctrl Pts',(-4.68927327218611,15.4610352000749,-31.6892931427325));
#1320=CARTESIAN_POINT('Ctrl Pts',(-4.68927327218611,15.4148462208074,-31.6812419060249));
#1321=CARTESIAN_POINT('Ctrl Pts',(-4.68927327218611,15.4028226024743,-31.6791460598118));
#1322=CARTESIAN_POINT('Ctrl Pts',(-4.68927327218611,15.3907662842219,-31.677208056461));
#1323=CARTESIAN_POINT('Ctrl Pts',(-4.68927327218611,15.3786806778873,-31.6754283142298));
#1324=CARTESIAN_POINT('Ctrl Pts',(-4.68927327218611,15.3659719930818,-31.6735568166463));
#1325=CARTESIAN_POINT('Ctrl Pts',(-4.68927327218611,15.3532394318609,-31.6718616050687));
#1326=CARTESIAN_POINT('Ctrl Pts',(-4.68927327218611,15.3404907206374,-31.67034290822));
#1327=CARTESIAN_POINT('Ctrl Pts',(-4.68927327218611,15.2853640680826,-31.6637759170908));
#1328=CARTESIAN_POINT('Ctrl Pts',(-4.68927327218611,15.2299111607897,-31.6605020042823));
#1329=CARTESIAN_POINT('Ctrl Pts',(-4.68927327218611,15.1744525824587,-31.6605247791651));
#1330=CARTESIAN_POINT('Ctrl Pts',(-4.68927327218611,15.1435156358902,-31.6605374838782));
#1331=CARTESIAN_POINT('Ctrl Pts',(-4.68927327218611,15.1125771451155,-31.661576962803));
#1332=CARTESIAN_POINT('Ctrl Pts',(-4.68927327218611,15.0816957017316,-31.6636503233035));
#1333=CARTESIAN_POINT('Ctrl Pts',(-4.68927327218611,15.0674363727672,-31.6646076855962));
#1334=CARTESIAN_POINT('Ctrl Pts',(-4.68927327218611,15.0531892449622,-31.6657855421862));
#1335=CARTESIAN_POINT('Ctrl Pts',(-4.68927327218611,15.0389603090675,-31.667184909101));
#1336=CARTESIAN_POINT('Ctrl Pts',(-4.68927327218611,15.0284707654944,-31.6682165196399));
#1337=CARTESIAN_POINT('Ctrl Pts',(-4.68927327218611,15.0179999382838,-31.6693676654137));
#1338=CARTESIAN_POINT('Ctrl Pts',(-4.68927327218611,15.0075523392381,-31.6706379045524));
#1339=CARTESIAN_POINT('Ctrl Pts',(-4.68927327218611,14.954825974298,-31.6770484771724));
#1340=CARTESIAN_POINT('Ctrl Pts',(-4.68927327218611,14.9026698931418,-31.6864905234294));
#1341=CARTESIAN_POINT('Ctrl Pts',(-4.68927327218611,14.8513696620963,-31.6989654001197));
#1342=CARTESIAN_POINT('Ctrl Pts',(-4.68927327218611,14.8010456958091,-31.711202874712));
#1343=CARTESIAN_POINT('Ctrl Pts',(-4.68927327218611,14.7515444611058,-31.7263592613091));
#1344=CARTESIAN_POINT('Ctrl Pts',(-4.68927327218611,14.7031625793258,-31.7444768437645));
#1345=CARTESIAN_POINT('Ctrl Pts',(-4.68927327218611,14.6630441028454,-31.7595000255607));
#1346=CARTESIAN_POINT('Ctrl Pts',(-4.68927327218611,14.6236955200049,-31.7765600703004));
#1347=CARTESIAN_POINT('Ctrl Pts',(-4.68927327218611,14.5853065965979,-31.7957001974253));
#1348=CARTESIAN_POINT('Ctrl Pts',(-4.68927327218611,14.577444330063,-31.7996202026667));
#1349=CARTESIAN_POINT('Ctrl Pts',(-4.68927327218611,14.5696223904039,-31.8036275121208));
#1350=CARTESIAN_POINT('Ctrl Pts',(-4.68927327218611,14.5618425263506,-31.8077225796167));
#1351=CARTESIAN_POINT('Ctrl Pts',(-4.68927327218611,14.5541420211163,-31.8117758752105));
#1352=CARTESIAN_POINT('Ctrl Pts',(-4.68927327218611,14.5464860415435,-31.8159134702527));
#1353=CARTESIAN_POINT('Ctrl Pts',(-4.68927327218611,14.5388825581873,-31.8201319057671));
#1354=CARTESIAN_POINT('Ctrl Pts',(-4.68927327218611,14.5166599140513,-31.8324610958047));
#1355=CARTESIAN_POINT('Ctrl Pts',(-4.68927327218611,14.4948677082172,-31.845489991146));
#1356=CARTESIAN_POINT('Ctrl Pts',(-4.68927327218611,14.4735400518876,-31.859221308492));
#1357=CARTESIAN_POINT('Ctrl Pts',(-4.68927327218611,14.4714703278532,-31.8605538523542));
#1358=CARTESIAN_POINT('Ctrl Pts',(-4.68927327218611,14.4694049805559,-31.8618930133608));
#1359=CARTESIAN_POINT('Ctrl Pts',(-4.68927327218611,14.4673440268839,-31.863238758781));
#1360=CARTESIAN_POINT('Ctrl Pts',(-3.20751489292867,13.5785513536726,-32.9990531004801));
#1361=CARTESIAN_POINT('Ctrl Pts',(-3.21790131413001,13.5775853828231,-32.8526684809547));
#1362=CARTESIAN_POINT('Ctrl Pts',(-3.26052327123475,13.6637582107239,-32.2530642529697));
#1363=CARTESIAN_POINT('Ctrl Pts',(-3.33538076424291,14.500950956755,-31.4179781912942));
#1364=CARTESIAN_POINT('Ctrl Pts',(-3.43208737195314,16.0055886558124,-31.6808069516889));
#1365=CARTESIAN_POINT('Ctrl Pts',(-3.52879397966337,16.6576360211121,-33.0619944502156));
#1366=CARTESIAN_POINT('Ctrl Pts',(-3.6255005873736,15.904213922587,-34.3906903082181));
#1367=CARTESIAN_POINT('Ctrl Pts',(-3.72220719508382,14.3841358309023,-34.5402258626293));
#1368=CARTESIAN_POINT('Ctrl Pts',(-3.79454529693552,13.6376916134095,-33.6752495801072));
#1369=CARTESIAN_POINT('Ctrl Pts',(-3.8346478628838,13.5768097324367,-33.1117725691076));
#1370=CARTESIAN_POINT('Ctrl Pts',(-3.84251489292867,13.5776878281781,-33.0010466346183));
#1371=CARTESIAN_POINT('',(-3.00000011920929,16.2319002235174,-33.0000004917383));
#1372=CARTESIAN_POINT('Ctrl Pts',(-3.00000011920929,16.2319002235174,-33.0000004917383));
#1373=CARTESIAN_POINT('Ctrl Pts',(-3.00000011920929,16.2369931235078,-33.035841986945));
#1374=CARTESIAN_POINT('Ctrl Pts',(-3.00038642216004,16.2398398126925,-33.0720252883209));
#1375=CARTESIAN_POINT('Ctrl Pts',(-3.00291337586607,16.2416212487454,-33.1885413071092));
#1376=CARTESIAN_POINT('Ctrl Pts',(-3.0065840211899,16.2317222254455,-33.2679887742252));
#1377=CARTESIAN_POINT('Ctrl Pts',(-3.01295769780589,16.2077408494599,-33.3600322434516));
#1378=CARTESIAN_POINT('Ctrl Pts',(-3.01402818810281,16.2035707046546,-33.3745575339664));
#1379=CARTESIAN_POINT('Ctrl Pts',(-3.01574231159787,16.1966839550042,-33.3965247417418));
#1380=CARTESIAN_POINT('Ctrl Pts',(-3.01634636975715,16.1942211743327,-33.4040447316088));
#1381=CARTESIAN_POINT('Ctrl Pts',(-3.01747124223102,16.1895703567897,-33.4176652652685));
#1382=CARTESIAN_POINT('Ctrl Pts',(-3.01798730693775,16.1874133770266,-33.4237759910608));
#1383=CARTESIAN_POINT('Ctrl Pts',(-3.01912200739599,16.1826205802578,-33.4369255158046));
#1384=CARTESIAN_POINT('Ctrl Pts',(-3.01974378204112,16.1799636257008,-33.4439556505485));
#1385=CARTESIAN_POINT('Ctrl Pts',(-3.02149590100614,16.172391708036,-33.4633033372707));
#1386=CARTESIAN_POINT('Ctrl Pts',(-3.02265119777133,16.1673052888561,-33.4755490482992));
#1387=CARTESIAN_POINT('Ctrl Pts',(-3.02673662662334,16.1489933934972,-33.5172352450844));
#1388=CARTESIAN_POINT('Ctrl Pts',(-3.02983226509732,16.1345739555643,-33.546108526241));
#1389=CARTESIAN_POINT('Ctrl Pts',(-3.0396488092596,16.0870937147408,-33.6310158712274));
#1390=CARTESIAN_POINT('Ctrl Pts',(-3.04683606572472,16.0500808945333,-33.6846453268736));
#1391=CARTESIAN_POINT('Ctrl Pts',(-3.07200212036934,15.9107671618101,-33.8540265569703));
#1392=CARTESIAN_POINT('Ctrl Pts',(-3.09106375420069,15.7892676446178,-33.953243115398));
#1393=CARTESIAN_POINT('Ctrl Pts',(-3.11315624320637,15.608687206309,-34.0580732219944));
#1394=CARTESIAN_POINT('Ctrl Pts',(-3.11853629326324,15.5606598911205,-34.0825039083976));
#1395=CARTESIAN_POINT('Ctrl Pts',(-3.12500362105816,15.4964040517273,-34.1110613306717));
#1396=CARTESIAN_POINT('Ctrl Pts',(-3.12647876091645,15.4812416827786,-34.1175112042116));
#1397=CARTESIAN_POINT('Ctrl Pts',(-3.12878763867266,15.4566385198314,-34.127521745596));
#1398=CARTESIAN_POINT('Ctrl Pts',(-3.12964810782073,15.44726111954,-34.1312321692418));
#1399=CARTESIAN_POINT('Ctrl Pts',(-3.13125839748622,15.4292982320375,-34.1381417174955));
#1400=CARTESIAN_POINT('Ctrl Pts',(-3.13201112559597,15.4207190446369,-34.1413565140206));
#1401=CARTESIAN_POINT('Ctrl Pts',(-3.13370168262109,15.4010176852071,-34.148546016516));
#1402=CARTESIAN_POINT('Ctrl Pts',(-3.13463015498809,15.3898769506594,-34.1524719210747));
#1403=CARTESIAN_POINT('Ctrl Pts',(-3.13742068915644,15.3553557086217,-34.1642117396868));
#1404=CARTESIAN_POINT('Ctrl Pts',(-3.1392008533232,15.3318296627732,-34.1716149779472));
#1405=CARTESIAN_POINT('Ctrl Pts',(-3.14442065162817,15.2576434117355,-34.1931372304216));
#1406=CARTESIAN_POINT('Ctrl Pts',(-3.14745596047081,15.2064211695708,-34.205371061121));
#1407=CARTESIAN_POINT('Ctrl Pts',(-3.15496739995401,15.048948375311,-34.2353501395872));
#1408=CARTESIAN_POINT('Ctrl Pts',(-3.15760289995348,14.941329094267,-34.2454680158093));
#1409=CARTESIAN_POINT('Ctrl Pts',(-3.15785710887483,14.6840942784956,-34.2464560338405));
#1410=CARTESIAN_POINT('Ctrl Pts',(-3.15310341007821,14.5348568288356,-34.228390921301));
#1411=CARTESIAN_POINT('Ctrl Pts',(-3.13795092090434,14.2845809356004,-34.1667027609382));
#1412=CARTESIAN_POINT('Ctrl Pts',(-3.12946859116241,14.1815207573876,-34.1313633970646));
#1413=CARTESIAN_POINT('Ctrl Pts',(-3.11960225518197,14.0826643683354,-34.0870684237451));
#1414=CARTESIAN_POINT('Ctrl Pts',(-3.01755879995457,16.0553718377921,-32.5813377394146));
#1415=CARTESIAN_POINT('Ctrl Pts',(-3.01473962384536,16.0806532715855,-32.614888322682));
#1416=CARTESIAN_POINT('Ctrl Pts',(-3.01213837536855,16.1035387859032,-32.6499794590675));
#1417=CARTESIAN_POINT('Ctrl Pts',(-3.00985054890815,16.1239139817075,-32.6864403686394));
#1418=CARTESIAN_POINT('Ctrl Pts',(-3.00758438460998,16.1440962560622,-32.7225560500431));
#1419=CARTESIAN_POINT('Ctrl Pts',(-3.00562573518784,16.1618152467293,-32.7600170167902));
#1420=CARTESIAN_POINT('Ctrl Pts',(-3.00406740807794,16.1769104592679,-32.7986500320022));
#1421=CARTESIAN_POINT('Ctrl Pts',(-3.00324043917754,16.1849211466485,-32.8191516981194));
#1422=CARTESIAN_POINT('Ctrl Pts',(-3.00252620842595,16.1921921185292,-32.8399831954786));
#1423=CARTESIAN_POINT('Ctrl Pts',(-3.00193858575827,16.1986940830002,-32.8611157532691));
#1424=CARTESIAN_POINT('Ctrl Pts',(-3.00084264904609,16.2108204728709,-32.9005287085188));
#1425=CARTESIAN_POINT('Ctrl Pts',(-3.00019676474594,16.2201631622382,-32.9406198748079));
#1426=CARTESIAN_POINT('Ctrl Pts',(-3.00003848628721,16.226703985534,-32.9811804991626));
#1427=CARTESIAN_POINT('Ctrl Pts',(-3.00001330347052,16.2277446600224,-32.9876338774439));
#1428=CARTESIAN_POINT('Ctrl Pts',(-3.00000046402768,16.2287143086879,-32.9940991815357));
#1429=CARTESIAN_POINT('Ctrl Pts',(-3.00000011920929,16.229612744732,-33.000575607785));
#1430=CARTESIAN_POINT('Ctrl Pts',(-4.00822596719147,13.8646901508091,-33.00083553793));
#1431=CARTESIAN_POINT('Ctrl Pts',(-4.0003589371466,13.8639892422441,-33.0892185606384));
#1432=CARTESIAN_POINT('Ctrl Pts',(-3.99249190710173,13.8735226068911,-33.1774522309885));
#1433=CARTESIAN_POINT('Ctrl Pts',(-3.98462487705686,13.8938973555534,-33.2631069726867));
#1434=CARTESIAN_POINT('Ctrl Pts',(-3.95238934115345,13.9773838731187,-33.6140814173701));
#1435=CARTESIAN_POINT('Ctrl Pts',(-3.92015380525004,14.242896170194,-33.9217559016866));
#1436=CARTESIAN_POINT('Ctrl Pts',(-3.88791826934663,14.577876993429,-34.0556995745526));
#1437=CARTESIAN_POINT('Ctrl Pts',(-3.85568273344322,14.912857816664,-34.1896432474187));
#1438=CARTESIAN_POINT('Ctrl Pts',(-3.82344719753981,15.3173071660587,-34.1498561088342));
#1439=CARTESIAN_POINT('Ctrl Pts',(-3.7912116616364,15.6197638877919,-33.9531985370042));
#1440=CARTESIAN_POINT('Ctrl Pts',(-3.75897612573299,15.9222206095252,-33.7565409651742));
#1441=CARTESIAN_POINT('Ctrl Pts',(-3.72674058982958,16.122684703597,-33.4030129600985));
#1442=CARTESIAN_POINT('Ctrl Pts',(-3.69450505392618,16.1361711636422,-33.0425016921317));
#1443=CARTESIAN_POINT('Ctrl Pts',(-3.66226951802277,16.1496576236874,-32.6819904241649));
#1444=CARTESIAN_POINT('Ctrl Pts',(-3.63003398211935,15.9761664497058,-32.3144958933069));
#1445=CARTESIAN_POINT('Ctrl Pts',(-3.59779844621594,15.6892503116798,-32.095783016004));
#1446=CARTESIAN_POINT('Ctrl Pts',(-3.56556291031253,15.4023341736537,-31.877070138701));
#1447=CARTESIAN_POINT('Ctrl Pts',(-3.53332737440913,15.0019930715831,-31.8071389149531));
#1448=CARTESIAN_POINT('Ctrl Pts',(-3.50109183850572,14.6579378345668,-31.9156959223576));
#1449=CARTESIAN_POINT('Ctrl Pts',(-3.46885630260231,14.3138825975506,-32.024252929762));
#1450=CARTESIAN_POINT('Ctrl Pts',(-3.4366207666989,14.0261132255888,-32.3112981683187));
#1451=CARTESIAN_POINT('Ctrl Pts',(-3.40438523079549,13.9166422418683,-32.6550182356379));
#1452=CARTESIAN_POINT('Ctrl Pts',(-3.39399880959415,13.8813702442302,-32.7657662438369));
#1453=CARTESIAN_POINT('Ctrl Pts',(-3.38361238839281,13.8646083774632,-32.8823979759879));
#1454=CARTESIAN_POINT('Ctrl Pts',(-3.37322596719147,13.8653794291948,-32.9992442705018));
#1455=CARTESIAN_POINT('Ctrl Pts',(-4.50000011920929,13.616545777445,-33.0000004884972));
#1456=CARTESIAN_POINT('Ctrl Pts',(-4.50000011920426,13.6172328084297,-33.0054303245489));
#1457=CARTESIAN_POINT('Ctrl Pts',(-4.50001275538189,13.6179741834155,-33.0108559579707));
#1458=CARTESIAN_POINT('Ctrl Pts',(-4.50038659982304,13.6297737976965,-33.0912444001491));
#1459=CARTESIAN_POINT('Ctrl Pts',(-4.50314823762515,13.6509521717005,-33.1638873442171));
#1460=CARTESIAN_POINT('Ctrl Pts',(-4.51368982641778,13.7196223599872,-33.3217195611186));
#1461=CARTESIAN_POINT('Ctrl Pts',(-4.52251654032902,13.7720263272178,-33.4031938771095));
#1462=CARTESIAN_POINT('Ctrl Pts',(-4.54559964846889,13.9153946497974,-33.5712100187543));
#1463=CARTESIAN_POINT('Ctrl Pts',(-4.56058824038962,14.0128477753401,-33.6518051820898));
#1464=CARTESIAN_POINT('Ctrl Pts',(-4.57417760208385,14.1194619431209,-33.7167571318585));
#1465=CARTESIAN_POINT('Origin',(-4.68927327218611,15.0000002235174,-33.0000004917383));
#1466=CARTESIAN_POINT('',(-4.68927327218605,15.3326180251072,-34.1353804917379));
#1467=CARTESIAN_POINT('',(-4.68927327218611,23.,-34.1353804917383));
#1468=CARTESIAN_POINT('Ctrl Pts',(-4.68927327218611,15.0146698419123,-34.1353804908986));
#1469=CARTESIAN_POINT('Ctrl Pts',(-4.68927327218611,15.062105530219,-34.1420667908634));
#1470=CARTESIAN_POINT('Ctrl Pts',(-4.68927327218611,15.1098650149546,-34.1456349949033));
#1471=CARTESIAN_POINT('Ctrl Pts',(-4.68927327218611,15.157664370629,-34.1462129425892));
#1472=CARTESIAN_POINT('Ctrl Pts',(-4.68927327218611,15.2051739739423,-34.146787386845));
#1473=CARTESIAN_POINT('Ctrl Pts',(-4.68927327218611,15.2527239664879,-34.1444077922988));
#1474=CARTESIAN_POINT('Ctrl Pts',(-4.68927327218611,15.3000583928034,-34.139154031754));
#1475=CARTESIAN_POINT('Ctrl Pts',(-4.68927327218611,15.3109046267345,-34.1379501824561));
#1476=CARTESIAN_POINT('Ctrl Pts',(-4.68927327218611,15.3217302754062,-34.1365962645269));
#1477=CARTESIAN_POINT('Ctrl Pts',(-4.68927327218611,15.3325321835883,-34.1350937074624));
#1478=CARTESIAN_POINT('Ctrl Pts',(-4.66027470992332,15.6403469019903,-33.9948263446907));
#1479=CARTESIAN_POINT('Ctrl Pts',(-4.67911390293914,15.4549017425543,-34.1141931580191));
#1480=CARTESIAN_POINT('Ctrl Pts',(-4.69795309595497,15.2355348146842,-34.1802056205104));
#1481=CARTESIAN_POINT('Ctrl Pts',(-4.71679228897079,15.01501154369,-34.1830038757572));
#1482=CARTESIAN_POINT('Ctrl Pts',(-4.65109125708527,15.6317377407758,-33.9814513769797));
#1483=CARTESIAN_POINT('Ctrl Pts',(-4.6699304501011,15.4487858046636,-34.099213359403));
#1484=CARTESIAN_POINT('Ctrl Pts',(-4.68876964311692,15.232368162408,-34.1643383152501));
#1485=CARTESIAN_POINT('Ctrl Pts',(-4.70760883613275,15.0148097235202,-34.1670989492656));
#1486=CARTESIAN_POINT('Ctrl Pts',(-4.64190780424723,15.6231285795613,-33.9680764092687));
#1487=CARTESIAN_POINT('Ctrl Pts',(-4.66074699726305,15.4426698667728,-34.0842335607869));
#1488=CARTESIAN_POINT('Ctrl Pts',(-4.67958619027888,15.2292015101318,-34.1484710099898));
#1489=CARTESIAN_POINT('Ctrl Pts',(-4.6984253832947,15.0146079033503,-34.1511940227739));
#1490=CARTESIAN_POINT('Ctrl Pts',(-4.63272435140918,15.6145194183468,-33.9547014415578));
#1491=CARTESIAN_POINT('Ctrl Pts',(-4.65156354442501,15.436553928882,-34.0692537621709));
#1492=CARTESIAN_POINT('Ctrl Pts',(-4.67040273744083,15.2260348578556,-34.1326037047295));
#1493=CARTESIAN_POINT('Ctrl Pts',(-4.68924193045665,15.0144060831805,-34.1352890962823));
#1494=CARTESIAN_POINT('Ctrl Pts',(-4.68927327218581,15.332618025107,-34.1353804917374));
#1495=CARTESIAN_POINT('Ctrl Pts',(-4.68673323796813,15.3542959229973,-34.1279738442037));
#1496=CARTESIAN_POINT('Ctrl Pts',(-4.6837697794287,15.3754601348734,-34.1192515748253));
#1497=CARTESIAN_POINT('Ctrl Pts',(-4.66770436317013,15.4765733899527,-34.0711836962619));
#1498=CARTESIAN_POINT('Ctrl Pts',(-4.650018217982,15.5503178831788,-34.015697733489));
#1499=CARTESIAN_POINT('Ctrl Pts',(-4.63272435140919,15.6145194183468,-33.9547014415578));
#1500=CARTESIAN_POINT('Origin',(-4.68927327218611,15.0000002235174,-33.0000004917383));
#1501=CARTESIAN_POINT('',(-4.68927327218611,23.,-31.8646204917383));
#1502=CARTESIAN_POINT('Origin',(-1.62001489292867,15.0000002235174,-33.0000004917383));
#1503=CARTESIAN_POINT('Ctrl Pts',(-3.10998534548991,13.5797812884522,-32.99858416572));
#1504=CARTESIAN_POINT('Ctrl Pts',(-3.12336269662691,13.5790407747946,-32.8101500301089));
#1505=CARTESIAN_POINT('Ctrl Pts',(-3.16850481525457,13.698196684107,-32.1753612011046));
#1506=CARTESIAN_POINT('Ctrl Pts',(-3.24541170137292,14.622241544336,-31.3917352335122));
#1507=CARTESIAN_POINT('Ctrl Pts',(-3.34070600384494,16.0791041808715,-31.7502886420208));
#1508=CARTESIAN_POINT('Ctrl Pts',(-3.43600030631697,16.6455019045522,-33.1388147587626));
#1509=CARTESIAN_POINT('Ctrl Pts',(-3.531294608789,15.8541620771361,-34.413378334214));
#1510=CARTESIAN_POINT('Ctrl Pts',(-3.62658891126103,14.3580068839605,-34.5214318241295));
#1511=CARTESIAN_POINT('Ctrl Pts',(-3.69781915682799,13.635633039623,-33.6639211442958));
#1512=CARTESIAN_POINT('Ctrl Pts',(-3.73728463490429,13.5768397747344,-33.1093558301602));
#1513=CARTESIAN_POINT('Ctrl Pts',(-3.74498534548991,13.5776608422905,-33.0009741324783));
#1514=CARTESIAN_POINT('Ctrl Pts',(-3.05482309642886,13.7842709992921,-33.7383934855868));
#1515=CARTESIAN_POINT('Ctrl Pts',(-3.08658786391954,13.552190104023,-33.3562832419718));
#1516=CARTESIAN_POINT('Ctrl Pts',(-3.15011739890089,13.4772698148489,-32.3627157756938));
#1517=CARTESIAN_POINT('Ctrl Pts',(-3.24541170137292,14.622241544336,-31.3917352335122));
#1518=CARTESIAN_POINT('Ctrl Pts',(-3.34070600384494,16.0791041808715,-31.7502886420208));
#1519=CARTESIAN_POINT('Ctrl Pts',(-3.43600030631697,16.6455019045522,-33.1388147587626));
#1520=CARTESIAN_POINT('Ctrl Pts',(-3.531294608789,15.8541620771361,-34.413378334214));
#1521=CARTESIAN_POINT('Ctrl Pts',(-3.62658891126103,14.3580068839605,-34.5214318241295));
#1522=CARTESIAN_POINT('Ctrl Pts',(-3.72188321373305,13.391590004835,-33.3742241815526));
#1523=CARTESIAN_POINT('Ctrl Pts',(-3.81717751620508,13.7523363339941,-31.9181712129846));
#1524=CARTESIAN_POINT('Ctrl Pts',(-3.9124718186771,15.1425705017278,-31.3547973172458));
#1525=CARTESIAN_POINT('Ctrl Pts',(-4.00776612114913,16.4151839333303,-32.1489529789281));
#1526=CARTESIAN_POINT('Ctrl Pts',(-4.10306042362116,16.5200323166635,-33.645299788982));
#1527=CARTESIAN_POINT('Ctrl Pts',(-4.19835472609318,15.3707309889098,-34.609282349391));
#1528=CARTESIAN_POINT('Ctrl Pts',(-4.29364902856521,13.915341889278,-34.245175772967));
#1529=CARTESIAN_POINT('Ctrl Pts',(-4.38894333103724,13.3553278442217,-32.8540627554142));
#1530=CARTESIAN_POINT('Ctrl Pts',(-4.48423763350927,14.1515913699844,-31.5824599534253));
#1531=CARTESIAN_POINT('Ctrl Pts',(-4.57953193598129,15.6495100426253,-31.4824443307775));
#1532=CARTESIAN_POINT('Ctrl Pts',(-4.64306147096264,16.2874005810139,-32.2478755953665));
#1533=CARTESIAN_POINT('Ctrl Pts',(-4.67482623845332,16.3867986193335,-32.6837538010647));
#1534=CARTESIAN_POINT('Ctrl Pts',(-2.9995860716746,13.8660432625882,-33.6887277663577));
#1535=CARTESIAN_POINT('Ctrl Pts',(-3.03135083916527,13.6495725703937,-33.3323189855573));
#1536=CARTESIAN_POINT('Ctrl Pts',(-3.09488037414662,13.5796915625748,-32.4055807595706));
#1537=CARTESIAN_POINT('Ctrl Pts',(-3.19017467661865,14.6476503126381,-31.4999102181429));
#1538=CARTESIAN_POINT('Ctrl Pts',(-3.28546897909068,16.0065215932637,-31.8343466414363));
#1539=CARTESIAN_POINT('Ctrl Pts',(-3.3807632815627,16.5348223271969,-33.1294778467544));
#1540=CARTESIAN_POINT('Ctrl Pts',(-3.47605758403473,15.7967095238867,-34.3183118483808));
#1541=CARTESIAN_POINT('Ctrl Pts',(-3.57135188650675,14.4011885788236,-34.4190974547485));
#1542=CARTESIAN_POINT('Ctrl Pts',(-3.66664618897878,13.4997747397821,-33.3490531833686));
#1543=CARTESIAN_POINT('Ctrl Pts',(-3.76194049145081,13.8362565837061,-31.9909371109008));
#1544=CARTESIAN_POINT('Ctrl Pts',(-3.85723479392283,15.1329809532529,-31.4654568164826));
#1545=CARTESIAN_POINT('Ctrl Pts',(-3.95252909639486,16.3199959814203,-32.2061960556826));
#1546=CARTESIAN_POINT('Ctrl Pts',(-4.04782339886689,16.4177920627793,-33.6018957291078));
#1547=CARTESIAN_POINT('Ctrl Pts',(-4.14311770133891,15.3457949314757,-34.5010389863465));
#1548=CARTESIAN_POINT('Ctrl Pts',(-4.23841200381094,13.9882980748548,-34.1614229117891));
#1549=CARTESIAN_POINT('Ctrl Pts',(-4.33370630628297,13.4659516411624,-32.863878805536));
#1550=CARTESIAN_POINT('Ctrl Pts',(-4.429000608755,14.2086569654899,-31.6778064301094));
#1551=CARTESIAN_POINT('Ctrl Pts',(-4.52429491122702,15.6058227750305,-31.5845180487469));
#1552=CARTESIAN_POINT('Ctrl Pts',(-4.58782444620837,16.2008075807775,-32.2984649485153));
#1553=CARTESIAN_POINT('Ctrl Pts',(-4.61958921369905,16.2935199177101,-32.705025155854));
#1554=CARTESIAN_POINT('Ctrl Pts',(-2.94434904692033,13.9478155258843,-33.6390620471286));
#1555=CARTESIAN_POINT('Ctrl Pts',(-2.976113814411,13.7469550367645,-33.3083547291427));
#1556=CARTESIAN_POINT('Ctrl Pts',(-3.03964334939235,13.6821133103008,-32.4484457434474));
#1557=CARTESIAN_POINT('Ctrl Pts',(-3.13493765186438,14.6730590809402,-31.6080852027736));
#1558=CARTESIAN_POINT('Ctrl Pts',(-3.23023195433641,15.933939005656,-31.9184046408518));
#1559=CARTESIAN_POINT('Ctrl Pts',(-3.32552625680843,16.4241427498416,-33.1201409347463));
#1560=CARTESIAN_POINT('Ctrl Pts',(-3.42082055928046,15.7392569706374,-34.2232453625476));
#1561=CARTESIAN_POINT('Ctrl Pts',(-3.51611486175249,14.4443702736866,-34.3167630853674));
#1562=CARTESIAN_POINT('Ctrl Pts',(-3.61140916422451,13.6079594747292,-33.3238821851847));
#1563=CARTESIAN_POINT('Ctrl Pts',(-3.70670346669654,13.9201768334181,-32.063703008817));
#1564=CARTESIAN_POINT('Ctrl Pts',(-3.80199776916857,15.1233914047781,-31.5761163157193));
#1565=CARTESIAN_POINT('Ctrl Pts',(-3.89729207164059,16.2248080295103,-32.2634391324371));
#1566=CARTESIAN_POINT('Ctrl Pts',(-3.99258637411263,16.315551808895,-33.5584916692337));
#1567=CARTESIAN_POINT('Ctrl Pts',(-4.08788067658464,15.3208588740415,-34.392795623302));
#1568=CARTESIAN_POINT('Ctrl Pts',(-4.18317497905668,14.0612542604316,-34.0776700506112));
#1569=CARTESIAN_POINT('Ctrl Pts',(-4.2784692815287,13.5765754381032,-32.8736948556578));
#1570=CARTESIAN_POINT('Ctrl Pts',(-4.37376358400073,14.2657225609954,-31.7731529067936));
#1571=CARTESIAN_POINT('Ctrl Pts',(-4.46905788647275,15.5621355074358,-31.6865917667162));
#1572=CARTESIAN_POINT('Ctrl Pts',(-4.5325874214541,16.1142145805412,-32.3490543016641));
#1573=CARTESIAN_POINT('Ctrl Pts',(-4.56435218894478,16.2002412160868,-32.7262965106434));
#1574=CARTESIAN_POINT('Ctrl Pts',(-2.88911202216606,14.0295877891804,-33.5893963278995));
#1575=CARTESIAN_POINT('Ctrl Pts',(-2.92087678965673,13.8443375031352,-33.2843904727282));
#1576=CARTESIAN_POINT('Ctrl Pts',(-2.98440632463808,13.7845350580267,-32.4913107273242));
#1577=CARTESIAN_POINT('Ctrl Pts',(-3.07970062711011,14.6984678492422,-31.7162601874043));
#1578=CARTESIAN_POINT('Ctrl Pts',(-3.17499492958214,15.8613564180483,-32.0024626402674));
#1579=CARTESIAN_POINT('Ctrl Pts',(-3.27028923205416,16.3134631724863,-33.110804022738));
#1580=CARTESIAN_POINT('Ctrl Pts',(-3.36558353452619,15.681804417388,-34.1281788767144));
#1581=CARTESIAN_POINT('Ctrl Pts',(-3.46087783699822,14.4875519685497,-34.2144287159863));
#1582=CARTESIAN_POINT('Ctrl Pts',(-3.55617213947024,13.7161442096763,-33.2987111870008));
#1583=CARTESIAN_POINT('Ctrl Pts',(-3.65146644194227,14.0040970831301,-32.1364689067331));
#1584=CARTESIAN_POINT('Ctrl Pts',(-3.7467607444143,15.1138018563032,-31.6867758149559));
#1585=CARTESIAN_POINT('Ctrl Pts',(-3.84205504688633,16.1296200776002,-32.3206822091916));
#1586=CARTESIAN_POINT('Ctrl Pts',(-3.93734934935835,16.2133115550108,-33.5150876093596));
#1587=CARTESIAN_POINT('Ctrl Pts',(-4.03264365183038,15.2959228166074,-34.2845522602575));
#1588=CARTESIAN_POINT('Ctrl Pts',(-4.12793795430241,14.1342104460084,-33.9939171894334));
#1589=CARTESIAN_POINT('Ctrl Pts',(-4.22323225677443,13.6871992350439,-32.8835109057796));
#1590=CARTESIAN_POINT('Ctrl Pts',(-4.31852655924646,14.3227881565009,-31.8684993834778));
#1591=CARTESIAN_POINT('Ctrl Pts',(-4.41382086171849,15.518448239841,-31.7886654846857));
#1592=CARTESIAN_POINT('Ctrl Pts',(-4.47735039669984,16.0276215803048,-32.3996436548129));
#1593=CARTESIAN_POINT('Ctrl Pts',(-4.50911516419051,16.1069625144634,-32.7475678654327));
#1594=CARTESIAN_POINT('Ctrl Pts',(-4.50911516419051,16.1069625144634,-32.7475678654327));
#1595=CARTESIAN_POINT('Ctrl Pts',(-4.51214410185258,16.1091717590503,-32.705680756508));
#1596=CARTESIAN_POINT('Ctrl Pts',(-4.51591154611433,16.1102040769259,-32.6640227260454));
#1597=CARTESIAN_POINT('Ctrl Pts',(-4.52042218803949,16.1103127238629,-32.622511238535));
#1598=CARTESIAN_POINT('Ctrl Pts',(-4.52533494893691,16.1104310565598,-32.5772990456768));
#1599=CARTESIAN_POINT('Ctrl Pts',(-4.53112932466317,16.1094526009425,-32.5322602631606));
#1600=CARTESIAN_POINT('Ctrl Pts',(-4.53781137606303,16.1076433394256,-32.4873071068687));
#1601=CARTESIAN_POINT('Ctrl Pts',(-4.54453598575638,16.1058225546388,-32.4420676418515));
#1602=CARTESIAN_POINT('Ctrl Pts',(-4.55215961442626,16.1031585661316,-32.3969149352453));
#1603=CARTESIAN_POINT('Ctrl Pts',(-4.56068843946196,16.0998867916033,-32.3517804950544));
#1604=CARTESIAN_POINT('Ctrl Pts',(-4.57027051069935,16.0962109773533,-32.3010722885477));
#1605=CARTESIAN_POINT('Ctrl Pts',(-4.58095448287678,16.0918049758746,-32.2506628068621));
#1606=CARTESIAN_POINT('Ctrl Pts',(-4.59271663817764,16.0870789814332,-32.2005768147011));
#1607=CARTESIAN_POINT('Ctrl Pts',(-4.60286510245552,16.0830013626177,-32.157362294125));
#1608=CARTESIAN_POINT('Ctrl Pts',(-4.61381620408418,16.0786851443843,-32.1143894671779));
#1609=CARTESIAN_POINT('Ctrl Pts',(-4.62555470902819,16.0744213731487,-32.0716897371728));
#1610=CARTESIAN_POINT('Ctrl Pts',(-3.57927427122711,13.8646686102881,-33.0007776656862));
#1611=CARTESIAN_POINT('Ctrl Pts',(-3.60333832813216,13.8667166408444,-32.730435685963));
#1612=CARTESIAN_POINT('Ctrl Pts',(-3.62740238503722,13.9645849878775,-32.4587529374928));
#1613=CARTESIAN_POINT('Ctrl Pts',(-3.65146644194227,14.1410557330833,-32.2552271048149));
#1614=CARTESIAN_POINT('Ctrl Pts',(-3.68323120943295,14.3739986741878,-31.9865712094741));
#1615=CARTESIAN_POINT('Ctrl Pts',(-3.71499597692362,14.7439002652455,-31.836673512215));
#1616=CARTESIAN_POINT('Ctrl Pts',(-3.7467607444143,15.0981540976572,-31.8673757292914));
#1617=CARTESIAN_POINT('Ctrl Pts',(-3.77852551190497,15.4524079300689,-31.8980779463678));
#1618=CARTESIAN_POINT('Ctrl Pts',(-3.81029027939565,15.7910140038346,-32.1093800777797));
#1619=CARTESIAN_POINT('Ctrl Pts',(-3.84205504688632,15.9742656202858,-32.4140987101803));
#1620=CARTESIAN_POINT('Ctrl Pts',(-3.873819814377,16.1575172367371,-32.718817342581));
#1621=CARTESIAN_POINT('Ctrl Pts',(-3.90558458186768,16.1854143958739,-33.1169524759703));
#1622=CARTESIAN_POINT('Ctrl Pts',(-3.93734934935835,16.0464648523751,-33.4442641511479));
#1623=CARTESIAN_POINT('Ctrl Pts',(-3.96911411684903,15.9075153088763,-33.7715758263256));
#1624=CARTESIAN_POINT('Ctrl Pts',(-4.0008788843397,15.6017190627419,-34.0280640432915));
#1625=CARTESIAN_POINT('Ctrl Pts',(-4.03264365183038,15.2552022112415,-34.1078689733038));
#1626=CARTESIAN_POINT('Ctrl Pts',(-4.06440841932105,14.9086853597411,-34.1876739033161));
#1627=CARTESIAN_POINT('Ctrl Pts',(-4.09617318681173,14.5214479028748,-34.0907955463747));
#1628=CARTESIAN_POINT('Ctrl Pts',(-4.12793795430241,14.2533273059475,-33.8572886539618));
#1629=CARTESIAN_POINT('Ctrl Pts',(-4.15671672661064,14.0104109486223,-33.645732196288));
#1630=CARTESIAN_POINT('Ctrl Pts',(-4.18549549891887,13.8652692708242,-33.3220269523146));
#1631=CARTESIAN_POINT('Ctrl Pts',(-4.21427427122711,13.8635014566587,-32.9996030341931));
#1632=CARTESIAN_POINT('',(-3.00000011920929,13.7681205027683,-32.9999873229279));
#1633=CARTESIAN_POINT('Ctrl Pts',(-3.00000011920929,13.7681002235174,-33.0000004917384));
#1634=CARTESIAN_POINT('Ctrl Pts',(-3.00000011920929,13.780280756934,-32.9142794819225));
#1635=CARTESIAN_POINT('Ctrl Pts',(-3.00221010404511,13.797820005014,-32.8294093088271));
#1636=CARTESIAN_POINT('Ctrl Pts',(-3.00874881166087,13.8337012689969,-32.70095565541));
#1637=CARTESIAN_POINT('Ctrl Pts',(-3.01161346351159,13.8478701664493,-32.656603410911));
#1638=CARTESIAN_POINT('Ctrl Pts',(-3.01594953259004,13.8681062197154,-32.6007669260092));
#1639=CARTESIAN_POINT('Ctrl Pts',(-3.0169310205732,13.8726256621134,-32.5887004522624));
#1640=CARTESIAN_POINT('Ctrl Pts',(-3.01855494561552,13.880020754032,-32.5695882014151));
#1641=CARTESIAN_POINT('Ctrl Pts',(-3.01917182043317,13.8828124841571,-32.5625079635001));
#1642=CARTESIAN_POINT('Ctrl Pts',(-3.02034905769489,13.8881110304135,-32.5493197306499));
#1643=CARTESIAN_POINT('Ctrl Pts',(-3.0209061054545,13.890606702301,-32.5432069872401));
#1644=CARTESIAN_POINT('Ctrl Pts',(-3.02216785727792,13.8962365430586,-32.5296364865782));
#1645=CARTESIAN_POINT('Ctrl Pts',(-3.02287753113412,13.8993877822215,-32.5221862770313));
#1646=CARTESIAN_POINT('Ctrl Pts',(-3.02498516627226,13.9087082430415,-32.50057138112));
#1647=CARTESIAN_POINT('Ctrl Pts',(-3.02642155697558,13.9150131852413,-32.486468819107));
#1648=CARTESIAN_POINT('Ctrl Pts',(-3.03117086151694,13.9357567622761,-32.4417065288681));
#1649=CARTESIAN_POINT('Ctrl Pts',(-3.03467586466595,13.9509135858749,-32.4113951890562));
#1650=CARTESIAN_POINT('Ctrl Pts',(-3.0459634616642,13.99976086324,-32.3208304926159));
#1651=CARTESIAN_POINT('Ctrl Pts',(-3.05442326166207,14.0363823908529,-32.2621295410345));
#1652=CARTESIAN_POINT('Ctrl Pts',(-3.08328250062363,14.1667132350352,-32.082605535037));
#1653=CARTESIAN_POINT('Ctrl Pts',(-3.10456563843007,14.270861791267,-31.979835753996));
#1654=CARTESIAN_POINT('Ctrl Pts',(-3.12646134827859,14.4164993701256,-31.8823604254796));
#1655=CARTESIAN_POINT('Ctrl Pts',(-3.1310927139651,14.4503942484223,-31.8624290183693));
#1656=CARTESIAN_POINT('Ctrl Pts',(-3.1366515248934,14.4970208892424,-31.8390199642307));
#1657=CARTESIAN_POINT('Ctrl Pts',(-3.13797672633416,14.5086701998618,-31.8334852022526));
#1658=CARTESIAN_POINT('Ctrl Pts',(-3.14077999777257,14.5346486438081,-31.8218567897636));
#1659=CARTESIAN_POINT('Ctrl Pts',(-3.14223271074344,14.5490303381479,-31.8158853970492));
#1660=CARTESIAN_POINT('Ctrl Pts',(-3.14409823689,14.5689667975292,-31.8082700720291));
#1661=CARTESIAN_POINT('Ctrl Pts',(-3.14458954506712,14.5743737795948,-31.8062701385958));
#1662=CARTESIAN_POINT('Ctrl Pts',(-3.14538164320242,14.5833660295077,-31.8030538868254));
#1663=CARTESIAN_POINT('Ctrl Pts',(-3.14568985734281,14.5869384757968,-31.8018045683256));
#1664=CARTESIAN_POINT('Ctrl Pts',(-3.14628117513284,14.5939417589872,-31.7994115269761));
#1665=CARTESIAN_POINT('Ctrl Pts',(-3.14656477314899,14.5973716410251,-31.7982656297083));
#1666=CARTESIAN_POINT('Ctrl Pts',(-3.14722190512461,14.6054935869493,-31.7956143051944));
#1667=CARTESIAN_POINT('Ctrl Pts',(-3.14759076519568,14.6101923400151,-31.7941291616484));
#1668=CARTESIAN_POINT('Ctrl Pts',(-3.14877536033076,14.6257693476018,-31.7893684067662));
#1669=CARTESIAN_POINT('Ctrl Pts',(-3.14954586001401,14.6367067575812,-31.7862863473842));
#1670=CARTESIAN_POINT('Ctrl Pts',(-3.15169999251919,14.6700476442406,-31.7776989536004));
#1671=CARTESIAN_POINT('Ctrl Pts',(-3.15289582476459,14.6926266773769,-31.772973983714));
#1672=CARTESIAN_POINT('Ctrl Pts',(-3.15586708049796,14.7659433376046,-31.7612736098242));
#1673=CARTESIAN_POINT('Ctrl Pts',(-3.15654537965757,14.8168886787554,-31.7586479770094));
#1674=CARTESIAN_POINT('Ctrl Pts',(-3.15478053496357,14.9327311228222,-31.7655520144102));
#1675=CARTESIAN_POINT('Ctrl Pts',(-3.15147486951944,14.9960062029214,-31.7784160318527));
#1676=CARTESIAN_POINT('Ctrl Pts',(-3.14077338424724,15.1223027297429,-31.8216779988561));
#1677=CARTESIAN_POINT('Ctrl Pts',(-3.13323886821033,15.1838844847699,-31.8527720086526));
#1678=CARTESIAN_POINT('Ctrl Pts',(-3.12464979353856,15.2410988390625,-31.8905144837228));
#1679=CARTESIAN_POINT('Ctrl Pts',(-3.05482309642886,13.7842709992921,-33.7383934855868));
#1680=CARTESIAN_POINT('Ctrl Pts',(-3.04382372083689,13.7718159467973,-33.6647282965946));
#1681=CARTESIAN_POINT('Ctrl Pts',(-3.03444140590814,13.762533373091,-33.5904880825891));
#1682=CARTESIAN_POINT('Ctrl Pts',(-3.02671087492347,13.7565556733632,-33.5158415559154));
#1683=CARTESIAN_POINT('Ctrl Pts',(-3.02081596207532,13.7519973811841,-33.4589198813202));
#1684=CARTESIAN_POINT('Ctrl Pts',(-3.01588153153036,13.7493582930078,-33.4017609765459));
#1685=CARTESIAN_POINT('Ctrl Pts',(-3.01192297989269,13.7487180059955,-33.3444173224379));
#1686=CARTESIAN_POINT('Ctrl Pts',(-3.00992417929567,13.7483947043994,-33.3154626590767));
#1687=CARTESIAN_POINT('Ctrl Pts',(-3.00817418549725,13.7485815654737,-33.2864605662122));
#1688=CARTESIAN_POINT('Ctrl Pts',(-3.00667498059219,13.7492939526351,-33.2574161431353));
#1689=CARTESIAN_POINT('Ctrl Pts',(-3.00362032790233,13.7507454522608,-33.1982376914253));
#1690=CARTESIAN_POINT('Ctrl Pts',(-3.00163185776246,13.754359793551,-33.1392901771778));
#1691=CARTESIAN_POINT('Ctrl Pts',(-3.00067318026675,13.7602395972719,-33.0807026562707));
#1692=CARTESIAN_POINT('Ctrl Pts',(-3.00022494829251,13.7629887136762,-33.0533099196315));
#1693=CARTESIAN_POINT('Ctrl Pts',(-3.00000183440368,13.7662336979865,-33.0259958328135));
#1694=CARTESIAN_POINT('Ctrl Pts',(-3.00000011920929,13.7699891815413,-32.9987738522404));
#1695=CARTESIAN_POINT('Origin',(-8.00000011920929,23.,-33.0000004917383));
#1696=CARTESIAN_POINT('',(-8.0110428804161,3.,-28.0000126860107));
#1697=CARTESIAN_POINT('',(-8.0110428804161,23.,-28.0000126860107));
#1698=CARTESIAN_POINT('',(-8.01104288041634,23.,-28.0000126860107));
#1699=CARTESIAN_POINT('',(-3.00000011920929,3.,-33.0000004917383));
#1700=CARTESIAN_POINT('Origin',(-8.00000011920929,3.,-33.0000004917383));
#1701=CARTESIAN_POINT('',(-3.00000011920929,23.,-33.0000004917383));
#1702=CARTESIAN_POINT('',(-3.00000011920929,29.,-33.0000004917383));
#1703=CARTESIAN_POINT('',(-3.00000011920929,23.,-33.0000004917383));
#1704=CARTESIAN_POINT('Origin',(-8.00000011920929,29.,-33.0000004917383));
#1705=CARTESIAN_POINT('',(-12.4737829857813,3.,-30.7672293743224));
#1706=CARTESIAN_POINT('Origin',(-8.00000011920929,3.,-33.0000004917383));
#1707=CARTESIAN_POINT('',(-12.4737829857813,23.,-30.7672293743224));
#1708=CARTESIAN_POINT('',(-12.4737829857812,23.,-30.7672293743221));
#1709=CARTESIAN_POINT('Origin',(-8.00000011920929,23.,-33.0000004917383));
#1710=CARTESIAN_POINT('Origin',(0.,15.0000002235174,-33.0000004917383));
#1711=CARTESIAN_POINT('Origin',(-8.00000011920929,29.,-33.0000004917383));
#1712=CARTESIAN_POINT('',(-4.50000011920929,29.,-33.0000004917383));
#1713=CARTESIAN_POINT('Origin',(-8.00000011920929,29.,-33.0000004917383));
#1714=CARTESIAN_POINT('Origin',(-8.00000011920929,23.,-33.0000004917383));
#1715=CARTESIAN_POINT('',(-4.50000011920929,23.,-33.0000004917383));
#1716=CARTESIAN_POINT('',(-4.50000011920929,3.,-33.0000004917383));
#1717=CARTESIAN_POINT('',(-4.50000011920929,23.,-33.0000004917383));
#1718=CARTESIAN_POINT('Origin',(-8.00000011920929,3.,-33.0000004917383));
#1719=CARTESIAN_POINT('Origin',(-12.8464769314976,3.,-25.1840002011657));
#1720=CARTESIAN_POINT('Origin',(-12.8464769314976,3.,-25.1840002011657));
#1721=CARTESIAN_POINT('',(-10.0000001490117,23.0000002682209,-20.36643663605));
#1722=CARTESIAN_POINT('Origin',(-12.8464769314976,23.,-25.1840002011657));
#1723=CARTESIAN_POINT('',(-10.0000001490116,18.5000002086163,-20.3664366360503));
#1724=CARTESIAN_POINT('',(-10.0000001490116,3.,-20.3664366360503));
#1725=CARTESIAN_POINT('',(-13.5000002384186,18.5000002086163,-19.6266396707997));
#1726=CARTESIAN_POINT('Origin',(-12.8464769314976,18.5000002086163,-25.1840002011657));
#1727=CARTESIAN_POINT('',(-13.5000002384186,23.,-19.6266396707997));
#1728=CARTESIAN_POINT('',(-13.5000002384186,3.,-19.6266396707997));
#1729=CARTESIAN_POINT('Origin',(-12.8464769314976,23.,-25.1840002011657));
#1730=CARTESIAN_POINT('Origin',(-12.8464769314976,12.,25.1840002011657));
#1731=CARTESIAN_POINT('',(-9.14121849526907,12.,25.1840002011657));
#1732=CARTESIAN_POINT('Origin',(-12.8464769314976,12.,25.1840002011657));
#1733=CARTESIAN_POINT('',(-15.6561924527623,12.,25.1840002011657));
#1734=CARTESIAN_POINT('Origin',(-12.8464769314976,12.,25.1840002011657));
#1735=CARTESIAN_POINT('Origin',(-12.8464769314976,12.,-25.1840002011657));
#1736=CARTESIAN_POINT('',(-9.14121849526907,12.,-25.1840002011657));
#1737=CARTESIAN_POINT('Origin',(-12.8464769314976,12.,-25.1840002011657));
#1738=CARTESIAN_POINT('',(-15.6561924527623,12.,-25.1840002011657));
#1739=CARTESIAN_POINT('Origin',(-12.8464769314976,12.,-25.1840002011657));
#1740=CARTESIAN_POINT('Origin',(-12.8464769314976,19.5000002086163,25.1840002011657));
#1741=CARTESIAN_POINT('',(-13.5000002384186,18.5000002086163,19.6266396707997));
#1742=CARTESIAN_POINT('',(-13.5000002384186,20.5000002086163,17.6165122504954));
#1743=CARTESIAN_POINT('Ctrl Pts',(-13.5000002384186,18.5000002086163,19.6266396707997));
#1744=CARTESIAN_POINT('Ctrl Pts',(-13.5000002384186,19.3468458751252,18.7739586722556));
#1745=CARTESIAN_POINT('Ctrl Pts',(-13.5000002384186,20.5000002086163,17.6165122504954));
#1746=CARTESIAN_POINT('',(-10.0000001490116,20.5000002086163,18.1418743486268));
#1747=CARTESIAN_POINT('Origin',(-12.8464769314976,20.5000002086163,25.1840002011657));
#1748=CARTESIAN_POINT('',(-10.0000001490116,18.5000002086163,20.3664366360503));
#1749=CARTESIAN_POINT('Ctrl Pts',(-10.0000001490116,20.5000002086163,18.1418743486268));
#1750=CARTESIAN_POINT('Ctrl Pts',(-10.0000001490116,19.3124268068952,19.4227939726198));
#1751=CARTESIAN_POINT('Ctrl Pts',(-10.0000001490116,18.5000002086163,20.3664366360503));
#1752=CARTESIAN_POINT('Origin',(-12.8464769314976,18.5000002086163,25.1840002011657));
#1753=CARTESIAN_POINT('Origin',(-10.0000001490116,20.5000002086163,0.));
#1754=CARTESIAN_POINT('',(-13.5000002384186,20.5000002086163,-17.6165122504954));
#1755=CARTESIAN_POINT('',(-13.5000002384186,20.5000002086163,0.));
#1756=CARTESIAN_POINT('',(-10.0000001490116,20.5000002086163,-18.1418743486268));
#1757=CARTESIAN_POINT('Origin',(-12.8464769314976,20.5000002086163,-25.1840002011657));
#1758=CARTESIAN_POINT('',(-10.0000001490116,20.5000002086163,0.));
#1759=CARTESIAN_POINT('Origin',(-12.8464769314976,19.5000002086163,-25.1840002011657));
#1760=CARTESIAN_POINT('Ctrl Pts',(-10.0000001490116,18.5000002086163,-20.3664366360503));
#1761=CARTESIAN_POINT('Ctrl Pts',(-10.0000001490116,19.3124268068952,-19.4227939726198));
#1762=CARTESIAN_POINT('Ctrl Pts',(-10.0000001490116,20.5000002086163,-18.1418743486268));
#1763=CARTESIAN_POINT('Ctrl Pts',(-13.5000002384186,20.5000002086163,-17.6165122504954));
#1764=CARTESIAN_POINT('Ctrl Pts',(-13.5000002384186,19.3468458751252,-18.7739586722556));
#1765=CARTESIAN_POINT('Ctrl Pts',(-13.5000002384186,18.5000002086163,-19.6266396707997));
#1766=CARTESIAN_POINT('Origin',(-12.8464769314976,23.,25.1840002011657));
#1767=CARTESIAN_POINT('',(-13.5000002384186,23.,19.6266396707997));
#1768=CARTESIAN_POINT('',(-7.25082247673013,23.0000002682209,25.1840002011657));
#1769=CARTESIAN_POINT('Origin',(-12.8464769314976,23.,25.1840002011657));
#1770=CARTESIAN_POINT('',(-10.0000001490117,23.0000002682209,20.36643663605));
#1771=CARTESIAN_POINT('Origin',(-12.8464769314976,23.,25.1840002011657));
#1772=CARTESIAN_POINT('',(-10.0000001490116,23.,5.2874000745));
#1773=CARTESIAN_POINT('',(-10.0000001490116,23.0000002682209,0.));
#1774=CARTESIAN_POINT('',(-13.5000002384186,23.,5.2874000745));
#1775=CARTESIAN_POINT('',(-11.4232385402546,23.,5.2874000745));
#1776=CARTESIAN_POINT('',(-13.5000002384186,23.,12.5920001005828));
#1777=CARTESIAN_POINT('',(-9.14121849526907,23.,25.1840002011657));
#1778=CARTESIAN_POINT('Origin',(-12.8464769314976,23.,25.1840002011657));
#1779=CARTESIAN_POINT('Origin',(-12.8464769314976,3.,25.1840002011657));
#1780=CARTESIAN_POINT('',(-15.6561924527623,3.,25.1840002011657));
#1781=CARTESIAN_POINT('',(-15.6561924527623,3.,25.1840002011657));
#1782=CARTESIAN_POINT('Origin',(-12.8464769314976,3.,25.1840002011657));
#1783=CARTESIAN_POINT('Origin',(-12.8464769314976,3.,-25.1840002011657));
#1784=CARTESIAN_POINT('',(-15.6561924527623,3.,-25.1840002011657));
#1785=CARTESIAN_POINT('',(-15.6561924527623,3.,-25.1840002011657));
#1786=CARTESIAN_POINT('Origin',(-12.8464769314976,3.,-25.1840002011657));
#1787=CARTESIAN_POINT('Origin',(-12.8464769314976,23.,25.1840002011657));
#1788=CARTESIAN_POINT('',(-13.5000002384186,23.,-5.2874000745));
#1789=CARTESIAN_POINT('',(-13.5000002384186,23.,12.5920001005828));
#1790=CARTESIAN_POINT('',(-10.0000001490116,23.,-5.2874000745));
#1791=CARTESIAN_POINT('',(-14.4232385849581,23.,-5.2874000745));
#1792=CARTESIAN_POINT('',(-10.0000001490116,23.0000002682209,0.));
#1793=CARTESIAN_POINT('',(-9.14121849526907,23.,-25.1840002011657));
#1794=CARTESIAN_POINT('Origin',(-12.8464769314976,23.,-25.1840002011657));
#1795=CARTESIAN_POINT('Origin',(-16.0000002384186,23.,-5.2874000745));
#1796=CARTESIAN_POINT('',(-13.5000002384186,22.,-5.2874000745));
#1797=CARTESIAN_POINT('',(-13.5000002384186,18.5000001043081,-5.2874000745));
#1798=CARTESIAN_POINT('',(-10.0000001490116,22.,-5.2874000745));
#1799=CARTESIAN_POINT('',(-16.0000002384186,22.,-5.2874000745));
#1800=CARTESIAN_POINT('',(-10.0000001490116,20.5000001341105,-5.2874000745));
#1801=CARTESIAN_POINT('Origin',(-13.5000002384186,21.5000001564622,-0.143699999997097));
#1802=CARTESIAN_POINT('',(-13.5000002384186,3.,19.6266396707997));
#1803=CARTESIAN_POINT('',(-13.5000002384186,22.,5.2874000745));
#1804=CARTESIAN_POINT('',(-13.5000002384186,18.5000001043081,5.2874000745));
#1805=CARTESIAN_POINT('',(-13.5000002384186,22.,0.6274));
#1806=CARTESIAN_POINT('',(-13.5000002384186,22.,0.));
#1807=CARTESIAN_POINT('',(-13.5000002384186,21.5,0.6274));
#1808=CARTESIAN_POINT('',(-13.5000002384186,22.2500000782311,0.6274));
#1809=CARTESIAN_POINT('',(-13.5000002384186,21.5,-0.6274));
#1810=CARTESIAN_POINT('',(-13.5000002384186,21.5,-0.0718499999985482));
#1811=CARTESIAN_POINT('',(-13.5000002384186,22.,-0.6274));
#1812=CARTESIAN_POINT('',(-13.5000002384186,22.2500000782311,-0.6274));
#1813=CARTESIAN_POINT('',(-13.5000002384186,22.,-0.0718499999985484));
#1814=CARTESIAN_POINT('Origin',(-16.0000002384186,23.,-0.6274));
#1815=CARTESIAN_POINT('',(-11.0000002384186,21.5,-0.6274));
#1816=CARTESIAN_POINT('',(-14.7500002384186,21.5,-0.6274));
#1817=CARTESIAN_POINT('',(-11.0000002384186,22.,-0.6274));
#1818=CARTESIAN_POINT('',(-11.0000002384186,23.,-0.6274));
#1819=CARTESIAN_POINT('',(-14.5000002160668,22.,-0.6274));
#1820=CARTESIAN_POINT('Origin',(-13.5000002384186,21.5,2.77555756156289E-16));
#1821=CARTESIAN_POINT('',(-11.0000002384186,21.5,0.6274));
#1822=CARTESIAN_POINT('',(-12.2500002384186,21.5,0.6274));
#1823=CARTESIAN_POINT('',(-11.0000002384186,21.5,0.7874));
#1824=CARTESIAN_POINT('Origin',(-11.0000002384186,23.,0.6274));
#1825=CARTESIAN_POINT('',(-11.0000002384186,22.,0.6274));
#1826=CARTESIAN_POINT('',(-12.0000002160668,22.,0.6274));
#1827=CARTESIAN_POINT('',(-11.0000002384186,23.,0.6274));
#1828=CARTESIAN_POINT('Origin',(-13.0000001937151,22.,0.));
#1829=CARTESIAN_POINT('',(-10.0000001490116,22.,5.2874000745));
#1830=CARTESIAN_POINT('',(-10.0000001490116,22.,5.2874000745));
#1831=CARTESIAN_POINT('',(-10.0000001490116,22.,0.));
#1832=CARTESIAN_POINT('',(-11.0000002384186,22.,-0.3937));
#1833=CARTESIAN_POINT('Origin',(-10.0000001490116,23.,5.2874000745));
#1834=CARTESIAN_POINT('',(-10.0000001490116,20.5000001341105,5.2874000745));
#1835=CARTESIAN_POINT('Origin',(-11.0000002384186,23.,-0.7874));
#1836=CARTESIAN_POINT('Origin',(-10.0000001490116,18.0000002682209,0.));
#1837=CARTESIAN_POINT('',(-10.0000001490116,3.,20.3664366360503));
#1838=CARTESIAN_POINT('Origin',(-12.8464769314976,3.,-25.1840002011657));
#1839=CARTESIAN_POINT('',(-9.14121849526907,3.,-25.1840002011657));
#1840=CARTESIAN_POINT('Origin',(-12.8464769314976,3.,-25.1840002011657));
#1841=CARTESIAN_POINT('Origin',(-12.8464769314976,3.,25.1840002011657));
#1842=CARTESIAN_POINT('',(-7.25082247673013,3.,25.1840002011657));
#1843=CARTESIAN_POINT('',(-7.25082247673013,3.,25.1840002011657));
#1844=CARTESIAN_POINT('Origin',(-12.8464769314976,3.,25.1840002011657));
#1845=CARTESIAN_POINT('Origin',(-12.8464769314976,3.,25.1840002011657));
#1846=CARTESIAN_POINT('',(-9.14121849526907,3.,25.1840002011657));
#1847=CARTESIAN_POINT('Origin',(-12.8464769314976,3.,25.1840002011657));
#1848=UNCERTAINTY_MEASURE_WITH_UNIT(LENGTH_MEASURE(0.01),#1852,
'DISTANCE_ACCURACY_VALUE',
'Maximum model space distance between geometric entities at asserted c
onnectivities');
#1849=UNCERTAINTY_MEASURE_WITH_UNIT(LENGTH_MEASURE(0.01),#1852,
'DISTANCE_ACCURACY_VALUE',
'Maximum model space distance between geometric entities at asserted c
onnectivities');
#1850=(
GEOMETRIC_REPRESENTATION_CONTEXT(3)
GLOBAL_UNCERTAINTY_ASSIGNED_CONTEXT((#1848))
GLOBAL_UNIT_ASSIGNED_CONTEXT((#1852,#1854,#1855))
REPRESENTATION_CONTEXT('','3D')
);
#1851=(
GEOMETRIC_REPRESENTATION_CONTEXT(3)
GLOBAL_UNCERTAINTY_ASSIGNED_CONTEXT((#1849))
GLOBAL_UNIT_ASSIGNED_CONTEXT((#1852,#1854,#1855))
REPRESENTATION_CONTEXT('','3D')
);
#1852=(
LENGTH_UNIT()
NAMED_UNIT(*)
SI_UNIT(.MILLI.,.METRE.)
);
#1853=(
LENGTH_UNIT()
NAMED_UNIT(*)
SI_UNIT($,.METRE.)
);
#1854=(
NAMED_UNIT(*)
PLANE_ANGLE_UNIT()
SI_UNIT($,.RADIAN.)
);
#1855=(
NAMED_UNIT(*)
SI_UNIT($,.STERADIAN.)
SOLID_ANGLE_UNIT()
);
#1856=SHAPE_DEFINITION_REPRESENTATION(#1857,#1858);
#1857=PRODUCT_DEFINITION_SHAPE('',$,#1860);
#1858=SHAPE_REPRESENTATION('',(#768),#1850);
#1859=PRODUCT_DEFINITION_CONTEXT('part definition',#1864,'design');
#1860=PRODUCT_DEFINITION('FusionComponent','FusionComponent',#1861,#1859);
#1861=PRODUCT_DEFINITION_FORMATION('',$,#1866);
#1862=PRODUCT_RELATED_PRODUCT_CATEGORY('FusionComponent',
'FusionComponent',(#1866));
#1863=APPLICATION_PROTOCOL_DEFINITION('international standard',
'automotive_design',2009,#1864);
#1864=APPLICATION_CONTEXT(
'Core Data for Automotive Mechanical Design Process');
#1865=PRODUCT_CONTEXT('part definition',#1864,'mechanical');
#1866=PRODUCT('FusionComponent','FusionComponent',$,(#1865));
#1867=PRESENTATION_STYLE_ASSIGNMENT((#1868));
#1868=SURFACE_STYLE_USAGE(.BOTH.,#1869);
#1869=SURFACE_SIDE_STYLE('',(#1870));
#1870=SURFACE_STYLE_FILL_AREA(#1871);
#1871=FILL_AREA_STYLE('Steel - Satin',(#1872));
#1872=FILL_AREA_STYLE_COLOUR('Steel - Satin',#1873);
#1873=COLOUR_RGB('Steel - Satin',0.627450980392157,0.627450980392157,0.627450980392157);
ENDSEC;
END-ISO-10303-21;
